-0.869009864865551,0.234326054109131,-0.82500089635302,0.515853761540445,-0.70666371627811,-0.771532465021683,-0.172568883905287,0.131607087075129,-0.371633366746081
-0.188424528837581,0.823897434070909,-0.663768953958406,0.663780589286107,1.56849437430363,-0.0554381634328591,-1.26280439825215,-2.1133810189337,0.39165899526192
-0.582973013362876,-1.54885040426252,-0.262913875703534,-1.4315280338253,4.26040333178647,-2.2660019804014,-5.27678467285968,-0.703705597614082,4.60977350443847
-0.543099151455167,1.01808873729336,-1.03097423215624,-0.190688235692925,2.84122844919355,-1.20711633038406,-3.92995723358125,-1.71354509544711,4.28524873341352
-0.0613822597244505,-0.94958617287145,0.769019957440485,-0.739213540958972,-0.135011546000314,0.169545288900613,-0.0583645685159542,0.929036019945173,-1.70263984226384
-0.418070599614744,0.059888811827584,-0.409097888402847,0.483040394413049,1.90689687242176,-0.0604829116077357,-2.02051536958645,-2.0382421722709,3.52786143612257
-0.802429886748704,0.0195085402984422,1.12342105216573,2.31627050525765,-0.239590805196217,2.16197696641749,2.64466511309877,-2.15618983326023,0.88498748550609
-0.76791746843575,1.44460477861193,-1.76930884058698,-2.32369941348594,1.16653662046074,-1.13697860951005,-3.97904762402514,0.253025099450817,1.09873207949305
-0.546367076518219,-0.535389720157175,0.982549897982092,1.16851808543994,-0.604069442230787,1.55776582426944,0.887606844001079,-1.14894188488663,1.15755121631897
0.822389664135696,4.84965471935291,-2.15371713695315,-0.131339541625419,1.19509294311549,-0.0104642459695619,0.259407007323301,-1.24435869225509,1.61488961340992
-0.349360446372338,-1.55451495799051,0.405383064210411,-1.09974345406502,-0.362247162398993,-0.153332110248936,-0.863098932802522,-0.390368500946717,2.02569184463471
1.34401885842607,-0.330467314144326,-0.246345691123564,2.314321287158,0.541497783582707,1.73977245141235,2.25558126934773,-1.88338588288839,-0.19787036401512
-0.502336670865516,0.851819030175018,-1.5959689099925,-0.713425299038199,0.77698033591856,-1.18938050532564,-7.52173017052893,-1.16689414870903,4.32849102387443
0.021708382587581,0.452358412359143,-0.161066009064223,2.49989218016516,-0.530078795880095,1.94354909986088,1.36441663230485,-2.08587534877668,1.01770003229475
0.384355396663378,1.514316853975,-0.609767508181269,0.926574024409662,0.3656765518204,0.23900980635075,0.0882077394560139,0.188637772204014,-0.235866668194669
-0.692791096236164,1.05471614619451,-0.962118856275922,1.05257491403041,1.12515180254263,0.706018207786157,-0.729777185927554,-4.5910866889738,-0.835791067414097
-0.00456288463721246,-0.107067732362223,0.965641881225912,1.51468989364472,3.30307457252423,2.07352033975844,-1.43468755691447,-2.53826844262318,3.69862050839202
-0.172373449659961,0.998519280526238,-1.45893135193536,-1.34728931773755,3.51795263519293,-1.69086131990645,-2.68364898428391,-0.434490929274277,1.34457147914157
1.51320524583544,2.08573122743623,-0.737586637374816,-0.299265395493726,0.302999993041331,-1.54801913699227,-0.48050006973392,1.06253507341159,-1.53653650214141
0.0414293832303272,-0.890772343134841,0.238332473446515,-0.0453743237216854,1.22221153299786,-0.566615354493163,-0.742381608605769,-0.0593951191039111,-0.396742010873925
-0.25869999090121,-1.06542613228444,-0.373732096211639,2.17855167515035,-2.10937797553589,1.23851253734914,4.9273846251769,-2.11331170276111,-2.82892931016356
1.10420321172568,0.149860956824653,-1.30448277423102,0.243943495015985,-0.350070942749856,0.572360719075712,0.476485261056301,0.898626359777897,-0.770223771180609
-0.85705068181556,1.05773874202958,-0.553456287627917,0.403832638700234,0.0977727969815305,-0.278182760578467,0.425103067331008,1.77804212627886,-4.09470891879361
-0.23487278627004,0.0839517224868573,0.106234778031373,-1.12350974109068,-0.476140659876059,-0.914223474464101,-1.81819742465021,0.596440844930901,-3.32126688050449
3.59646833093671,-0.36601952624863,0.259684683233449,-3.50566056005177,0.797914473905509,-2.38205937082593,-4.20597358483414,1.73819100788893,0.668802488485127
0.007424089032252,-0.122798661973269,0.0558278007890277,-0.455288217088962,-0.912288271016663,-0.677207838610113,0.362645507190513,2.09869772227161,-1.44954897121334
0.306427181022832,-0.703018705492887,0.441634778863214,-1.04861617549704,2.75046159746461,-0.0824623348482304,-4.17690560325666,-0.235776102957124,3.3912227589129
0.738736810983936,0.624723332671735,-1.35664114056069,0.605640442642107,1.02446052499361,-0.242218652198392,-1.54212068573544,0.475884038492914,-0.704913934051431
1.02122080235132,0.791980570714758,0.638575164021273,-1.45986034995419,-0.360401110327519,-0.458481281199136,-3.80750922794054,0.582965742280704,2.42145170575865
0.867524394386256,0.159067885636233,0.415172333876951,-1.44601085844409,-2.89745419352381,-0.738031828311341,2.1073710698546,1.51351492457741,-4.17684547616707
0.353301151266373,-0.808169077269942,1.85464207180792,-0.934333347432055,-2.24384250550591,0.63838089178059,-0.409870425635939,1.82916378678994,-1.29363489811893
-0.618520247774155,-0.52451082657112,0.245493482253663,-0.758316413152188,-0.221267186449542,-0.9666886462363,0.415787962472501,1.2664622826426,-2.14500235782674
0.957225093969077,-1.10051236288135,0.987714349309594,-0.656385284145129,0.147311170039698,-0.770222296221847,0.180186707746602,1.82994393394861,-2.17486122233648
-0.347914751452807,1.4652689390949,0.412654216404617,-0.882864237103003,0.905547363290583,0.843136509456236,-1.24935552649552,-1.23516086944793,1.6222651361751
0.170027275740934,-2.35838182934729,0.825635258625233,-0.573097973638031,0.713084476024748,-0.05097089210091,-1.93495492822619,0.0286157721950319,1.52747368539771
1.1096375294909,-1.27987720906341,-1.85980708282768,0.945987543076545,-0.253489641622648,-1.24919906655681,1.50287787301056,1.07318503822606,-2.24351287876297
-0.197991707902745,0.702546025298193,-0.87747225704362,-1.15997404946929,0.189306756341367,-1.63540232255628,-1.72222925536181,1.44157774766737,-1.61042729953354
0.608384751739356,-0.889634630124847,0.153800035764034,1.8127743297248,-0.488152333178719,0.833581152591195,2.27722934351188,-0.713609487345211,-1.52397091968412
-0.182677990431294,-0.996774726261265,-0.0513455317636081,2.30591038181783,2.0026295569793,1.47857949029085,-0.832574782166398,-1.74839479564089,1.948482183035
0.474880570089719,-0.562129100201187,0.589444795358068,-0.265453669625772,0.0430668737349084,-0.0508518308206283,0.860497123829634,0.522472502745762,0.32562401243205
0.59351036127654,1.67560801695128,-1.92571083337059,-1.41015466173169,-0.625435919134002,-2.98590640143415,-3.29500109216691,4.39155642813375,-2.56298433186588
1.29671390875669,-0.527927936974797,0.056757501949727,0.809235352602206,0.340523936820899,-0.436949077226051,0.571965542123886,0.950756581384797,-0.970762349996571
-1.3837940265996,-0.189036697660584,-0.907576577903928,2.32061692284519,0.155965342707155,1.16437720377447,0.241525102229711,-1.44635487470256,1.92789272315182
-0.500179334675576,1.22579337356585,-0.978804131945378,1.33007964702844,-0.011555408988536,-0.265518067104414,1.13883823819057,0.200191305237793,-2.19542608555427
0.464463762171893,0.107175098714081,-0.454876519204869,-1.21324439852206,-1.79922601362325,-0.151184441662662,-0.177427100585079,1.30443808238061,-0.958167097927428
1.4245816029521,-0.922554338155134,0.974376947438519,1.33474260205834,-3.72714768445589,1.12399083952403,2.68512768043862,6.89949447458105,-7.23883958273664
-1.02521664685325,-1.52633890639019,0.811667079660359,-1.60933557947424,-1.05289507543303,-1.01290545431645,0.648707762449293,1.44197942165075,-3.46282417028953
-0.553490926517871,1.25870173776349,-0.318146360120032,-1.1368846745814,0.686493096509865,-0.569113753394916,-1.069894980059,-0.24110269207645,-0.666918526869781
0.468660883355781,0.802830063148534,-0.792621553040428,-0.466182474343345,0.520521092480346,-2.11237100488454,2.31936111558412,0.796960095781227,-2.47571317722846
1.66726704670853,-1.65589137598117,2.42131074552736,-0.513089274127128,-5.26592463922695e-05,1.9686488616293,-1.32197812156175,-1.70675373888807,4.14412298295867
-0.689544369318886,0.178220517804053,-1.19528323263253,-0.887523711789587,-4.56368928311431,-1.16740430690079,2.00971281132272,3.60630128351309,-4.59502911697883
-0.317309760114141,0.233293367406556,-0.836996656219211,-1.24822667240889,1.61173122068082,-0.455971094572936,-3.45243081997269,-1.30066152419412,3.59498696679175
-0.839715217391475,0.0231931179594394,0.21838297234742,-0.216519135793774,-1.44478229349499,-0.982117573938684,0.916660458315599,1.43052548342872,-2.10434495773321
0.292446206166873,1.54891238763307,0.171281231184911,0.835595737012721,-2.11622175695512,0.187645727604182,2.13936378605904,0.713566863602079,-1.95974380874287
0.679595376868223,0.084586403277631,0.16682113225227,-1.1613111247947,-0.00347793557109844,-0.0132474786669075,-1.44103662029541,-0.511397722092028,7.00847792542303
-1.48805644605481,1.16280129983183,-0.441410580054361,-0.168611380788959,0.716117951796876,-0.350325817119261,0.428891347251763,0.139618178859914,-0.936430021560062
1.39522463848714,0.702765667458442,0.205999313810844,0.607976185308925,-0.994818651960411,0.827258929930778,1.25364008268448,-0.302218961025419,1.11579198769514
0.0325968232017214,0.297630562672478,-0.805572120844106,0.603202627575913,-0.265108263536846,-0.543891832872274,0.88706904290702,0.254873686501339,-0.329738814941452
-1.13420980911395,0.855828764279827,-0.180904472074601,-0.39678428532889,1.802114232747,-0.55706593405902,-0.355972792092229,-0.873944465951601,-0.518662814813356
1.08703798267781,-0.813376375158808,1.13572994721407,-0.292844693441602,-0.351186016605905,1.6677729015561,-0.25608719711253,-0.579849491324485,2.56472913389321
0.257488841647114,0.834351642292248,0.121506159989735,1.3231190882422,-0.458489903308721,1.57680395355552,-1.25429944666872,-1.72249680540991,0.0699784770722616
0.0644816908859105,-0.0510853434393945,-0.0339427097612117,-0.178806420956666,-0.895967571276482,-0.0115665566018293,1.16411139615321,1.52520205517964,-2.32181426521444
0.483622686746105,-1.6808612289991,0.163510883615934,-1.13287078024656,-0.0101135292983298,-1.01397794486849,-0.904119262067485,0.7972482317422,-0.680031746269644
0.546246197357229,-0.92111817837941,0.244535203248294,0.0586549795207063,-1.85140038998944,1.5111430129109,2.48694897555574,0.277926404524991,-2.25907715421491
0.409742753708125,1.4656323462853,-0.783678600417784,0.304509609634411,-0.911674175967804,-1.72610252879997,1.16581563382827,2.86271646220109,-2.64213987059173
0.521748327513761,-0.319807689905558,1.43705268907696,-0.0200981445120064,-1.24923047299806,0.0158273328077879,-0.788413425964386,1.82381488349912,-0.895081608289764
0.998210947610413,-1.81325706172848,1.10146491395438,0.0433808586826024,0.270452038146989,0.23265148609794,0.66935028680118,-0.0171805430836877,0.755481079835209
-0.415379238902089,-0.603528930498036,-0.342806416760783,-0.734548050619866,-0.948774186404878,-3.62520093458655,-1.52441920643704,0.91647943321948,-2.90336554428022
-0.0439857010327062,0.134908149660417,-0.848895102868562,0.854093936756145,1.54149264455361,0.630903340142804,-0.0237872335738565,-1.92587188108408,0.282278428249811
-0.881753220260916,0.612665659201838,2.77176976921253,0.518916004945379,0.0473383853379779,1.75399598841504,1.77642914159149,-1.2231930202235,-0.0145826749189558
1.11883876709724,-0.759406654625257,0.711235284753348,0.202208939093786,1.00822379574937,-0.158836427075564,-0.787102294147401,2.19929917427523,-0.730494275026222
-0.139840391983467,1.67807285525708,-2.56793667168778,0.406629399965711,-0.0819485566029486,-1.58921130562181,-0.231855852979489,0.55095032066405,-1.53913309234133
1.09066293870119,-2.48987347469849,0.819362860907846,1.00420017160699,0.70890299572888,1.11041133037948,-0.783643361127007,-1.56106509957321,2.95275970211829
0.295609523251762,-0.213885467306629,-0.0244714653415785,6.0839264579879,0.310274658382353,4.47355099061902,2.97207107990664,-3.26842788774057,1.87656570681897
-0.933275242945011,2.02932327205517,-2.64053262196186,-0.548346579821507,0.0405532873890339,-2.35906421944211,0.624817051462256,2.86624611937399,-2.56460632988397
0.568088441316985,-0.32516389452983,-0.0464208541551091,0.10253267193694,1.25902474381225,0.08801452460537,-1.72409831982552,-1.13634629938484,1.22476800343586
-0.469876872715283,-0.960895556719735,0.568812637467353,-0.193126477917475,-0.754780907294573,-0.683524270479599,1.61130689854191,2.05948879973926,-2.85725440466357
-0.461938402141685,0.254252050746705,0.273463571253475,2.26592144848684,0.594190973098005,1.62126195272036,2.64933698482336,-1.66919570940944,2.39726688715977
1.10577303100037,-0.542771980374707,-1.01751581738271,0.417548490046164,-0.0501408196227423,-0.275104064458611,1.18244298564617,0.854936957123287,-2.74368423371027
-0.0490306946429735,-0.519911333379682,-0.290802150647777,-0.319972892795927,-0.602646468513791,-1.086842695251,-0.317697421000298,3.00612524881268,-3.3977428483134
-0.565492333505339,1.07641841540339,-0.825357406066704,1.15976610444389,-0.798647204228237,-0.012664231015065,-0.741851746693979,0.455194293233938,1.42583930294816
-0.550154206901635,1.47580914463707,-0.332319858912002,0.815285364097587,1.6326407492564,-0.385748510312655,-1.33929098379459,0.458579061296018,-0.325497861011775
-0.175524939165449,1.5561583472151,-1.0358552417445,-3.68948131243069e-05,0.252469025479114,-1.1646591284851,-1.2906048920478,-0.239470750684055,1.44458862230075
0.0540452711260195,0.355858674200795,-1.19661204288803,0.0260881728796422,-0.730605374709057,-1.50620714405603,-1.02439525758851,5.17194457913084,-3.05252161424247
0.0430997194792919,-0.00104354922440783,2.32763004520772,0.698790601686369,-0.606764011520839,2.91587773091045,1.0590142066888,-4.54285503541661,4.69585875314198
0.0349836830102974,0.166286674432229,-0.229804479036605,-0.754929649076291,3.17107868507939,-0.602769540526016,-3.44879846533105,-0.689099126037486,4.03229736480467
0.149533534105219,-1.91110501825668,1.3608654053954,0.316244541348636,-0.481707909118101,1.31118746296427,1.25991227994719,-0.304082633434615,6.59733571467337
-0.533793410572965,0.668838887650467,-1.75967130853341,0.695319098506078,-1.11064801389992,-1.42822376287762,0.183318430954641,2.4549659206484,-2.95388371792169
1.09939768738585,-1.50101936705568,2.06449610894925,0.0945030587220753,0.119802498873572,0.48526332096596,2.21551708465989,-1.26822648237165,1.99945088433095
-0.14281589821147,-0.820396718238664,1.1498892445705,1.14847298148503,-1.50927363974444,-0.156653643034016,2.64012757723431,0.659871461769579,-2.07161892503645
-0.135921658964212,-0.657052274090384,0.378805102691298,-1.6207649527807,0.942973968913112,-0.712524264198795,-1.26206343661083,0.676249439916006,0.0533191396995727
1.33470582700743,0.457403080066636,-0.753901475563879,0.893338334836631,-1.13853568277988,0.29431658735802,0.995842646587913,-0.331243090828161,2.49906207601065
0.236491480203616,0.540757747432566,-0.126260523155191,-0.362634992891006,-1.18880801371955,0.129519292817883,0.664353352571654,1.48790696121674,-0.512772924536009
-0.00612588620732115,1.22411260928266,-0.811448296794807,-0.826196590910252,1.49400889003072,-1.77872241808649,-1.85617432172768,0.157317568961733,1.45654521634457
0.127605630766157,-1.16967520199844,1.19482989126655,0.252036451079164,-0.859500027195141,1.85486045258769,0.41429612294778,-1.23587741044478,1.65617912234154
0.658180208162108,0.120467977416322,0.812705941204303,-0.870504358675918,-0.329037418022712,0.311660980321663,-0.053321299781347,0.422816853634089,0.811163281337548
-0.00630514498414834,-1.20192072123058,-0.0313419782277973,-0.548990484995669,0.168086888648448,-0.786247189385739,0.799176776607026,-0.0494265767266868,-2.66850499670622
0.764354138026651,-0.900080355086967,0.357945716470116,0.641995480584914,-0.736020940420478,-0.878769250941368,0.113382669833559,2.58880555806829,-2.716837459346
-0.00820865013753955,-0.775555755809297,0.834609950830006,-0.653068348003228,0.217689906144723,0.686631458435077,-0.0411118340041547,-1.56897232009563,2.20844104197722
-0.475044666678712,0.605968818573286,-0.0180213207841619,0.887634869608098,-0.969135065321635,0.709809444799308,1.60492076777771,-0.644000667420002,-1.46059904997415
0.305899330566016,-0.0550731652632633,1.58901687336483,-0.0721447748102633,2.58789830949476,0.910492040303377,-2.57983424250245,-0.990311548721994,2.10016784303417
-0.060813509698604,-0.926212488829636,-0.272952603223385,-1.56637871025824,0.856789863478809,-2.55003418814822,-1.63578359179462,0.201098081422907,-1.26112046260711
0.479828403041225,-0.754490971723741,-0.238273903017156,-0.584304995920218,-0.00498393197191913,-0.641826231534827,-0.926852886280931,-0.58574448098838,-0.766675121031932
0.85087380846645,0.89926969195132,-1.56766308592639,-0.173929953992806,-3.95089760077871,-0.450985609963139,4.00929064672986,2.10479124803168,-4.32049442621562
0.806647358818917,0.774792692260048,-1.50607615377477,-0.848418891317018,0.06612206137582,-1.29679219518742,-1.81804286298648,-2.47463232449023,3.51357607221841
1.10377256980215,-0.261144008045414,0.432411323709507,0.976767824128409,-0.495719907011873,0.648826310660889,2.5857503577624,-0.230705574523307,-0.912009706459991
-0.546139007316614,0.502557677476892,-0.0434347519517508,0.468698401431981,6.23865631028752,-0.388423097280736,-1.773140851101,-2.95512256773509,3.25170123609759
0.00986417010137503,0.365589524371725,-0.455278523021104,-0.241686653009894,-0.390069613718021,-1.20184143186978,0.233926077233688,1.09516217632953,-0.908128014771209
-0.632124700251656,-1.95295197366988,1.68676237300435,-1.43748381920984,0.650930952535345,-1.33590105116011,-1.63372659996253,1.71700081110484,-4.03854914093155
-0.584875245027886,0.492492351720053,-1.09204329590498,-0.312051631336231,-0.995130831885536,-0.460766936086926,-0.709717654486503,0.605850323282257,0.669806448467908
0.0171012176483188,1.54503726154135,-0.894176736981747,-0.945406867092195,1.43626872437509,-1.91826862210726,-2.59372687309225,1.34449439384088,2.38317829717236
0.500997142524596,-0.554934413246471,-0.967852742693917,0.792616260825948,-5.93203204688234,0.962253355950845,5.62995992257782,1.76396987985138,-4.51391441313267
0.156326599141892,-0.679397030419823,-1.24122248161307,-0.149731457783546,1.27685596283328,-0.13613325221497,-0.622747253450101,0.0262825739741404,-0.0666416460213046
0.353344535211497,0.656181092917103,-1.18996661269677,1.20209646779523,-5.53240575306287e-05,-0.658433174596591,0.241415922141764,0.607077675297758,-2.99344181557306
-0.241165067445582,-0.35627601833141,-0.412387020968026,0.85871618431008,1.26989801205629,0.394035134707856,-1.7058439225296,-1.61952856634109,2.05230748139025
-0.572784105587955,0.986952412654687,0.522439223854879,0.898007091762656,1.84806780382329,0.79575038284759,-2.29776238838173,0.158082657702904,2.30045801746864
0.65873162119234,1.60700159224376,-0.640164844527118,-0.277288788805651,-1.35888921891363,-1.15275554567365,-0.495386949447597,2.36657695336856,-0.864789284344309
-0.270401418989865,0.852621569228017,-0.482050455220068,2.35714172995841,0.0975102741372138,1.58189751617631,1.00879223816639,-0.588754470095038,0.654332978426455
-0.210894861013043,0.757248642059987,-1.03778573423195,1.38543483023592,-1.15573063787714,0.858526168975654,1.49332224189543,1.00610579734898,-2.00576782263246
0.876802695165399,-1.57892353731455,1.54780197417474,0.765800934799413,0.140238872858976,1.44414696597188,-0.609107526590209,0.0611628791847079,0.60004936334601
0.824772823433014,-0.343165086661715,-1.49043113007843,0.546448985431033,-0.726884457015264,-0.88000512079199,0.0311144050749059,2.57134678145847,-1.36494630868221
1.19052827330611,1.1912498183954,0.23615325781798,0.879146273757934,-0.709638915350571,1.92114002010394,1.40842270448778,-1.55272787581699,1.97298455309523
-0.374556705075639,0.153641384151653,-1.17936352607406,1.00043292636272,-2.47728454919312,0.522802318959949,3.55418288868907,0.146497483201366,-1.80681490221981
1.17737265526431,-2.45514133206521,0.81820136895101,-0.784953575260877,-0.030823527179546,-0.5968688241597,-1.8276326313071,1.26194010730466,1.07380806058871
-0.963805913526265,0.569570655277668,-0.776182284695205,-0.16098799887994,2.89250106850107,-1.05328869903012,-2.56003236816111,-1.53919951530895,-1.18037507887066
-0.808359460613252,0.646115661755265,-1.17028838574234,0.777000692828361,-1.31664645983008,-0.602670141819173,1.23950530760988,-0.342291306047728,-1.50277198010306
-0.77615339200712,-0.658799851385418,0.314955438396763,-0.149481180175554,-0.40454655809729,0.847748124771532,0.199775497294412,-0.172287615482658,0.901315209922083
0.595910075268658,0.956185260701815,-0.309313110501828,-0.0114079820072761,0.908468105982206,1.04755463431051,-2.30597066119347,0.0250646141671067,4.041660812452
0.236952436310774,0.926257056618758,0.368925237468432,-3.05450985434273,-0.651410325616666,-2.23374814123772,-1.21593485704321,1.40476903727712,-2.30899205949395
0.325437021896877,0.847087195745803,-1.30823864005514,-0.00526803320694456,1.07283553762523,-1.19626096353321,-2.09272914645841,1.08479107725042,1.05960767292086
-0.223573397629687,1.16388615174838,-1.01387154881141,0.301892304904019,0.203884039766441,-1.54120625892881,0.505831196449406,2.09011228807197,-1.96193086384526
-0.45562538139777,-0.101828255856434,-0.426314053068632,-1.75140662553236,-4.03143607211846,-0.950350590361578,1.43508765048538,3.17541936432386,-3.62445379422878
-0.0598416145227743,0.976274949942843,-0.27184220823855,-0.801117107223115,-1.19748307031475,-1.37443720773063,-0.514804235689461,2.19648121533463,-1.77472239990151
0.766356633304804,-1.17666899541608,0.636316923433575,-0.994251282559731,-0.0536808500241746,-0.219867778232503,0.452168318887852,-1.08051645358491,0.698549219805411
0.60377041770475,0.11801531352543,0.479033766350219,0.464730229239094,0.774156060892512,0.212017498658278,0.8216054632861,-1.21404846242893,-1.04181052053706
0.110105337793353,-1.74913115714729,0.207555635175421,-0.00294881333413226,0.99051853300701,0.576735411008823,-2.98195709338078,-0.78845166871982,2.70439532574866
0.187874027351308,-0.220449443142026,-0.721872560332247,0.281263813820384,-0.994858342769017,0.167435475669863,0.967488026704483,0.0754399645482806,-2.13531977949043
-0.432065656903154,1.43064153560835,-0.855294931035496,0.0826226785514848,-1.32461357594558,-0.547538010162587,0.823553715652395,1.54894018130357,-0.953261018335966
0.567943671013272,-0.568406820175032,0.982471795040006,-0.525497644143977,0.369348477064233,0.926868107562198,0.379683110290636,-3.44969003016694,2.78706283378376
0.051836092837549,-0.918370578617192,0.363193157441707,-0.355087981092646,-2.21950593042121,1.36438779196209,1.89468936062465,1.41767048370918,-0.234407293214882
0.0453683348152939,0.449613809834806,0.420706550601932,-0.347754752327453,-0.200621881437176,1.36673156417654,0.565061454087846,-1.89004643406291,0.381652608671164
0.653297248923829,0.125089901163141,-0.370974194736734,-0.636861140586076,1.24428788801712,0.203409608150894,-0.321047851044,-2.088530068289,2.67417395616337
-0.639461069352751,1.06201971662428,0.295993125559375,0.0686404248883039,-0.949713305071453,0.626529598992092,0.375290642203362,0.941377315420689,-1.47617016057943
-0.808190818955249,-0.410612121906102,2.68711052465521,0.178642170424299,2.46799166537125,1.18114264095727,-2.99145172141232,-2.61129458565233,4.34291224025811
0.343174555780479,-0.471191096011507,2.04453414754396,1.40700491365507,1.06251643967141,1.20511089271595,-0.759196928729448,-3.0357434122296,2.72210301681807
0.288906326194824,0.248389225041478,-0.974692124788506,-0.599864074704782,0.49408794866571,0.252211220190365,-1.03998418547853,-0.291764546852162,-0.378005361738075
-0.58072396703333,-0.695236659322222,1.0296446144833,-3.17772149424292,-0.727400635656822,-2.07585292474349,0.66784689893353,2.83763944015789,-3.36256558414778
-1.18342006995583,1.87161710056009,-0.429075303562305,0.31866654609929,-0.728547587527299,1.09183656861692,1.68870561422228,-1.73269236614751,-0.893831834657703
-1.57371735924563,1.09250226059528,-1.12874814816813,-0.282189333649398,2.54778278137307,-1.84290116131606,-1.59502800268186,-0.395299200942734,0.40838720113641
-0.20016675630839,0.0539712078486432,1.36757395199078,-0.389909603520047,-1.06823824389747,0.586590969002703,0.530221200717501,-2.54286120892067,0.854864516295004
-0.007824132626478,0.828456628733277,-0.463297180898772,1.48562700301948,1.88706173227905,-0.414875338423221,-2.65083217426365,-1.29263036037491,1.88241922199283
-0.606112293038809,-0.486779530570439,0.330494734814605,0.0489254767876255,0.153779748996479,-0.57941579009326,-1.00992103535096,-0.0329007935716966,-0.908615804359754
0.0432888987229089,-0.765532219344993,0.602214666240267,-2.27108771785442,0.5746371349128,-1.1909016701233,-3.52199800614627,0.975630503283657,1.75901658427627
0.322604652721139,-3.47620062727152,2.01187817695386,0.63096466316603,-0.602048350573694,1.26677966154966,0.479769849639393,-1.14039097921917,1.30124556011647
-0.540527640061724,-0.321305087497866,0.831386933463585,0.176619799484724,-0.894177825905247,0.954696403739278,0.865851921193103,0.76636305479498,-1.54470705045959
1.24330478074723,2.56184567569584,-2.82172170293828,-0.815806318277381,-2.25982910180932,-2.11263312264099,1.1434312070855,2.95593708979304,-4.99966496576269
0.777209745925736,-0.859052601689107,-0.112293098453627,0.239653606266535,-0.141463437756942,-1.19951290852923,0.307158140802774,-0.187711219538028,-1.20392611362942
0.55760670244385,0.622399615882893,-1.36531250736115,-0.103208313162384,-1.53023281871056,-0.805220985205524,1.00282734365834,1.66071372827835,-3.30197582008073
-0.505947792728576,0.489382420281774,-0.25631350279615,-1.07126299123471,-1.51205202688236,-0.58741259900031,1.71520324340196,1.18912583824779,-3.13437848498344
0.353303887331098,1.36731126674034,-1.4747960379129,1.19185146114655,-2.271825831211,-1.34422369816733,3.65565576616926,1.4826727208443,-4.59221192234531
-0.212030573871271,-1.33418968544068,0.472835551113764,0.0736670418948302,-1.43814726088562,0.944799442968524,1.25240744821813,-0.977166691579345,-0.0993627613071065
-0.204386004838837,0.672935354196347,-1.00508487614925,-3.92642206106125,-0.534787249804477,-3.45728351685474,-2.71966341479769,4.97927059111822,-1.61812664837161
-1.0007673363636,1.9216484740797,-0.993595921448755,0.682452180529727,0.662636122395459,0.687296612453371,1.3234011101538,-1.27241950489664,-1.27854763777401
0.332104005471776,-0.0278922051207098,-0.608772296651207,-3.85397599997156,0.65875030095238,-2.76391830505208,-4.73521666786182,-1.67265171630308,4.19293548514005
-0.962857445023614,-1.46713616366984,0.0720268167501907,0.310645260754415,1.91251943860565,-0.214928818683415,-1.30582705412999,-0.613065739732858,3.29655787390022
-0.451897730334677,-0.0256364562089893,-0.351064695735721,0.685346467847262,0.742797191105306,-0.23208580194442,-0.164343845178449,-0.902048967159682,0.273407046179833
0.26895530975537,0.519787203676326,-0.913012168345275,0.100701655293106,1.23917004203882,-2.01502054293385,-0.0178053840191813,1.77961278717241,-1.55537733145095
-0.160620194429313,-0.904661818907308,1.32564587747984,0.696618190480392,-0.076581997786957,1.19685346828692,-0.294372781071794,-1.33683850072486,1.75556929609497
0.961013587152142,-0.471792308509952,0.447397118021202,0.240209530238598,-0.336260848276729,0.327551141695717,-0.757117780237539,0.640577874302877,0.321551383481113
0.178236945334832,-2.14580222404017,1.66402548917798,-0.728577672679646,-0.0177020409733259,0.0788526399770485,0.341402402652459,-0.230460029890098,-0.340340505009114
0.364982274739416,-1.70875077355252,1.39107273951963,2.37931379018971,-0.758857664140991,2.28312580383441,1.87906571853445,-1.43836078765373,0.821072288542758
1.3764023847186,-0.493358267698343,0.201098664035779,-0.697008467420412,0.280134930321978,0.376186566903137,-0.235246099938889,0.475276753190799,1.35832158629936
-1.04969640310916,1.50547904475171,-2.21782107367678,-0.358304324258502,0.274624421665284,-1.71133280870507,-0.748916946067735,3.53384397735746,-2.17360566140101
-0.570097720405067,-2.34326196303248,0.573537546107587,0.587261341017839,1.20926848345105,-0.506209064433323,0.613586015430953,-0.813275525395643,1.31064689658485
-0.325347414404481,-0.317755294994718,-1.05605409571007,0.656205681065266,0.521168336626138,-1.28903356240304,4.1289109655587,-0.0311670092855633,-2.97435566245678
0.809811751857041,-1.45457416234054,0.849894735454371,2.69168841662137,-0.369016982552851,2.65766652056094,3.12453228402685,-1.70095053600694,-1.02956499163604
0.515149841588871,0.580326617665272,0.225144499183115,3.69690062494056,-1.02508346930179,2.70940540918808,3.86070704661125,-0.7812494998801,-0.142498367097413
1.11273177261499,-0.0616193038286459,0.0178045836749842,0.560353901837945,0.303144765528692,-0.0892372872457347,0.277239578149091,0.533219457083309,-0.403055404313099
0.86427463611197,-0.897149602772243,0.79092125350929,-0.688425624476101,-0.0106879340918797,1.02918184834648,-0.20817881748735,0.750318378288643,-0.842310250489178
-1.01409113517958,-0.729855347032963,0.517793138118671,-1.26653646509224,-0.486719441617467,-0.533222284781697,-0.617149132193076,0.720750934907771,-0.335382717481843
-1.43822573141523,-0.553674983995345,0.30810498853053,-0.919878961167058,1.02282962646495,-0.0588446877254055,-1.56996513880143,-0.687758836156606,1.25467429745976
-0.628488901068403,-0.0216513587351894,0.187642708045381,0.107101866731526,-7.8796486772904,0.965444200324427,6.17822663262759,3.24999468877031,-7.03300591964736
0.326993879563983,-0.308585875815054,0.705313781237478,0.102128225825564,-1.21858215977607,1.02706465258343,0.690862948597885,-0.716938394633084,1.93120241243631
-1.3000475984497,0.0107481538174747,-1.15229767147891,0.592259710038303,0.206857650969096,-1.3146302426693,0.512553124778214,2.09775463674559,-4.19905716947719
0.668353741621301,-0.273737957081124,0.819231028583941,0.633395950397655,0.486742715979899,1.0586532270696,-0.476220507089786,-0.971721256857066,0.352508888587659
0.477391769679897,-0.100146824324792,-0.450893976376116,-1.37914432400653,-0.0695464886939353,-1.09799298544122,-0.368285610423114,0.0874381396472065,-0.0132133866672613
0.448504380118915,-0.461119652758829,0.262311651786394,0.776024216030889,1.045296516633,0.429691862445476,0.0226616053608806,-0.907457985794112,1.30001307182491
-0.365494095347935,-1.11049367816712,0.984838293841404,0.578094795095352,0.0623762830243212,0.0454559223109967,0.415314470726259,-0.0873799881194303,0.402673799022033
0.700367347140317,-0.353140473789812,0.623850165169066,-0.31874576213034,1.47424358584583,-0.540223633408702,-1.18986864593641,-0.991059108707482,0.457246136907387
0.705292467157286,-0.18304731453107,1.29531108580174,-0.84676998068166,0.59946931856848,0.690724604761105,-0.664932488542798,-0.512115039659718,3.22349461488195
-0.935819472938412,-0.659803807197573,1.72592884156516,1.63761030027923,0.339175274849308,1.35864064414973,0.573302556496756,0.939166712780827,0.396173688904852
0.861604910391917,0.804278500813742,-0.214954908756738,1.24628306173075,0.554496435951041,0.568074018959253,-0.13884092721822,-3.91263354503058,2.41399684337629
-0.559942823824518,-0.887686213581573,0.544072025265324,0.0171658478527042,0.369969947261191,0.913021108421406,0.230476293268069,-1.71323550376493,2.52011068018073
0.469345745891825,-1.06455152394091,-0.0597360210040367,0.8860322219858,1.24666353019616,0.176734358214967,-0.919197944447679,-1.16604764464936,2.84999297836748
-0.129248538520918,3.42187925333608,-1.25422181031239,0.150475041665033,1.21280747834463,-1.26044993704084,0.504225948152143,0.718206782111142,-0.913187224922134
0.61400987444862,-1.75077000411902,1.01975561196267,0.186647642004997,-1.4001171644954,0.750146295762259,0.80201591532687,0.928480843462151,-1.91480506479096
1.387625373302,0.667252852204979,0.342858228568269,-1.97591867265391,0.144101536652833,-0.785726847634913,-1.46720454116844,0.385441902760985,1.44928650761706
0.722666803594671,-0.964784014132536,1.00111759905995,-0.457805884013729,4.05344987792636,0.445184344195538,-4.35339274068529,-3.77203633481247,6.0562907429272
0.267106672269885,1.47636202841156,-1.3812131020015,-1.10055949087843,-1.52830254967469,-1.25992516234117,0.842836492321418,3.60920628733236,-0.15455681592687
0.355793286261279,-0.31037318041963,0.186746646855503,0.555169107749614,1.14457525234989,0.512811320569239,-3.92112024967121,1.11321525409163,2.22225404750703
-0.31655627567017,-1.18828185162042,1.41888481860641,-0.099706241899041,-1.14256821199098,0.597326029915158,1.00350198598943,-0.995366839533884,1.99640115959707
-1.59473461054125,-0.317777224648781,0.419657537197946,-0.0238785515597971,-0.913766830324994,1.18316830415318,-0.286502464347731,-0.043689389101931,1.50742993434825
1.03745092996341,0.165516463283352,0.867701371815736,0.670214539484505,0.519797318493522,0.31358516051883,-1.09675582230059,-1.52354904051321,2.62750868789824
-0.705006266115418,3.8280803914373,-3.10367785488636,1.13690940498616,1.07426595798879,-1.16648210676318,-0.61442906013681,0.170140220374739,1.65445413758962
0.300059549000044,0.211991483852607,-0.514386805381078,-0.495812437232099,1.3271125067318,-1.47035620690459,-1.41951480742831,0.68413275577025,-0.414449180353039
-1.24676997359972,-1.7218126276953,1.79526950095909,0.321980582491413,-0.821169487778918,1.29842492430322,1.62116477628261,0.185068677059783,-0.283350576701772
0.852120257141396,0.828649758323365,-0.84294018414786,-0.461901509878809,-1.9717048701005,-1.34786301779042,1.53369669044762,2.3140997574989,-4.38175367009733
-0.397861917294054,2.18344323232972,-0.31259922078236,0.013310589370743,-1.52374004938116,2.72002670843846,2.06244825795449,-1.14811177101818,-0.422474165372137
-0.268097017509697,-0.975224658512722,1.14258727724668,0.0812345320197029,0.537826052914309,1.65031037039899,-0.725638261781362,-2.61932487190726,1.75468011755521
-0.0688375319286199,-1.12269511517361,-0.192735048620912,-0.798911597801064,-0.109026554396146,0.470437180127522,-0.684111173022421,-1.16623084528207,1.57487731448501
-0.760713985663011,-5.57675642793366,3.86801112963567,0.570170448447689,-0.280629881264868,3.53140642856138,1.89532335504036,-3.82229752170899,1.30292906396549
0.827162131572273,-0.918989077400169,2.21114795035893,-1.27625041539172,-0.809425055681498,1.29546843857801,1.79959218837028,-0.863006776825417,1.02734730994747
0.937848796888275,0.279241763348259,-0.826874128770252,-1.5395937190322,-1.04576171828636,-1.49435689153725,-1.40839284454656,2.5388721532426,-1.21192208533095
-0.179783702377061,1.13677728791692,-0.26129003410696,2.05481275027002,1.22138033403775,0.476387558518132,2.47041015305101,-0.844225543915338,-1.07577407779549
0.0596900560424863,-0.434593290986427,-0.189003550654012,0.137756934686234,-2.39019240573693,-0.0693043865763674,0.896377241456765,2.00957731741648,-2.47523805932372
0.0987429151469116,0.469791216122763,-0.540164004314322,-0.141086803654881,-0.2794659602069,-0.496175777251398,0.869670345073224,0.578943175322628,-0.119577723629631
-1.20426946590649,-0.596844965173514,0.471449192154617,-1.13434053241302,1.18253962981009,-0.00894833611619417,-2.27600589982184,-0.811688725520451,-0.0529763337392022
-1.00205327397571,-0.783088436806068,1.27504537783905,-0.570642910790122,1.02223450650769,0.0374564914730175,-2.83082475138156,0.647698233338753,0.595842826523033
0.288670947297491,1.08273495468574,-1.18463390981418,-0.33723788340017,0.148270766837564,-1.12107759392003,-0.750269105492375,2.11667041229527,-0.300876250784653
0.660125894273117,0.547956426433449,-1.86857722595717,-0.734453858449048,1.30462974895709,-2.61383920375732,-2.77209339878045,0.609713329514381,0.445715395622305
-0.0321207132596612,4.46545587385681,-3.51810417370499,0.572273100002956,-0.389144667845734,-2.67263737031285,0.197782636043846,2.89618404360871,-4.08838545109203
-0.182079500550951,0.0606736163392794,-0.659085997801915,-0.698534032159856,-0.943897397262182,-0.813389562907432,-0.23246212217379,-1.09717913883098,1.9636146024044
0.441900445439414,-0.0609937665751494,0.0835997633466083,0.612327223743877,-1.94708545342037,0.657171392461684,0.945750536184014,0.530168309612251,-0.374207176824902
-0.294840842812175,0.309718040282729,-0.790648048200096,0.50308917780729,1.02067621925669,-1.27006747047774,-0.861561503796344,1.39911189694397,-0.316258300234586
0.814640267131099,-1.05089652883076,0.0674407406839587,-1.44338308172604,-1.59939780061176,-0.678854652743378,1.32680530919413,1.50785353863304,-2.09525724074517
0.119815862826829,-0.147402765476425,0.863898229879312,0.422079452215205,-0.208613659261382,0.258883612590927,1.7247153313437,-0.401004505222578,-1.67668878960746
0.465130115720248,-0.80610941411244,1.20745289602072,0.0851654550988215,-0.981776701956494,1.09149100555761,0.500269868899515,-0.772208345051274,0.148785419506306
-0.514412509392682,1.64376403215268,-1.56066141993595,-0.136801810436546,-1.39093496864846,-0.817254494504048,0.93635369716431,2.73882860197107,-3.69171228110322
0.16155963880922,-1.08662180565178,0.639660248271081,-2.45162208386024,-0.658608523086071,-0.726572613922028,-1.90499854920168,2.57323291354597,-0.850157011780757
0.34047165596985,0.936362787304459,-0.331885530416678,-0.726045698342005,1.45310153367085,-0.874181334089847,-3.16002036774025,-1.3978604177089,2.03248208673689
-0.338036118324272,3.32300578996964e-07,1.28545794948559,-0.730319668723746,0.233212081278079,-0.461146552637075,-1.91406291856064,0.28317833318387,0.522513680000529
0.641508847125018,0.770141578685973,-2.03227230047952,1.33991964831087,1.26182058332897,-0.345929978288339,-0.629409999320634,-0.746303619346567,0.232363210258502
-0.482486872719563,0.31203409267953,-0.984296907113272,0.423704937474387,0.836662032145147,0.418199846338327,-1.57831041442336,-1.17912293347295,2.31431787717925
0.230977382205101,0.0015189451221112,-1.25081721080713,-0.770508507266062,-0.494607323821257,-0.96647426061678,0.123730370447534,0.642709422552539,-2.27176209223791
-2.07149501041692,-1.09693299087031,1.72914428397086,0.581213448898609,-1.30466249161945,1.41395865816558,1.31935728377095,-1.71377279141794,-0.0433900563161963
-0.0442233244723595,1.47625253681935,-0.340413973709302,0.318477418558064,0.223881186097534,-0.0603263632028845,0.83608870532509,0.232395426839201,0.059395547238245
0.815821671175503,0.718532952012699,-1.22656502043364,1.94368773247278,-0.205400778456633,0.373670939392944,0.974020300762899,-0.0534851008088482,0.744519757715378
0.0511964322347319,3.44619458947904,-2.35575913010501,0.82338881376013,-1.1918879261857,-0.272627218786429,0.575636083906075,0.709321825888623,-0.788718579371762
0.873454894653519,1.16058799540868,-1.89129065174523,-0.802149041737113,1.26287604810155,-1.5206749128439,-2.58810923019255,0.159921829715015,1.71110354234503
-0.578182734544096,0.0948872168680743,-0.165759494501685,0.664730324589227,-1.16696236909928,-0.121442470781722,1.71780166476734,0.235941692768886,-1.80670575902561
0.770627635960422,-3.33944610328392,1.33726672508325,-0.16450299664427,0.597189954305356,0.907247185878228,1.02167555716336,-0.823933034558951,1.49964436125262
-0.529767216385024,-1.63425212384579,0.878319464586297,0.790277147999821,-0.408728781978394,0.715902774994471,3.85353681078541,-0.233313969313588,-3.55435125172596
0.138650699581483,-1.71711102085619,2.35836724204388,0.127885262727597,-0.736995473122818,0.596442576542976,0.389008863079695,-0.596629510364461,-0.643508765765206
-1.04481974093621,1.46291548932392,0.093981720624625,-0.069674069549634,1.89230647085281,-0.632410511302832,-1.94797246374179,-0.334357784032993,0.2248005659124
0.469516585945672,0.66259940921488,1.0424818793168,0.521619439263228,1.24381316170982,0.329462791165917,-0.254168846568893,-1.46660481628363,1.94672361860002
0.900806789013113,-0.578755303883703,-0.228870371066781,-0.248082150173026,-2.78967052050317,-0.272561614345445,1.28594845732382,2.03010369936044,-2.95544583382287
0.192179943843958,1.36183845035711,-0.340450410108443,-0.711238124440601,1.84187869131422,-1.01312708885216,-2.64414043898433,-0.396078777352169,0.61892847499123
1.4504367721735,0.486345442431207,-0.582913862612778,-0.433386770013683,1.02214711242514,-0.962171684580088,-1.9583700905102,-0.394928763397163,8.36574576014916
1.2081340921803,0.611723339694132,0.343522165820175,0.0817787746438777,-1.17457627402719,0.791223516807567,0.502658718851984,3.0147795050472,-1.88441685955636
-0.0224056404611289,-1.97849037328768,1.51147085465254,-0.765060020173592,-2.20900299122959,0.968127740183667,0.988539469536735,-0.559405435087743,-0.431480327566251
-0.25302105702097,-0.673152623941755,1.20592039719279,0.985177929955672,3.02422310706763,0.906415029981017,-2.68645896584521,-1.7777151560412,4.60577799680157
-0.0546498511264048,1.34172389135233,-1.49720709805975,0.656872577971596,-2.22795645826196,-0.878955879105737,2.8948604987764,1.48875880225178,-2.19686249749825
-0.238412206304592,0.564323440881983,-0.633253340630779,-0.399796794659098,1.51387317288129,0.274931014670356,-0.859221490324387,0.355841091745466,0.546471053896487
-0.0580370187012254,0.373305430007945,-0.186268904440262,-0.923100142817453,1.37367373266105,0.752055009939282,-0.855404403705641,0.183993630788201,1.95304441260123
-0.73664735260104,-0.271720069459686,1.51119338068728,0.712759578511324,0.091492432408193,2.25445282247491,0.148309112867535,-1.88116744446728,3.17076740582418
-0.435900556887189,0.409450604191422,-0.971543104482279,0.482896825378575,-1.81312547760486,-0.293251839239718,1.87523623028195,-0.344620724982694,-2.52114609741477
-0.482572406555632,0.427121977756514,-0.814627845299992,-0.948055221454434,-0.879408468073983,-1.41714531705801,-0.143953075945273,1.34945227995771,-1.55913087171839
-0.0630959797797042,0.00409206918877524,0.138529855007578,2.8102515459394,-1.1213835882131,1.39904486490678,3.40008104970756,-1.33436106406544,0.295090882390648
-0.0259956805324387,0.695168906260465,0.0520222936280711,-0.979816638523551,-3.66982429113254,-0.984365374794345,1.92380657715566,2.91407257118798,-1.64391917824278
0.435036828691307,0.346438521163172,-0.48392961742404,0.916725033435719,-1.29386804934245,-0.310193769737325,1.9772641258579,0.25727136065058,-0.955924570637256
-0.62417994166224,1.52758963726652,-1.67704492679221,-0.575520260042372,-0.495801637478842,-1.3454606286409,0.19078434714832,1.36315423057767,-1.28261342881331
-0.496955144813026,1.47596394741907,-0.667482920918504,0.0844083949162477,-2.00881962321296,-0.947850071260762,1.08859126243733,0.587615607007922,-1.9904888346204
-1.14961349732289,-0.932443994755263,0.341631970006952,0.494638352100463,-0.355089877856513,0.193895406222962,-0.665839363422295,-1.61383622831991,0.928471744567922
-0.864258767612003,0.732595895891298,0.247480939608325,-0.527164548573807,0.348510856003092,-0.803436717705245,1.45185102762231,0.583654460647842,-2.3930235366673
-0.578103827197843,-0.236676552127972,0.890038910538226,-0.0613430866014173,-0.908535547024189,-0.191909852734523,1.78460034923231,-0.719732452030638,0.521421260049513
-1.31937280280998,1.09822570927841,-1.38613150322793,-0.259648092158376,1.25720838738426,-0.313519746463841,-0.817213703559356,1.80643521374748,-1.68816914609521
0.731070321376911,0.756964092015524,0.242383341688073,-0.71680153692143,-0.913345083144026,-0.720146852060829,-1.04090658694946,0.745845321981822,0.434122424134823
0.146740430743382,-0.103394478428453,-1.01937774852736,1.61496740182775,0.419092212528516,0.84301407318933,0.350124055889502,-1.13162749778885,0.905492096854262
-1.25868162322647,-0.99263386388692,-0.0458465485325809,-0.00704027867595882,2.58753323257047,0.445943019431583,-0.43200927362731,-0.647521021219835,0.622923917929457
-0.497118829593347,-0.649207274217949,0.983078979949537,-1.03144923110979,0.087363706091426,-0.766034554704625,1.20558240242766,1.18330289162703,-2.58666081038413
-0.718867469807848,-0.27759718219187,-0.259836005414209,0.0912290764924051,0.15509051249883,0.407557268590579,-0.14792192335334,-0.670015660524559,0.702650196443507
-0.208669743939523,-1.62972412111253,1.99871639345283,0.47306328241018,-0.756716299773999,0.415416766325299,2.011073060232,-0.618829123937633,-0.92171015056036
-0.826448127392076,-0.875680308540838,0.529569585879381,-1.30696336591165,-0.459356642640947,-0.732577828343243,-1.61422847811141,0.843750526797374,2.50229634310929
-0.635214922332803,0.615285649960833,0.212217922939334,1.05900703836796,-1.34436571192333,0.548911997589804,0.574357163002506,0.0781160514305443,-2.29120643261856
0.198313213541157,-0.49543895790488,0.323505737472701,0.51835282761172,0.0257329869686437,0.714891731387584,1.17831243627409,-0.262984561137391,-3.15008764702762
0.635214773656946,-0.286663841710643,0.78473533571552,0.211954797984187,-0.422289404203918,0.367255779803161,1.3354093935564,0.353298125196187,-1.91507272208813
0.0127367714219817,-1.08023277278265,0.575898745675592,1.5540021564346,-0.0423351718610077,0.297272622377809,0.731242262423479,0.959348726826389,-2.00860815173774
-0.244499101603761,0.583572173970199,-0.52272533384991,-1.36771369102424,-0.0662656028667721,-2.21135051410619,-2.36753719872801,1.17052862313664,-0.0305232257921707
-0.540179500176866,0.731543857517193,-1.14055079249809,1.31592542472353,0.449408532328135,-0.935846414658732,1.01870384266693,0.0225315289230917,-1.13851591112687
-0.559483266167053,0.43524803902867,0.658229309286697,-0.811021349314556,0.478187554532329,0.427117255214058,-1.32390321083616,0.556309396032593,-0.00934862095339428
-0.222894591237679,-0.0343738273294581,0.100653862935514,-0.936499580278814,-2.84649388338754,-0.886369124485092,0.702419273633867,3.06821356084347,-7.75486570733615
0.686551290469371,1.11857352189639,-0.273373718966334,-0.441657164193479,-0.485213885472517,-1.13733487298951,-2.43717711593402,0.356371285975566,1.64742102903401
0.236290869218917,-0.0992511495190891,0.878423613998375,-0.751360684748107,-1.48557375973807,-0.147139772044802,1.65308828352113,0.435569864321804,-2.31708126092509
-0.0286894836850604,-0.248308390811824,0.258010160903247,-0.532637310047897,-2.44029232500202,0.0489128859577437,0.976999830688304,1.10779253393167,-1.43478980688921
-0.478421511613835,0.526508660571735,-0.197664552131839,0.00799380640519333,0.597132745305803,0.731574304151972,0.280053340767772,-1.27434299184185,1.38203498713334
-0.688676232323765,1.24846256660628,-0.221727316731727,-2.67685935949052,-1.50903689256432,-1.99010383260538,5.34424262706702,3.37038428888025,-12.1314358855605
0.026655120254961,-0.415141598439361,0.222775782292307,1.4000027813568,8.81114265579461,0.052053268480435,-4.69751119536581,-5.54776462859907,9.26867145280793
-0.496724647078875,-1.16109871523059,1.59200722718381,1.08143826976209,0.426499467641918,2.07617457793538,-0.23218394609233,-3.31885631329739,4.31936625274461
0.66873812545838,-1.20751066936659,0.734108719197284,-4.3200588019263,0.246657357084575,-3.14446203211335,-4.45374126685027,2.43548883199118,1.5248862235061
-0.779900119533353,-0.432424621001527,0.648242988419734,-0.221681610873777,1.13072900165156,0.832997978038846,-2.11044364134019,-0.888797452394446,1.73216275856852
0.237964141006011,0.235252085829266,-1.40610139829809,-0.0493875157261586,-1.17089350074179,0.71276219616395,2.23491278763577,1.44197813064345,-1.54708866654524
1.7310225881473,-2.7270778380206,0.996850658305571,-0.0921712638980234,-0.0819698665476438,0.149151436890144,-1.10343843979382,-0.0560012631873274,1.37535389644361
-0.710916860132967,0.459681697935815,-0.824305026455995,-0.93340725896907,-0.704607954629078,-1.18543305603115,-1.05224717251501,0.868733069737035,0.903074052993702
-0.235874559952388,1.4683352071101,-0.880818977376173,0.562534744682879,-1.91237828716242,-1.86942546033003,1.3791113499908,1.72023234687517,-4.22876286752723
-0.0332451944473111,0.430824195354847,-1.0020086434082,-0.000893165734984175,1.11536457306496,-1.21087585652405,-0.430428634588469,0.36342442427804,1.15946671494621
0.559689546305276,0.0592257721176026,0.349716491974233,-6.54282850137966,-1.83087232751777,-2.84845316348295,-3.76777260652315,3.36171671970473,-1.99132651749442
0.438790876642604,0.0808481619496234,0.80232279152564,0.694364534467577,-0.269218384698623,2.35244277758816,-0.306547562648519,-2.95599033576596,2.84723033829549
1.26366315954889,0.0250514188066635,-0.378524605501556,0.388273635800833,0.197502849060187,1.00360477686155,0.993122187564815,-0.059339526466398,-1.58553974973751
-0.685468780172674,-0.379700876114433,-0.910868541786173,-0.328021764384911,1.91625546624774,-0.680644903641642,-1.43029219110608,-1.22966998830754,2.95755133085022
0.280740833267485,-9.37898244834658,6.82588949045713,0.750668802740214,-2.23951039055617,3.65017204470932,1.69805722496337,-2.39096598108923,2.35162117962402
-1.49484372897907,1.47412164706024,-2.08253342639367,5.47829256083978,5.25211002328657,2.82742360285969,-1.47531754097758,-5.74227775845864,7.16729109181379
1.09940195368698,0.0422529329221766,0.339217295970173,-0.682907859499006,-0.623501809976498,2.4719912560729,-0.48197824998185,-2.41227139665391,3.27499213227166
-1.16721080498194,-0.122308404124699,0.062276878298174,-0.380335078198729,-0.921539641876987,-1.06221389009632,1.45482185740954,0.957942821074685,-3.39901614634766
0.184663815578865,-1.09505046588978,1.40531289480883,0.192506154996885,0.0747852640041494,1.54277765933694,0.082740344824444,-0.240160966564602,1.6015718357254
0.102339865532349,2.2506876252617,-1.29422251917138,3.12574410683771,-1.06291961117843,0.928926151571626,2.82029821501664,0.405596790270016,-1.62317321013138
0.66046472316799,0.52662501362234,-0.899387277094898,0.129934114374586,2.36088670930068,-0.434938286462104,-2.41781732448374,-0.180348985688303,0.262897886592266
-1.57996831453127,0.878994041187307,-0.301731625696291,0.947792436493816,0.399950493793441,0.691812439361678,-0.506899811446644,0.94285216102861,-0.234653182447841
-0.410478494038701,-0.224471564205992,0.614631648903362,-0.438129620663345,-0.237184787423992,0.404496072181297,0.49456893465669,1.46562390201425,-0.740080610734155
-0.556015917099312,0.588806383487611,0.58858502291737,0.355394865627378,1.47726570701837,0.581087619570833,-1.27977131706041,-0.648600590468187,0.316947546081586
-0.0174242602345169,-1.16241779699076,1.18994195489594,-4.34010935811289e-05,-0.846419067410892,0.323889139827284,1.31792213521933,1.0861779221932,-3.12170196561034
0.384068065370245,0.0187401001439841,-0.794585755963338,-0.101171346467871,-0.628093080631884,-0.344506966569608,1.51675940407048,0.627363648181381,-1.28105758780854
0.346476403874114,0.362558136733066,-0.273102426883294,-0.716247009257625,-1.00005226466853,-0.303692039837706,1.36061758237044,1.9817541446812,-2.97691739547552
-1.43221213043431,-0.612516396503926,2.15095772348459,1.32749003331997,-1.05262096110072e-05,1.6888449391361,0.921037081697719,-2.15935743072782,2.57247038403635
0.449203488637243,-0.247143127463463,0.469991343973944,-0.597878298737984,0.513198665225632,0.631136640093961,-1.3015180978723,-2.07437511523725,2.63036819744632
0.209186555276822,0.018854870736162,-0.685480627248316,2.84532861961438,-1.26747608118436,-3.55258733664386,3.79930309799947,4.44756826493101,-8.06807083668837
-0.0575949803550023,0.768252413297708,-1.54422367116378,0.479592254122565,5.01991855331058,-0.22741971654071,-2.43890455621132,-2.71239951885071,3.65997991269236
0.188697299888629,-0.622644238744478,0.035712367318698,0.618943924418465,-1.18083213085693,1.2615681649085,0.478933014853494,-1.11144385109856,2.06197010336606
0.837620515954312,-0.2242201532691,1.27648313778848,0.0999083172022179,-0.468478398534944,0.78780146483823,1.32776426478997,-0.866300496288266,-0.567853652689238
-0.407451064605908,-1.29417687882621,0.858644795090824,-0.478757301135091,1.16858825683319,0.239481053631316,-1.95243466982165,-0.963652657991315,3.4135153743412
-1.07310669791516,-0.0749924806840001,-0.992036330310968,-1.32282870742731,-3.62989286158715,-1.88860160760045,1.46698641283485,3.67955600681034,-4.94406269788163
-0.160738458475816,1.76078060475148,0.689624587218631,0.275416651792969,-1.31862023169245,1.43270846828661,-1.0995495782956,-1.39581615124174,3.7790733313011
1.98697680765947,0.400238277496883,-1.02447869971544,0.993848301854836,0.186756301319083,0.65923314445519,-0.138756389158083,-0.98569550471577,-0.198349391627243
-1.40179209339876,-0.748127724398439,0.391210497906573,1.04028309259494,-2.28858195337452,1.19125917732856,3.52127833257473,0.859043924136369,-0.0316221106555323
1.14222530560489,-0.0432169534618442,0.694403686513384,0.141693781592978,-0.984183606277257,0.806879857316901,0.961732989791292,0.662101109582522,-0.00340618986011609
0.769468046017151,0.17222626232711,0.80083718386377,0.0359982594390208,-0.451949644218335,0.989087046809805,-1.15728016637546,-1.51233929396802,1.91798502959112
1.0035906389717,-0.671706120832569,1.16502209607597,0.102792623421828,0.02352786671651,1.43118894284625,0.407444935819591,-1.78046103286283,1.82900480366252
-0.39833573282933,-0.727829365230717,-0.87360415720369,-1.32330183421126,-1.26462228319922,-1.268688708748,-0.0733388415823824,2.69597288286315,-0.881804860331364
-0.414553020369387,-3.75021849023558,2.30397609884057,-0.701520663544366,-1.19335280272384,0.305083654847491,0.698974502729973,-0.934779797125219,-0.153887213935167
0.00311339604905834,-0.314196282964702,0.988127339293352,-0.325408139215126,0.0740962974739926,0.419996189900466,-0.925072436043735,-1.69181263869449,1.2051382183671
-0.374770152366312,-0.503901991052583,0.0718654532086245,0.257864763552329,-3.77536283149832,0.0523867235237063,3.80757500768425,2.10962613766532,-4.46374521277069
-0.119742154768935,-0.45841991788865,-0.625714132783487,-0.963963835590358,-0.418332403983947,-0.919354404400205,-1.44747112660117,2.33256422389355,-1.7843211160386
0.0747125408954687,1.78369333024078,-1.02822466819487,-0.0629197508556703,-0.709866778410405,-1.29110971144824,0.526832252409637,-0.14846849146906,-0.892841860959111
0.929374954379953,-0.298291608567903,0.270525817478775,0.302984531178185,0.559601021093146,-0.0656723463166642,-0.286094375710217,-0.62392996708122,-1.50090744088037
-0.87754309101577,-1.93500627326328,1.70753538119794,1.52350552267627,-1.0128105092662,2.38757028256663,0.879337292951144,-1.86808399031441,5.40188446475936
0.846324502140099,-0.843412695405965,-0.532870807097451,-0.100755629363582,-0.457866376155302,-0.829884038338698,0.423954371931406,-1.37049421766417,1.22526116319471
0.189194938962812,0.610841056269045,-0.366241513371782,-2.71418590929205,1.71170750578067,-2.29222524664799,-4.27950347520436,-0.0838880749157584,1.52868886744691
-0.0613156471535999,-0.916237023424984,-0.12090884212938,0.973046743384277,-0.0987864270513068,0.670511720063874,2.27334400256287,-1.48401318979398,-0.196811290035923
-1.42050538006848,0.381254563063902,0.654830061543429,0.44668554693149,0.125181387146038,-0.331741278700576,-0.902436276389121,-0.648352341219065,-0.0328822700322378
0.101137222388773,0.70222915618066,0.710627917042474,0.688031096792022,3.93829494357733,0.887377599178232,-1.71484153850018,-3.36618162072209,3.46324279856253
-0.0266732876542574,-0.495945966902384,-0.5034683179982,-0.370546976336434,-0.45665218363651,-1.14237712819503,-0.540052924900659,0.520066357733346,-3.16981415639569
-0.838205515452234,-1.04892649245345,0.559088704831874,1.00276955802263,2.78394983155849,0.265444718518804,-2.77822164631575,-1.81150559480769,4.05200117277925
0.000655024893128723,1.20615121432151,0.3991716632105,-1.08134528187705,0.809056983337952,0.143816898524507,-0.868598665450794,-0.865040067223681,1.11147406639814
-0.853551930157728,0.527430061119879,0.0230999423877202,-0.687330225385787,-0.86430437131262,-0.59208030303217,-2.57439604897901,1.34726969781871,-0.176464003065173
4.39760337372707,1.21763900665802,-0.537310214766898,-0.219620809393673,0.459551053478766,-0.435393510386812,-0.632616942713082,0.665847997479937,0.222101688088858
-0.99667297692528,0.912372965669367,-1.44095902087217,1.05743397880352,-1.19616113972937,-0.780972073808184,2.79717137557037,2.97617266131215,-3.86979459346622
0.888801990671503,0.428506194891003,0.866007340669328,-0.885238045545042,0.74708456697537,-0.187535411707361,-0.873583927834542,0.38123338107037,0.429969483227873
-1.0072382847472,-1.04574304781917,-0.0360924060874179,-0.680456485019759,-3.1186634933052,-1.0587022298173,2.37917438676111,5.78513689260546,-4.5653401197547
-0.0041545286530613,0.48904232447912,-1.40063746508798,-1.08709185585114,1.35262592270422,-1.42379770616068,-2.53331653796577,1.45492898988258,0.493003633640656
-1.05754087673439,0.976709032753605,0.0937184410884229,0.364058051276228,-0.550618772868373,-1.24612775858776,0.169062735388429,1.66150349261077,-2.28874327730436
0.524207464941703,0.765138806369035,-0.736777526711801,-0.27587213787642,-0.684104334881363,-0.587821761391969,-0.750386120592583,-0.43839870109604,1.18760606886687
0.924112295181525,-1.58692838337827,0.826274015202073,-0.305060960243813,1.19284843971129,-0.143284224253386,-0.61903252087864,0.0105302782756408,2.00027935468386
0.39515548099509,-1.21035366364791,3.03493983746301,-0.180085141468066,-0.985607184929052,1.97709860627795,2.18401290994748,-1.78377301369004,2.61863167739728
0.0165811634597037,-0.643889466575336,0.593055478181316,0.569050521791202,-0.0454561217590605,0.319592155361877,2.1930889796061,-2.00255908602214,-2.03420158612498
0.746393553622669,-0.522202193923773,0.720384078567411,-0.696994776461688,1.57431701070898,-0.0450011960235877,-2.60115606929839,-1.26594307805473,1.20257428043539
-0.959579432081767,-1.13338661317008,0.149479337407295,-2.06268601103194,0.0391702150701108,-1.99790630216702,-1.58463757942102,1.55556581681386,0.486428071769874
-1.18536940762624,-1.47581668513244,0.394218806954783,1.84939393936715,-1.13999044471009,1.64261081046509,3.47593629210066,-0.996905983607504,-4.33486088530601
-0.0146752209164562,0.519151439110359,0.409785085634812,0.417856572089434,1.90159707322572,1.28443369032676,-1.21254596004718,-0.814074682056176,2.74894012819518
-1.84031360720237,0.046754136583564,-0.0672361852814572,-3.15914244610751,7.13760120838818,-1.17938600836297,-9.08399115973038,-4.27347905884266,9.22098502783565
-0.972068188379602,-0.596349902352435,-0.358129377465774,0.842514662200453,0.366601116175478,0.35800864758368,2.7239358859356,-0.227374768646422,-0.663858653324748
-0.0819901917529215,1.07203952863501,-0.542586601559264,0.106681039806466,-1.15942855439846,-0.51854013825109,1.58795297325221,1.91894162536111,-3.53324888977924
0.870758245685052,0.100178016262079,0.170079105278958,2.134580579226,1.14235217124622,1.86066835528941,1.25713283652204,-3.96508386142723,2.37263219536558
0.288805340825808,0.865604572839514,0.923129041367005,0.634393491883432,-0.276834295318459,1.9934698894601,1.93994303319648,-1.40144050397732,0.769050201179794
-0.231758057709874,-2.02335936670162,1.50437295458942,1.98356619680102,-1.5801244530793,1.70930185094479,2.78545327109687,0.192555834916431,-1.394621229656
-0.112818924787473,1.18184324586142,-1.76793566017206,-2.17922335418994,0.788466625489792,-4.20894999130688,-3.39019161527584,2.39401197670994,-0.0910921498370076
0.399009562514819,-0.329100924862593,0.115101661867895,0.844755274026529,0.832944836548317,1.1485622857252,1.3827717630579,2.21840132065027,-2.61546426053455
0.59873037791622,-1.01804907533849,1.21824701382451,0.174308205736851,-0.905267737543464,1.62527864721871,2.02985089927563,-0.250552932371337,-0.0248945055728574
0.304673240219137,0.907749395032011,-0.961226108905951,-0.424940999157034,-0.273181363497328,-0.521019641782934,-0.518249207278736,0.890586040046296,-0.938339034192175
-0.481370309343906,1.19404636574204,-1.78750835104999,1.01022949760206,-2.29124531177097,-1.73853136025151,4.18020691915893,2.31882516431376,-5.97993778742194
-0.130408414098346,0.285040824097464,1.09132281149847,0.233312069013164,-1.27093257801905,-0.952902282742664,2.18930621606143,2.71797824906086,-3.64104816568014
2.24091325077567,0.908336896501556,-0.0787958063316262,-0.122193030212894,3.81503539363448,-0.0969642553422822,-3.03956257700913,-3.02306271742135,5.17595459873105
-1.02437390063167,1.96212878495069,-1.25876799874679,1.59523971666753,0.69435708772552,-0.0160349643289054,0.495052172249184,-0.806506716379959,1.70775088400394
-0.205463291711679,-0.460882746720757,0.791119430431886,6.74225907245065,0.115234892035691,3.89573686974071,6.10030822306128,-2.66143998805665,1.49788739511978
0.789301252095006,-1.13309238850235,0.804307715168259,-1.73486314401789,1.2414443537879,0.764931726112835,-3.23876898453792,-2.61157705710743,3.53360676545865
-0.00536194018798333,0.821848384887905,0.243372905676488,1.02268419309751,-0.344269731037349,0.864256887358632,0.497689386654296,-0.42240771465182,0.47601403086348
-1.16437827029281,1.43947505860417,-0.896394446187954,-0.908975544034537,-1.640972654734,-0.542759865372023,1.01191192938813,2.35296464732518,-2.57239418047622
0.608217541108246,-0.359079643182704,0.14559586132014,-0.922662226292426,-1.79731606444299,-0.209962158041601,0.700190745566462,3.66876888568301,-3.52471714852924
-0.463340622289643,1.34549015849111,-1.26391552134065,1.0811905320688,2.46228590060696,-0.0402799456787397,-1.52746844996097,-1.36314656688273,0.931363429991871
-0.944140820636943,0.922437671070655,-1.59883003515022,2.64806506404246,0.290445945625389,0.294653176548764,1.97168431843921,-3.25382686944509,1.42314129773757
-0.517556316863023,-0.818914517734339,-0.112841927259861,0.582549691984728,-0.697890264377865,0.958707111975982,-0.0283251735341479,-1.28295027677484,1.40688490376522
-1.10039260279708,-0.304991209728402,0.788172806654598,1.0040096854824,0.457435628187936,1.31205375897141,1.61623127871424,-0.370568774480501,-0.353386300641386
-0.97291329906848,-0.426067283762282,0.615059454268469,0.49794137733215,2.50476208228438,0.808593957426617,-2.01382299032618,-2.75138184840715,2.6965919149396
-0.299287662577457,0.675943089956752,0.0856903409312791,-1.12185860704521,0.656894021843077,-1.05396811361198,-0.424889965058623,0.224725158912041,-0.43330634968529
0.817877787557067,-0.96025265260195,1.44400289345977,-0.13257920327286,0.644046130749567,1.15002012578153,1.9988595104098,-2.82345344178478,0.951369887628291
0.0614370006292682,-0.892901183120373,2.39454409261819,-0.534779987165489,1.21720089558244,1.22463074058416,-1.31057494136768,-1.74461966782246,-1.13963715921053
-0.0161214461122452,-1.1551800020843,0.747319128278268,0.854364068239638,0.798251667641518,1.60161320046733,1.25050038837955,1.92514457102397,-1.84242061616251
0.398365935984919,-0.682736211472404,0.418788519146744,0.552910000434206,-0.00081504437539059,0.514509604491689,-1.43823760276809,-0.0118085651495347,1.70587047870315
0.207343328916251,0.613018013629671,-0.299104192452258,-0.0355931513150844,0.495438602143285,-1.44423744182467,0.101479188216462,2.20832727975529,-3.35645989536879
0.640398314777699,0.260318523050773,-0.948158485086351,0.0916760925662982,-1.94066375880005,0.592602909737502,2.5127670076138,-0.449826803806627,-1.01267559403965
0.133301882267994,-0.368454932692583,1.41257676292842,-0.047660111001629,-0.690686509244473,1.07300647803096,1.04236199956226,-1.22210061214484,-1.07365180566742
-0.00671450072800981,-0.751373518404103,0.445636166355546,-1.09664315545791,-0.0526386204585391,-0.113718348641353,-2.35279398459336,-0.157798842624481,0.398170728494791
-1.06619806358908,1.3184328704043,-2.2263414776064,-2.14904417391883,-2.10528374453864,-2.66599976317996,0.582893390672619,2.11287457578756,-2.27560334200452
0.111309745232157,1.07636340206381,0.197120404717713,-0.705564310922776,-0.521189924252,-0.288098868660329,0.404674394757936,1.17558947555768,-1.40420396729672
-0.623322087776417,-1.22519370117382,0.734958549809262,-1.2902381149486,-0.948620927283889,0.0959121289371929,1.28437184055383,-0.876546424558614,-0.876552138866991
-0.0512717584926181,-0.578103021035619,0.471268540058387,4.48439558966694,-0.24063730635327,2.25026102213627,4.31215635410133,0.186599979735115,-2.44768317651823
-0.286409757115381,-1.74568777527865,0.667658907644682,-1.92576164532073,1.26496087722205,-0.75147261618987,-3.59139201025552,0.91274753859823,1.41080702957294
0.702013050683918,1.10044285388854,-0.888051630524851,0.647232442415731,1.09203835430375,-0.170179092601327,-0.349150582744669,-1.37197515158925,1.75946935184841
0.0209106663876097,0.590351497719441,-1.21510316880495,0.796795690748624,-1.83285650846173,-0.141396334753506,3.18363928363047,0.43235112490429,-3.66066660878017
0.826357250658919,0.124557503474185,-0.556987885810237,0.0242218706661803,-1.35466970530225,0.867326850434796,0.119018526749488,-0.914254553954568,0.786956384217344
-0.0726816933131693,-0.513950959332121,0.693416563029125,1.22381159054324,-0.420207544581637,-0.174917725216774,-0.677348770701352,0.767334395987577,-1.8443640484295
-0.856211585751902,0.708793746869933,-1.34794846454069,0.472928779983891,0.277840507878466,0.197120378209944,-0.304529771900159,0.593731778433892,-0.80413326034437
-0.774972040761498,-1.38024358730491,0.891286997389361,3.5720513516507,-1.0761767476605,2.8868684630016,3.43857758180325,-0.727530084906742,0.242573144529324
0.282362198066102,-0.391959264018716,-0.361361216897762,-0.530897859783976,2.65630911824874,0.556830430356243,-2.72703261724402,-3.87195225413707,5.26413818086194
0.11078792063108,-0.0420732980686604,-0.878651341403462,0.455724653632142,1.50513606610253,-0.226268179523178,-0.327867547376492,-2.05866869563855,2.39433912365699
0.9776849852694,0.117435015429908,0.567866139911491,-0.147644390764445,-0.490390455750771,0.947116727944572,-0.845675593912555,1.34420853945139,0.547550739698448
0.577367188239306,-0.383594555118947,-1.55916711368558,-0.847020158789597,1.49951505540919,-0.794234966607925,-3.05214666194066,-1.80794485950477,1.97466388046642
-0.907745516965449,0.660116782329111,-0.564574690148707,-0.0705291138521737,3.78041800281642,-0.836290930085687,2.67536420608646,-0.312760459176417,-3.27138686806135
0.857383079122134,-1.18174097694973,0.0909292446066133,-0.0773426508942265,-0.397674161267992,-0.241737019232312,0.250218088214918,-0.925499807237546,0.492149154012075
0.0637121146695208,-0.0744960333783924,-0.0138485302136698,0.848847273495183,-0.893458787034388,0.655091511483704,0.941959710023196,-0.0994271878237936,-0.833927213518582
0.874216034561811,-0.505801655582332,-0.107296518292897,1.01949974407381,-2.22505897496388,-1.39228282977539,2.82159521136325,2.74073968304538,-4.02545569068867
-0.939194668528062,0.140614625364064,0.760908177272222,0.443318376433801,-1.09610445742651,1.49383914784626,5.90962077471273,-0.391377093098119,-5.80234178778123
-0.388213154864477,-0.208232102143538,-0.293743429339436,-0.699908258251167,3.64566642768599,-0.898178008925589,-3.87343839803295,0.29018663856503,3.49463964117398
0.507136101804336,-0.228494780238467,0.151770307884765,-0.738366423862339,-1.59890848239017,0.184102300205266,-0.31087473287863,2.30334160168932,-1.2575029227819
-0.391871184606122,0.0409008173644488,0.365820943967812,1.44502846003034,2.60840122405419,1.13042673841026,-1.92210710857221,-3.03362398208827,4.731414221073
-0.213235592908646,-0.788627362990571,-0.330958776122043,-1.14167693150272,-2.17769068629865,0.266202109533137,1.32122466782907,1.10768560505071,-1.51537624601922
0.350718405657733,1.65742612395467,-0.677159285682613,0.164426038308335,0.000205953087407183,-1.22873310518507,0.368294533678057,2.89815095885003,-2.06238976951448
-1.67099571732601,-2.33396098010754,1.48644829805496,1.42881335169654,0.00122045232789127,0.774104510332828,1.42421994888974,-1.29140814597558,-0.464004344813335
-0.358157500897304,-0.926123088206704,-0.156474144719301,-0.790756209509132,-2.03018021430114,-0.415868352080772,1.1730745199954,0.951721188749563,-1.97103191085017
-0.273519795216748,-0.616835095066497,0.577576108055136,0.912363520721359,-6.2362019631666,0.936061299289785,12.2974546334164,3.03904762781296,-11.0284378984223
0.279058464181044,-1.65742562983045,1.44042743850961,-1.07343302937445,1.32629921067756,-0.195871098974368,-1.25097899197187,-0.55253273926659,6.04259222844601
-0.522814346382714,2.69799235648126,-1.47692345931746,-0.0951635843582972,-1.1173074935218,-1.65495964056858,2.47974321452163,1.70957407800889,-4.03212533420216
-0.919018173531704,-0.941277630736066,0.248793279683603,-0.685801312412324,-2.88073216882566,-0.21266394495484,0.205818802508,2.50162901601198,-2.28658251728833
-1.10032603850655,0.930025786498168,-1.15400039073202,0.730957754965077,-6.39281672802537,-0.478714973247379,5.91781048984808,2.7832087266992,-5.4231349478878
1.20071892379839,-0.260078885116799,0.500324096959606,0.557774155482,-0.835769617107129,0.853766459843152,1.46008956314462,-0.606963036081174,-0.694055306173518
0.528233365334921,-1.2902448077977,0.429776732933906,-0.648596785844763,1.37407232061605,-0.132889031869995,-2.48519574472106,-2.34041388536229,4.57462651631283
0.283897937122488,1.03010947329281,-0.861896756180567,-3.8353937430004,-0.633458596845026,-3.52866778438061,-8.13720277053714,4.30510209958716,2.92462539718346
-0.286980530596387,-0.79843523386178,0.681012937817997,-1.03314713845536,-0.660953795799287,-1.01906375184585,1.44003153884769,0.86647829207127,-1.30105318339859
0.976732465886636,-0.771863940005391,-0.168101292210008,0.832269544911045,0.291643084488482,0.091635475776252,-0.975435465741166,0.633713418142715,-1.3187834613309
-0.383181661021957,-1.59526614028271,1.12921074495543,0.635582035599706,-0.0903124149368272,1.05636446395202,-0.437220088748754,0.661319369184536,1.24679753271975
0.617666710392813,-0.00859240721649921,1.16439878888353,1.28836390094334,-1.75135848575726,0.21818907011211,2.42051247192757,0.235526139619347,-1.61591037238843
-0.558697560300808,0.0463750499403877,-0.0366908950935531,0.704468790071212,7.91219177660473,0.330929034710985,-5.47592120848025,-5.00909860934307,8.59950889772447
0.900727131749639,0.941449731437633,-1.13603914389698,-0.498711563272369,0.414255407732761,-0.862050828378896,-2.01137999755541,-0.713633758520915,0.68720397608377
-0.20559642338374,1.57294965154411,-0.631945534628132,1.87183199502252,0.592310013343191,2.22873085018034,1.32882924562242,3.38020850475766,-2.42700645083085
0.987564170337807,-1.88685166503247,0.80401060903706,-0.493319014458486,-0.559640029632863,1.10461314594894,1.05046740678049,-0.953382625048915,0.547636597193547
-1.40802844371661,0.429560631446367,-0.496105972925411,1.16912837819042,-2.16430236560627,1.53438741003376,2.61470922070335,0.845699330574219,-0.374669819620124
0.247327292156338,2.25711081833254,-1.39484560740714,-0.7894920074856,0.181740481285909,-2.50848124142255,0.218107477097388,13.0585669488661,-10.40002403752
0.674723809637148,0.236893714732851,-0.141650093749471,2.78854243559766,-0.468185295796918,2.51414733530819,1.90080489841563,-1.97302398981883,0.252864820180385
0.362754482395607,-2.90434002690291,1.12231297564597,0.646449224421564,-0.017557064061228,-0.398711088055796,0.543557878210725,-0.339010046861734,0.130984822419034
1.06712196447061,-0.965549377241401,1.72965494997112,1.05731201529517,0.721830622706245,2.71014451359521,-1.15498608174672,-3.65248189880151,6.03488199750693
-0.0814371535579659,0.000572667940597887,-0.267061497378069,-0.593061573114266,0.984763425464688,-0.0806109995743599,-1.20645791458022,-3.80215319453554,3.70239670133458
-0.702685177868277,-0.611663431828821,0.32754036674624,1.66277924993043,-1.09189313152018,0.445021936625794,1.29896311629083,1.09273920849791,-2.37661177682683
1.17498692856718,0.354084403761902,-1.58982125750904,0.176697458392492,-5.71600842401828,-0.986808487061245,6.16764573050753,4.43383382724253,-8.61021912346456
-0.145847987724524,0.589999893843739,-0.174248623657654,0.850192384899903,1.11200887961034,-0.368374540710724,-0.659804586500454,-0.952512828975084,2.03418366426087
0.636339643524005,1.03482413661794,0.1281206917599,-4.60469694824154,1.59218305352919,-3.67042773317783,-6.62240596000789,2.19197255062275,-1.59654197094535
0.436286011827428,-0.332063807390709,0.618812705467708,1.20442525150902,0.831394684700695,1.80413676422653,6.53434540980296,-1.91348497217174,-7.11998506640681
0.518888099177205,0.352963427002531,-1.21217024403949,0.188398333579294,-1.13579140279233,-1.10561950844055,2.1680355795029,3.13824896063259,-5.24860363753863
0.090830279337043,1.19552227561932,-1.2309687714881,-2.03357713951887,0.383441952343591,-1.55158266379242,-2.82791565016943,-0.249399306536326,1.85477789459317
-1.04577357991144,2.88291897137881,-1.23498515075925,0.316796237547835,1.06223056652741,-0.908897026743151,-0.191335110534563,-1.04419365981467,0.71413407910853
0.639221557246013,-0.0494543893371796,-1.14652364135475,0.85629463037458,2.28447453405263,-0.131914616206561,-0.952231347845462,-1.86720414825411,1.06898050875958
-7.64839670453232e-05,0.699217943559755,-0.703929990262214,-0.904013920493704,-1.38004891938713,-0.442833705599749,1.16607741571828,0.0957142030760736,-1.47897367753856
-0.212346663665025,-0.19211444541507,0.0556727917981093,-0.116294751514527,1.09321064290529,0.965336704022238,-3.58337975617721,-1.29504555260272,5.1781498450074
0.0884648197000167,-0.421443640164443,-0.633242348409844,0.0964930206859229,0.466719187317766,-0.556510072598718,-0.897059997909091,-1.31846292083835,2.164497327231
-0.876077226548762,-0.972578702722051,0.10617229120885,0.535567517747791,0.00290758213138438,0.693155479531302,1.17584318321694,-0.61886252045952,0.618889566355035
-0.190165033201215,0.641381033957607,0.338793974181865,0.839519574542632,3.10991735121756,1.60734558247724,-0.468393558983874,-3.03745173821824,3.8926281029493
-0.734002115595957,-0.0951665444180258,-0.168187264491012,-0.340088602766436,2.4339111345019,0.472442963993141,-2.40426871064636,-0.103346218299836,2.22421234953585
-0.35851168088755,0.64984906237008,-0.953992278929343,1.01929364876132,1.22835940532383,1.19805596855464,-1.65889168943885,-1.3615963802712,3.87202151730616
0.893081854573263,-2.65641355333056,1.85857131836627,0.526577855977956,0.0310934466356805,1.80244013618331,0.375797095606347,-2.49775587602034,8.2027783488513
-0.487814502256496,1.14488305725149,-0.608951514369115,-0.750627666186276,-1.05779790231806,-1.27896385661954,-0.468394859092084,2.79399431863475,-2.07970879804441
0.780543178514768,-0.537167712856828,-0.194559590181513,0.186961563860629,-2.93855239653089,-0.804945827786524,3.5175636795797,1.30231506657492,-3.1186730319843
-0.567740774164361,-0.310174256663842,-0.0151953419719818,-0.0234931289503126,-2.16675984976325,0.63041222259817,2.37561703301742,-0.132176071403087,-0.638575065429328
-0.0243880776655774,-0.728877900138058,0.676811173628847,0.797696453627255,-0.972768517913883,0.653216552695613,1.32518585167898,0.752028323330199,-2.47440747567261
-0.241513996629828,0.253520789399888,-1.14152280063472,1.05107400438026,-1.1702760104222,-0.53560432294379,2.5635115319371,0.942395955683813,-3.70975325297757
-0.816797634276113,-0.0126441753028262,0.417903951642283,0.625306199481912,7.07177405268086,1.85020279288988,-5.09353325037147,-6.19525053951771,9.43997946098092
-1.18426091278254,-0.56935858102014,1.13964748809174,0.695804546737612,-0.0852142919226114,0.522291323605436,3.28491059455649,-0.0952331302199622,-1.76095175517011
0.846365902710709,1.36757786732482,-0.413400114632559,-0.58476219546774,1.52036840581759,0.490169295958756,-2.43786792341356,-1.30405523716725,2.95099135658846
-0.228196892510345,-4.25962732230388,2.2069691904184,-1.69445895911342,-0.341959953329473,0.598994458966936,-0.604286561612213,-0.54080091518244,1.50409282454174
0.423936304285605,0.403486774739759,0.298551938217584,0.270456901863802,-0.566779005465823,-0.359764010832701,1.45000281159125,0.976966290489382,-2.39674271131575
0.60246367411248,-2.40133246884285,1.09926816011406,1.13014469189329,-1.8517457079592,1.36408293181413,3.33869640146985,0.0745551693079392,-1.2673288438192
1.14618996807076,-0.819975230249244,0.413420473164983,-1.39283625049253,-0.889212514612398,0.280207970202422,0.434387377761674,0.309166552068115,-0.176280028884419
-0.800198114279443,-0.652282180639405,0.412888815729031,-0.597630384639563,0.287142767977669,-0.110885019896503,-0.956895624561399,0.194129241855013,0.657433805902459
-2.01420769555811,0.665558716656928,-0.361835661136429,1.18239374018498,-0.223944610929853,0.548983714855579,2.01531836006872,-0.839003876369232,-1.59695689370896
0.268543624188527,-1.76661660215279,0.34496722123795,0.852515340300249,3.52377180231192,0.16064964058789,-1.42964732542617,-3.02695795784961,1.80116526249504
-0.455495538852497,0.578969815964735,-0.981818313725542,-1.04434148547655,0.350065792426298,-0.71073736122772,-1.65252220273819,0.659065649506005,1.85140273301264
0.497685487853125,1.35585129255213,0.148298399518048,-2.25182396538591,-1.28232258247195,-0.937118065395871,0.0870371619574768,1.21775725513253,-0.96071347197713
0.192839724355866,0.666078786928402,0.251022575641518,0.491413124424282,1.39220348014243,0.0370549882572718,-1.2652351112177,-1.61594408760046,1.71082475471487
-0.499009191303877,1.86488367019935,-0.211799896020132,-1.22795543718778,0.102706161627919,-0.053151659922043,-1.06536069066126,1.08153444493631,-0.074737528564165
0.828015680406546,-1.28375328441634,1.46677440109235,-2.4211635766566,0.463305539868452,-0.734834806273181,-0.508676425328047,-0.0597343141609655,-0.000820622907693125
-1.42256908064776,0.859233209199817,-0.690941490529829,-0.196641726583871,-3.35187337053149,0.642307170555991,2.72933534942373,0.848228819652465,-1.96891863119688
-0.677049684278872,1.26076647774382,-0.330675339474625,-0.399540730478154,0.249339806319535,-0.0599514708772974,-0.732479759534151,-0.381319686083573,0.595936811488818
0.935523670065022,1.06495264531185,0.249750871447916,1.49226986235061,-0.0248052820627378,0.418226671331033,2.07431993520531,-0.729001168336156,-1.76699793771172
0.109579975067582,-0.103517724824923,-0.733050827924584,0.149550490196726,0.250351784976394,0.841260832166073,0.501440297929154,6.84678578264132,-2.98632060029128
0.148137140696522,-1.55515469584584,-0.469867718910522,0.0827940788771226,3.44083231205826,-0.239257852719846,-1.50960336321499,-2.62259708885026,2.47642393677339
0.9076876698973,2.76056411061311,-1.08331561217214,-1.14032205071972,0.0903056207453614,-1.44760226082992,-0.106232298070043,1.96452788225046,-4.71455635022922
-0.363351109139399,-1.25315396945773,-0.832948989145104,1.9231247417706,1.13037322630024,-0.102611376526863,-2.28464447236072,-1.84728939919677,3.56885458086582
0.00215848089686282,-0.830172689049315,0.472962661746138,0.590969896953878,-0.773210969317634,1.32766423028689,-0.678628778016817,-1.63646503691118,2.38384235822014
0.354379984129039,2.18241472694867,-1.39824327899225,-1.12721211149617,-0.849740577190503,-2.80068350734228,-1.27278590431243,2.78267013639741,-1.47908826625354
1.46653751380193,0.778580102724563,-0.4600950053352,1.30113057251011,-2.49329432679796,1.85021355147605,2.40774342826546,0.482967873783048,-1.94621447201227
0.410339840467654,0.158374574742656,-0.668129502893558,0.397674976467945,-1.35068173895176,0.0965945651518303,1.83857155729148,0.439688381596331,-0.645506673863358
-0.122450109103069,1.0474899459223,-0.797227472356518,1.11786232124654,0.798049597958396,0.44178620156888,-0.259982301188674,-0.375031819576232,-0.551867825328189
1.95928743024191,0.562637220803221,0.579699667154465,0.602414368942644,1.01910560738283,1.10348131103017,-0.26202496336511,-1.91552399623314,1.06541784113792
0.11353705360509,-2.02869576496316,1.80919690529441,-1.24958073589608,0.225368293752172,-1.16989985805411,0.08309388216203,-0.817706491864103,-0.000505688429005835
-0.652758536977719,0.0010959882016077,0.0915350504085506,-2.89277448890448,-0.414202051951747,-1.89637104300332,-1.13008464381316,1.3181928033373,-0.738337832542694
0.680488124717119,-0.071993497077587,-0.041787437084036,-0.642531262428585,0.354359676734978,0.0737229550776553,-0.443548558641798,-0.279243606702833,0.352583233770361
-0.0241723645770267,0.58445174327351,0.084387256779911,0.658413451376045,1.67182917040849,-0.0899515126533895,-1.42657397123841,-1.22196788115022,2.16406405164881
-0.50055327034673,-0.340867340093433,-0.627333603630041,-1.59582399934492,-0.941335504204113,0.191492254938254,-1.48150405228292,0.69925623189019,0.695063176627273
-2.80154546912986,-1.37582146826756,0.874392874953633,0.107905068171756,1.14875907843953,-0.105290665895995,0.55029352948385,-1.7284679333571,-0.55025381582417
-0.479688082767667,1.41180901883634,-1.3564746171488,-0.464187034481734,-0.182537043101567,-0.983800548689044,0.359385173206307,1.53238038695201,2.61032414791975
-0.720642823177822,1.06996914031515,-0.198404962088819,0.710789180361755,0.0576101781013182,-0.43631748039296,-0.88177695614556,-0.227364178934998,0.200509917485759
0.116907828156245,-0.516171215425819,1.04448092951647,-1.9925234531878,0.924255995404019,-0.0422239816236044,-2.41871324168144,-0.247576739194171,1.94010547115454
-0.108565137711334,-0.586869510011355,0.332429018499785,0.454749530959947,-0.929940993618193,0.689149266786974,-0.640885826660871,-1.03820718748563,1.59115556467538
0.253855973600419,2.1072947197806,-0.391536872504711,-0.555251619226689,-1.05718551659511,-0.57574556330121,-1.97595514420411,2.24285324451126,-1.05563585177104
