-0.595892320727641,0.265782901414808,0.425510362209668,-1.58974145839594,0.572143203375733,1.38609385241176,-1.03811603693081,0.0924214224014636
-0.0293472689432408,0.0151943304148351,1.83645810563873,-0.507712709553116,-0.00341579190322616,1.93846927209383,-0.409273152906789,-0.197577361248158
-0.0649765575172925,0.970657142448062,0.772992318584723,-0.64396450356799,0.557215813162056,0.094989997568069,-0.552844800462693,0.0486779714292863
-0.141397690575436,-2.79907751089001,1.00608153297231,-1.34122127180911,-0.668193283524223,2.21951407122746,-1.29013551058926,1.09257608632835
0.0608044312114299,0.756083532364646,0.00788944034244384,1.1325414122464,-0.674913856353588,1.25160965783622,-0.751490373078749,-1.32961958505288
0.643583911172388,-0.891606717642205,0.456160130339861,-0.379994759199618,-0.733416254702105,-0.957118411051618,0.271611002011968,-0.00681359566558903
0.276389419761355,-0.268067031877354,0.355834936635317,0.781188827736832,-1.72619778054319,-0.370235016467051,-1.83009203366163,-0.457229106799946
1.37464253278928,-0.00129702015341945,-0.297032989736165,-0.754316368129345,0.168365228208572,0.0730837664126888,-6.11426949896223,0.964946731909399
-0.850381206902195,1.0400511472153,0.151089125528871,-0.206927027133933,-0.144409917844658,0.257280657583491,0.076022636693487,-0.777675102550826
-1.23683368207424,0.449736951235613,2.01677214877105,-1.27994072230106,2.98802744883015,2.91622843633882,0.368345490220574,1.2878064802338
-1.83051658138306,-0.266372745613036,-0.0484166198704984,0.806416897203358,-1.43187776115618,-0.512848820596909,-1.13870847282144,-1.0813913926748
-0.47088533725306,-0.0548356757018166,1.04470884950537,0.422790351906502,-1.11932598095822,1.73173035470188,-1.13392674799033,-0.627898441400576
0.196410490286416,0.0394850610480503,-0.0421219335232681,0.60271695049574,-0.604819573234863,0.301591978766267,-0.380939065540831,-0.465889268784931
0.0611789423100741,-2.34000803172017,1.1800744170809,-0.786154061349935,0.842528490841489,1.79603314591597,-0.776135597326841,0.407891710363365
1.06400135828817,0.803955074174415,0.00308962133363728,0.727237569849193,0.200796390703712,1.41947112551759,-0.914879091099791,-0.280853828214488
-1.91570020706769,-0.178023070980831,-0.357015186585647,0.0926197595653679,-0.95031329376144,-1.03438492555433,0.679810823813668,-0.71633464998338
0.839789835261857,0.468649724773875,-0.429453966052122,-0.30453457496429,0.36116064842379,-0.625620471927893,0.74767134313315,-1.279813324777
-0.720594725322701,-1.24671354858448,-0.116075554797948,1.47348853506536,-1.08151499145274,-0.524446820587518,-0.313365463205314,-0.165647355750682
-0.969587640547291,-0.828345198201236,0.5856229640985,0.432767695524776,-2.10658089913444,0.483344564133281,-1.41239994087412,-1.90784911476143
1.57414456567932,-0.601908921727174,0.742752548132329,-1.34422958868788,0.0121429294097951,0.419049222730815,-0.917381733497848,0.0637138936859529
-1.40036509155964,-0.987851609952544,-0.79870318221946,1.8722616374209,-1.62709924434423,-0.143591792465179,-1.65507969621709,-1.63356451274709
6.61986290336863,1.51288775250796,-0.726678995096014,-0.730687577815338,1.19692216597158,-0.839518970857485,2.07795290029472,0.732219253107164
1.06174783006511,4.71567501698195,0.316262082531876,-0.189743914747222,2.39510959311421,-0.141342359423532,1.54854899489645,1.2322646303541
0.307971589345323,0.0366831001747497,0.924387004332759,0.911913838351777,-0.947810837563075,1.16604204657827,-0.765849054519014,-0.374164515940608
-0.988358432443751,-0.706249316741856,0.750378605635067,-1.91520468323552,3.21490252957169,0.975335212578436,1.14874248941932,2.46507272036645
-0.35327846626445,1.53622208961908,0.270577682413307,0.572751106956167,0.683266113548624,0.557562435049381,0.0512782751900619,0.382099057582909
-0.974212491201854,0.374523901187366,0.378287843113269,-0.477429943305263,1.46128753039078,0.950805424784381,0.375182535369134,0.713913662091518
1.46096134678579,0.946408983353396,0.206672481670901,4.87605295562178,-2.43170722032958,0.166983794118561,-1.37306767176847,-1.11483119786398
-1.37114948330323,-0.0090958626833945,0.000940452392177963,-2.8137509373787,3.74343772874397,0.000360351273323848,1.65444631482752,1.59704631772024
-1.12936907010655,0.0182542857762784,0.623372808428985,-0.236630790213653,-0.242720046895671,0.18971732650508,-0.78545296274069,-0.437909280338191
1.11900415113011,-1.41279815201059,-0.379333317843536,1.6223467779129,-2.87527462246969,-1.22261287937041,-0.807088681020355,-1.34570768326197
0.346294899338154,-2.05033378214029,0.887248109980403,-0.800738717154012,-0.656967375592097,0.990398225626441,-1.84280261203607,0.353809237798692
0.170929163771403,1.24894792980081,-0.186190611254195,0.884868375561911,-0.523097489928664,-0.98480745468963,0.471851328851116,-0.338525530920317
0.0581623677738013,4.74516205666778,0.000351691290965002,0.472952046104789,2.07122602133136,-0.0922241738725624,2.46505784841582,0.715423684918667
0.0242979229755529,-0.614802805631378,-0.599107611341915,1.44171430398679,-2.27812449920867,-0.578539982567127,-1.7195408537472,-1.11158839299237
-0.503159339109613,1.43405478248234,-1.11878904271574,-3.65167368856597,3.95749917080249,-0.861852136117795,2.19092320034057,2.52802322363791
-1.76997701152023,-1.35900919373971,0.471752109958622,2.38375839030995,-2.69019941874333,0.771699819483387,-2.69511477209526,-2.76086791533784
1.32140015649954,0.222761510968886,0.353088172505868,-7.24959229744902,4.67193267403929,0.00191953151416507,1.93328141961258,3.07148647881848
-1.41138869982234,2.64538494067934,-0.851423484892436,-0.0148838516123285,1.84104047546634,-0.764757193542126,0.954772867532119,0.498991573673235
0.157603952572058,-0.61325645678574,-1.27006146073546,-0.375615764525469,-3.59131408824177,-2.24787281427674,-0.575392721116464,-3.12752151443718
0.238110743952165,0.28267107829303,-0.0910298099047026,0.397917224565485,-3.42645281992924,1.17489484850432,-3.68176943849575,-3.01000329987788
0.0107202685683034,-0.802763621907158,1.09184180916283,0.889050969948804,-1.01763928460225,1.39250587497148,-2.70907347478033,-0.254228598514364
0.333158951645512,0.540267969547254,0.0729153872610591,-0.695473624145038,2.62822707453611,1.08171130196193,1.27737972053905,2.45334282178362
-2.96064890880007,0.315875789853584,0.057739151884387,-1.23336257100635,1.74378059089661,0.0409720298477199,1.06747804662811,0.493393295322803
0.561695996428704,1.00433372206823,0.819342612700045,-0.992685576468648,2.44037348506449,0.384470731862059,0.207651663740144,2.32540049248751
-0.300143639526856,-1.02030947699025,-0.0193485432161931,-0.183998472618721,-0.272356932368344,1.25735796068771,-0.96518554547707,-0.508208490545539
-0.686472308806183,1.21420354325252,0.338330614905531,0.449770848630248,-0.241418471309189,-0.0957660614415261,1.07034626698632,-0.833458681771467
-7.86210719624554,-0.741282649340298,0.869556124973295,0.488260464142009,-1.18337233252352,1.05471935518358,-1.03250706881544,-1.39605679364487
-0.594346931986832,3.56367218722404,0.487427082372709,2.06442499475588,-0.257484204909872,-0.993143882622694,1.02986686758984,-0.0732177921683966
0.187814375102262,0.808449662965832,-0.954045490170516,0.897646619835741,-0.181749983872983,-1.08867755471611,1.50371875164967,-0.119449516190866
0.90978823391248,0.154146293843011,0.132069997205606,3.48075320480142,-1.97282340781859,0.816801742242563,-0.690782322158793,-0.222548437665621
-2.06378480815675,-1.10393260422679,-0.662341062342618,-0.245574294017946,0.727933071024933,-1.99242976340808,2.52317222533795,0.335287547812083
0.931304943578444,-2.15641686165679,0.824298094168133,-1.32002107361899,2.9617380886165,-0.312418328102793,1.92326154197482,2.57691620806822
-0.327312062018828,0.00373589671992717,0.521546376995655,-0.415176719984634,-0.471429908907036,-0.00306218731558444,-0.751116772086875,-0.28396945546801
0.959275220419802,-0.159392394599932,-0.389064433635381,3.05856571566671,-1.1734242026947,-0.367227079680247,-0.077873302458969,0.363886530074407
-0.53904952873735,0.272362665356684,0.224447353220425,-0.3147512635616,1.07154488656009,1.19898790682822,-0.43270997359982,0.436418166523694
-0.750123573776499,1.990214895529,0.167073790773393,-2.03676869791241,6.72363598523544,-0.671638804915326,4.66183248132619,3.08163441197861
0.531293341653646,-1.40024880429282,-0.105715296422423,1.01310262852798,-2.13789522455109,-0.0870478331899641,-1.4942360398423,-2.63937913287635
0.508236323387757,-0.887543849310682,0.212924589106603,-1.33385211754964,1.7770830445047,-0.227287915202513,1.611140590484,1.34228170154434
1.46405125438818,-1.08316246401136,1.05454932507717,-0.462172041420155,-1.00965044342169,1.82684345519194,-1.59341342100886,-0.958531239989851
-0.657758412714543,3.40187455646514,0.51420658631356,0.649650498411666,1.15793218121188,0.908483579728128,0.0151067717284621,0.0799644762792664
-0.654059270799418,3.89800694162306,-1.45898635441684,0.980051667018721,1.75137862980474,-1.86975218590261,2.417967124448,1.04925304197095
-0.376509833087069,-1.52334066032547,-0.360009546486676,0.0394540359621029,-1.82099533218771,-1.12923456806528,0.0263994191204393,-2.11594043971138
0.819969833562955,1.93072210936018,-0.372870946024435,1.18943511843495,-1.51241565037953,0.130159772944653,-1.85371214165158,-1.81023369706188
-0.109528485406986,-1.50095150300053,0.584901309170154,-3.04301738550996,1.9071745738075,0.374918866341937,-0.0625143006094067,2.2108606106638
-0.860363345115355,0.320486051467785,-0.676863716794952,1.73962951627573,-0.39764926051532,0.45352381304002,0.355516759382091,-0.244478566651316
0.326553134978303,0.247468450185367,0.597037170999095,0.0516033235436066,2.02329682841484,0.602068869209367,-0.26583648307706,2.52226871142697
-1.11952114561756,-0.485514064647593,-0.78709785335094,0.0920750668675134,0.70516502936612,-0.358931862960685,0.251393629561107,2.27104433267223
1.20803398129172,-0.959497611691965,0.60619026425023,-1.78606305200001,0.197257996658233,0.556211503123227,-0.836923229032366,0.37823100981345
0.261631871891641,-0.739659950219391,-0.710121517743816,-0.99509026085628,-3.80295657379888,-0.389657828686592,-1.30310982624756,-2.32624275019853
-0.861794318695359,0.598064971474491,0.0084949121274039,-0.423731144461126,0.727510348402348,-0.656712494705335,0.51597950035452,0.273971928582944
0.0216173832400376,4.30334677947971,0.517892158389391,0.249862029259968,1.19413788184965,-0.142295766708467,1.24392912840263,0.848790821204856
-0.0424287334675019,3.48439915872019,-0.470115833026955,1.05272829533783,0.537076310800538,0.0652927707982838,1.2664640554656,0.790370906082778
-0.0714858879374669,-0.168309461818701,0.131426452574477,0.811993605031728,-1.15660038524587,-0.679943160806871,-0.0020246922804181,0.278303905530445
0.023599604714197,0.450741788103449,0.473281328844052,-5.01214841945883,5.54584664110139,1.95848599342263,1.86469433776247,2.86549162071579
1.9724396339433,-2.06830201627251,1.08560176276748,-0.149380120023743,-1.26629810121472,2.17599670329555,-3.06762534832843,-0.776929774019977
-0.978787495936755,-0.70170869723716,-0.243813347596428,-0.909289741688347,-0.412426233597899,-0.568513793865569,0.69762011467234,0.00102970114238427
1.58455013573736,0.161399809841027,0.481271648918723,0.717215510006665,0.836225432286515,0.400556552653163,-0.0929856074751574,0.416745660619548
1.06841088411965,0.488402444248004,-0.452636263937915,-1.42045652993262,2.09372810544274,-0.981086815068033,1.05711908946318,2.40248158473474
0.922040058145787,-1.35568276202301,-0.735533748215566,0.644286845249918,-1.15543551651648,-0.597346874229921,-1.28009313656279,-0.93113484293414
0.886073223464763,-1.99723606053925,-0.623892092549398,-0.12580056515228,-1.77729426314237,-1.16279926886206,-0.191837161425977,-0.437724652403008
0.585603191062242,-0.465717352401934,0.423940572489548,-1.39895739868553,1.62230700250062,0.466671249120848,0.145582626279652,0.608369964225543
-1.3075570961382,1.05602556132186,-0.896016718825371,0.704213230916906,1.55130218304428,-1.21869889871716,2.5789804190872,1.23914863330516
-0.192052837018825,1.30391831933782,0.24788851118746,-4.20060643594176,2.48875061445268,-0.546093298973825,1.02263934344056,1.46486892984927
-0.059066847652405,-1.01633903817644,0.292034222783624,1.04426013921912,-2.20788291303731,-0.68674632121401,-0.555231155165644,-1.45123767134454
0.937531998935416,-1.51993583057469,-0.320248740472845,0.139238951938563,-4.5772867411926,-0.46914164725926,-1.37863656892832,-2.12429047098393
0.845578045599518,-0.45289617713409,-1.09758422448351,3.86170277277862,-2.43440310456164,-0.584739090327835,-0.401223697784476,-2.27812822132011
-1.53179669817853,-0.925463497666397,-0.379958417382379,0.91222675174651,-1.73905636435798,0.135502991187532,-0.876213448039804,-1.75058714477372
1.16397820139394,-0.551111406165339,1.22878341059328,-0.0790415666340619,-1.46787337773788,0.98337358698206,-0.998983652603003,0.71294215684275
-0.412073036084744,0.352306202782352,-0.109365849246605,0.406785151886847,-5.9565226550997,-0.434389443494382,-3.90122627116947,-3.42092172729774
0.39272097208492,0.490491222759956,-0.867579893988701,-0.177926482059062,-2.11187572123262,-1.32804633931682,-0.505446614588658,-1.64505321185543
1.65849418464472,-1.15319368000303,0.72482644132763,0.657707587840189,-3.1050456984879,-0.705308273772257,-1.71583533056285,-2.78889113398999
-1.25084232431057,-0.589012922988918,0.0707385583960989,-0.988132725278561,-0.567316844406216,0.0672411721705649,-1.0291822144821,-0.21460178638058
-0.933955760051301,-1.68683543950589,0.162385198389447,-5.03182515889592,4.85874736425371,-1.08156082782931,3.87554131591275,2.87590695599365
0.397151690126308,-1.50442558294075,-0.129023979546806,-5.7144802569301,4.16119307597499,1.26638988668116,1.54891689312158,1.6336806205728
-1.4006790788165,-1.24452004591167,-0.212073473210972,1.09317019472023,-1.05800906632734,-0.938215423839923,-0.250793704961339,-1.61089296934313
1.07757344680508,-1.08286932293463,0.308131300303175,-1.24448989933713,-0.284221167989114,0.561331519469588,-0.853086781948182,-0.167972711508447
-0.0157052472965178,0.10041731037602,-0.336640352077883,1.77233937000141,0.566142182661134,-0.420874001731584,0.362388906504652,1.2364341992543
0.606512029585392,1.14315369364081,-0.705264224639358,0.398677853007594,0.594618555040628,-0.395521196000239,1.77214871064389,0.0330450214182579
0.453620485500773,0.626251424031274,-1.48863569741041,0.968226482734515,-0.391088918116066,-1.90256169029032,1.32204215480551,-0.934642148809573
-1.25414699471448,-0.665118555593342,-0.944059168496185,1.55069751141142,-3.35643875443765,-1.40020801283651,-0.466166897546244,-1.14217721148512
-0.90282108773376,0.20777848397254,-0.659747053090462,5.08495589200513,-2.5760122717592,-0.375297185138978,-0.241669638275527,-0.169287455534134
-0.203795581514444,0.48241211660719,-0.219185966328791,1.81773729453152,6.8726784248118,-1.02172266248141,4.20820944327808,3.66982364359477
1.40047067930857,-1.01330729444628,-0.943901843397331,0.921743678273855,1.86590323594958,-1.39262393000945,2.86991983005071,1.91969250821424
1.20363154518133,0.523588407910953,-1.16988846410428,1.42546615753809,-1.85278458427556,-1.37032073367887,-0.473849072190196,-1.40220124492426
0.988636458300486,-0.913699882041445,-0.175079617463268,1.1648184847374,-0.228531566216593,-0.8106455812642,0.0476754437110096,0.534906756564955
-0.793777633671281,-1.58552520686002,0.859465725792183,0.958010907199366,-2.32415622275603,0.282005069830176,-2.00237700010776,-0.874227799862935
1.02045183600505,-7.2147603197213,0.299374920869259,-0.639102684260837,-4.58321255105653,0.425200255201561,-2.4763513617761,-1.57024825376555
-2.31848665693355,-5.34256190032349,0.981284298130428,-0.872013962272193,-3.02058675919897,2.16309441889829,-3.65457085330966,-2.86984518038422
-0.844304903568458,-0.0893488978957951,-0.220373843926407,0.951979253179336,-3.8928932390538,0.190647791074306,-2.52703676081963,-3.75303610215853
0.77885937675936,-1.10723662542235,2.98850062451312,-3.42693673578279,1.27916972235928,2.85521066560145,-1.02020682720634,-0.112531214682497
1.59506850283508,-2.14313558672699,0.593128685234493,-0.586560823092492,-1.42895061974719,0.530557583924516,0.0394118181444105,-1.11522944629578
-0.484869558565579,-1.85693439352385,-0.266211533923785,0.655963407640346,-1.09170635046954,-0.627984438362884,0.0528612837731282,-1.58651927496287
-0.0814952681554428,3.94060347156275,0.891538674650032,-2.06452056988682,3.04191397158907,0.386981424214122,2.10972122876094,0.990066007130504
-1.17341690348176,-0.243952844280987,-0.735697312596232,0.122661618258409,0.226029214014238,-0.588170686825128,1.59432625521077,-0.787503527933939
1.31822901287647,0.694769731949427,0.217316185524086,1.59406822582807,-1.27800205267872,-0.590464264034084,0.252227291806073,-0.787259738806592
0.824969345500541,-0.446966916029854,0.930874492269702,0.740133819751516,-4.49413464376891,1.29756013225242,-4.534624389435,-1.97858585013856
-1.36764475220532,0.845598295576498,0.511535977260279,1.04245636440163,-0.941248273013182,0.251392012891309,-0.790478125852567,0.223209743545634
-1.02800265592703,-1.08320538402756,0.00173231971748603,-0.498947041752402,0.914225064023123,-0.615383495509639,0.379807317180459,1.56704237438316
-1.59472069350082,0.822864753119442,-0.546332101040774,-0.546031777053156,-0.290642251957138,-0.816909274431989,0.355712830400777,-0.121102395191912
-0.348400757227631,1.04493804932335,-0.491932807741191,0.595344067948723,0.775539590015123,-0.428338170329117,0.80523706362232,-0.962753800556246
-0.202824165208151,-0.755250872547685,0.673008664267413,-0.127679105173018,-0.861290110258786,0.219938645273825,-0.207814224437329,-0.845330005208898
0.628870470131328,-1.09998349057082,-0.00541758056657761,1.84120847410737,-3.61266574083324,-0.249986908299029,-0.476387280622308,-1.34758615623025
-0.785537863674817,-1.01468010356581,0.948463862400107,-1.22927728748603,-0.20479291788744,0.654027758611355,-1.44077458405491,0.676675535402057
-0.528927029989986,0.584191038469158,-0.961731297295887,4.71160401040927,-2.44198530201684,-1.30885174557373,-0.192903639710943,-1.92046146832379
0.583437336489315,1.28719544233927,-0.0766630280996654,0.492315836688403,2.04432432546692,0.136922365602386,1.12524838589906,3.44490325864954
-0.20511061952128,0.98564713605139,0.381619097394412,1.80623465802709,-0.0140789259641817,-0.271507753200631,-1.99873206312862,-1.60253829251417
-1.28385039772674,-0.850344863702211,-0.0634507217790618,1.30464373922451,-0.735606325316616,0.801240443429165,-1.08230495712382,0.104773378012116
0.15209578714844,0.0272303446405347,0.444573862195036,-3.0155140629987,1.34276290275863,0.441315513744408,-0.335635829211503,0.316454469227345
-0.000393748288055323,0.0349955494821649,1.08546021039484,-0.147440082774738,-0.294081108883778,0.463569672040767,-0.236535596201096,1.0983635835401
0.23488862417565,-0.735710562123315,-0.294410187438561,1.70105724968815,-2.70664420608314,0.941834144254339,-2.10156600004151,-2.14400440544612
-1.06751723197871,1.22707107084259,0.414795749536514,-0.244197882815333,2.07694298925678,0.538103836810963,0.935883495833127,1.52295749766905
0.673813048348208,-0.679216852906257,-0.290972400957557,-0.267566297310773,-0.165797665958834,0.172851911010672,-0.161605677152586,0.264332697194998
-0.554208606459016,0.621359080521813,-0.485963700518636,-0.703897541036883,2.49888859688562,-0.663956109053507,2.54877470484539,1.52091595530891
-0.650397892350951,-1.38360588023705,-0.112294436562523,1.80429821192824,-1.82774417820878,0.175709873238972,-0.812143341376967,-0.802000360079859
0.413942171095367,-0.825216907313217,0.469514902945557,0.647192175284449,-2.4231572956685,0.10573005598723,-1.70965142502529,-1.87795506956395
0.366365505868734,-1.34115457994434,0.200656273518289,0.199403038912509,-0.285372487858903,-0.133117418223983,-1.18750582196154,0.945643351226085
1.22714877998087,0.350980791170171,-0.0675768239648024,0.284379773729684,0.597306189174395,-0.381239732001346,0.247783786678816,1.25933931380697
-0.649902697203869,-2.04249120240924,0.398248980607094,0.855055031056412,-2.11157383724699,1.46077071327457,-1.44024538300836,-1.29024153019736
-0.146439888688088,-2.21284732887612,1.23811389807005,0.511595175165367,-0.81157215573639,1.4679992671544,-1.44185186750195,-0.495395739452612
-0.0374136377121484,6.04220958520493,-0.000998496554520835,2.90967383187518,0.310173953217697,-1.21618275604711,1.16314814358728,-0.433621546940707
-0.236702220264804,1.65331657116255,-0.394264082156625,1.21341060511237,0.0489658601855067,-1.37490957920434,0.994720566949624,0.0866153608305625
0.487202672241657,2.23572688113081,0.0364167305534846,0.0303170861346652,0.419522636382462,0.0159246437092464,-0.105660937294604,-0.868135731286566
2.98786468564012,0.0647219797539979,-1.04738461018236,1.43511370728638,-2.27132667782176,-1.02893100134998,-0.0918972230623673,-1.17955838611843
-0.649961199218309,0.546673718549942,0.171079620869725,0.80259754440279,0.647005112026184,0.175071605812889,-0.803834698868064,0.152427004865974
0.300382959997397,0.65601757048277,-0.572466981780464,-0.689276574237711,2.23661303200239,0.212961186664696,1.46119696050635,1.4862075930529
-0.0501472272632931,0.845524313414047,0.103056706695268,-0.813738381144151,-4.768987461888,-0.373982838081722,-3.08535440553289,-3.03657729856803
-0.641115852548136,0.188368475988385,-0.18734050284811,0.0962410349088285,-1.19771419940653,0.277219319272715,-0.190238282440456,-1.61642869917993
0.708115627585763,-1.42082643978354,1.28319115257783,-2.57634543000905,2.36550300303944,1.40252650794396,-0.426571662361073,1.84626822714075
1.13624478856556,0.865429409260069,-0.371111269667881,-0.36846951695404,0.939608196965119,0.31228301031719,0.228351989104165,0.549549166196257
-1.36022132646055,0.537303497530094,-0.022008863295793,0.82027036644123,1.43976699674359,0.105280499416935,1.0535184537053,-0.2951093714755
-1.77861418050429,0.573390031295991,-0.993049551579875,0.170810974920634,1.89922876657865,-1.69999850660698,2.94464432830149,0.822515147952819
-0.066356770909245,-0.979164790949035,-1.1131110778735,-0.498310104175741,0.362087322888523,-0.76919442708939,1.49784904541285,0.1945717684664
4.50868688547047,-0.139836727352602,-0.383457679447003,-0.886270121669736,0.9027820420773,-1.31744151370666,2.9115180587332,1.23490927357936
0.484368034328392,0.42965253686513,-0.335254005398906,1.3696294254387,-6.30417012845264,0.964435112580508,-4.28269362383964,-3.39613265342407
0.41555698072042,2.42961367159654,0.614981945690127,-1.57166606347416,2.61861360263036,1.46018966204305,1.52600766127182,2.59004996015768
-0.527046046151303,-0.81754697945969,0.385720125056771,-1.50865011448623,0.720500491159056,1.02883160386437,-0.0896748235544385,0.467278955255979
-0.165859846183615,0.782194765531212,-0.846625468299683,1.72628831027879,-0.542294162827752,-0.618210457288583,0.827301527118236,-0.0102667894705743
-0.963775368258022,0.178827132421405,0.804243270275355,-2.43378672554568,-1.05060535408594,1.60730575041827,-1.16026153698887,-0.922440631039925
-0.595020026921118,-0.634144778779081,1.48083329723921,-0.75348615309811,0.883474090730348,0.393926670801271,0.101835013247149,0.84275965565999
0.247686562685208,-0.473311618746882,-0.445672593071704,3.56118413807501,-2.7429621583031,-0.0853533462054418,-1.16342120113196,-2.18581899712099
0.448727810124463,-0.460303531581006,0.623934685161685,-0.545185186262052,-0.084745934813335,0.8033890776639,-1.00391807678383,-1.28081801592675
0.857294822022336,0.182502690350067,-0.386876259237636,1.83563464865833,-2.38686489310672,0.207370298145514,-1.92514484037818,-0.358905425071774
-0.0202638705000564,-0.992004774939826,-0.180408700743005,0.464703171774417,-2.27389763508362,0.94489235375742,-1.40604124307037,-1.43001662901076
-0.942846259577206,0.951044084267736,0.682706955634476,-0.225301949821092,4.093357961489,1.04490841164197,1.25132120990702,2.48786656442893
-0.536087996712994,-0.590151695179365,-0.41736368627448,-2.18735712119987,5.53543446786355,-0.66854080316133,4.36664045971065,4.03176749155123
-0.071018105609834,0.517324170710663,1.0526051638107,0.590964826145973,0.772246333391541,1.09370916586424,-0.289296701651384,0.518198374165786
0.766148847882541,-0.832469886122822,-0.104811517260022,-5.01509086388789,3.4328265110055,0.027823901555774,0.739330430482546,2.54275557605446
-1.70972957797831,0.947464638654566,0.0352510649784133,0.565191229649182,1.60481002576022,0.907727196573874,0.0203694270450129,1.32370503338691
-0.00857853319492095,-0.192715650332157,-0.144285488567416,0.872302589201956,1.69512279628515,-0.540492920168546,1.69437528779975,1.10714380709274
0.426011747222272,6.12131021507631,0.085589967983819,-4.13598640519953,6.98332972556771,0.202080310497514,2.91007653982857,4.1601706618157
0.451550475204701,1.25241085552251,-0.853356755915861,0.458154457485721,0.19341940181745,-0.83325957208542,1.82758960732616,1.08500394583179
0.809629163216828,0.152459573092852,-0.362803936937015,-4.38067192342552,3.96397361351683,-0.546908389602199,3.00585393435979,2.0050293234852
-0.178740670129697,-1.5511203817131,-0.547027507432062,-0.0699041501455753,-1.96784190962195,-1.99815043712525,0.609308082579476,-2.1732481994317
0.00193821500637437,4.2467016989324,0.187752181428112,0.941107603715842,1.81095609306559,0.478186681584076,-0.200412417864704,1.95951021055648
-0.833505727242381,-1.3538475436277,-0.409987664673542,-0.892634118400626,1.08541084795542,-0.988314824312635,-2.73513471114691,0.861777623071956
-1.13307115003482,1.01277352722103,0.825271207026301,0.576455485556866,5.06076915607975,0.322523030599483,2.88435549580683,3.56969864423947
-0.75205385603774,0.908835968320861,-0.687220108452038,1.51414975006908,-1.93132409207472,-0.361563951097956,-1.13460843235226,-2.10277518809095
-0.0101964535342025,-0.864087941666046,0.229182672180703,-1.37163624773166,0.547223031840647,0.187156784199631,0.638500052906172,-0.686537305859637
1.01180188498056,0.596665989086783,-0.646411259207871,-0.0128193132144611,-3.795003091319,3.1686509731704,-3.66546456835412,-2.03053111625042
0.270892195344717,-1.10029111362049,0.63138463998909,0.411427704717371,-0.417921297840368,1.16618750626623,-2.22612962182891,-0.293783228775397
0.920393347224224,-2.2272351427661,0.965597633047673,-0.89099618193978,0.534357715605345,1.52563737618789,-0.924158536711226,1.66160939147842
0.109723876244534,-3.39681326611673,0.635613342374282,-0.864476366744884,-1.39967086586766,-1.17111387772938,0.0900585510420622,-1.76304355597566
0.960335197421036,-5.79428949201856,-0.517284316323348,0.258443363795222,-3.133076827568,-0.0681363906493989,-0.957311956921006,-1.75947270318149
-0.974893442026388,-1.29585510547616,-0.0324725487170261,-0.0844649722111253,-1.49799747535268,0.128569888447653,-0.445089257808051,-1.83098160009771
0.00108176992421463,-0.986860648505602,0.498260571586491,2.04210377848756,-8.5044338443741,-0.527524982909463,-3.93599789478975,-4.93383089365772
1.33357995437361,-0.155191357048477,0.0085639637432736,0.0106463167377766,-0.895579247050306,-0.051534345636905,0.335756996167236,0.255441080167483
1.45341149193615,0.702368345304013,0.601917317496298,-1.61082559279047,1.70514354493657,1.34884490765329,-0.102987915121426,0.906235088230785
1.43888467395483,1.07657509619006,-0.284357373958455,3.28676626188226,-1.30606275819042,-2.71184350380983,0.0600271623881596,-0.747090974613993
-1.29784727471514,-2.68055135317587,0.833378364615715,-1.26761209929233,-1.43842548885364,0.457355919596012,-0.177196404928754,-0.293590965671717
-0.653140929591797,-1.02515672632823,-0.748958061610286,1.02816942334565,-3.51258126330252,0.49238622021447,-1.51007050523948,-2.92795720889192
0.0259052731192944,-1.20532135399035,0.011805405778901,0.324837112460881,0.131830044916504,-0.442841500122245,0.412469408026027,-0.0659380285720654
-2.40236236877548,-1.32346759145613,-0.783189523384115,-0.310505161925294,-0.657531730027892,-1.40698044181132,0.718177827851617,-1.12618360684689
-0.229782189330297,-0.493485106064389,0.545757672794331,-0.835021975109605,0.903789223309803,-0.218912689519503,0.646723493233981,0.114037269727051
-0.76070201632429,-1.46768832412475,0.532239007187573,-0.0521397272174994,-1.51825520867081,-1.3239263336814,-1.1078255630709,-1.5470406041075
-1.06248455387589,-0.901250485416691,-1.03901938609422,0.496684693278929,-0.584925146712195,-1.81979374507976,1.146356687534,0.26047593637705
0.373037029220303,-1.07365151504005,0.602813378889776,0.396316231369253,-0.879951632707978,0.588124147694185,-0.972451760232672,-0.389025946681052
1.79335061014041,-1.71443002500866,0.257809520117655,4.23694341079886,-5.67826162314768,-0.808279131632811,-2.06345294189132,-3.08444902979809
1.22780557460153,1.19622278534978,0.642654073277423,-2.29443350205325,3.27448399506167,1.79540132735597,0.526332209304083,2.05835333298237
1.07151518076079,-1.83466815003767,0.276174918040618,-0.668613488140415,-1.6803535599619,0.536856740226847,-1.32626146019742,-1.12757534082521
2.05073016244104,-0.110354650108628,0.378139331085553,0.745450358842616,-2.14965168573177,0.0644363857931844,-2.19288271955418,-1.93709977356202
-2.6222395128551,-0.0161166976596112,1.29280375413693,-0.315441079791734,0.172097511521105,1.1902166235242,-1.59269167125907,-1.34482538602521
-0.321286739302225,0.451751163618127,1.02909255957695,-1.98588517673744,2.41225576811045,1.79631977421985,0.270271220173874,1.30308776803065
0.073718408640046,-0.962942074703169,-0.948629458220121,0.560709424656385,-0.982448604366434,-0.141564519037581,-0.96770309032954,-0.598897209036329
0.0749026211880269,1.19341410980662,0.131005949792631,0.666513615706569,-0.187753945595469,-0.617327313570196,-0.470282311069926,-0.996558970821196
-0.0847654552988538,-0.779496093589595,0.585858244079827,1.37907294192894,-2.54851816234659,0.286624322128612,-1.82554620500169,-1.0156505980128
0.0798979338832458,0.566063352699523,-0.806916567989148,-0.983187258256245,2.51945123933125,-0.460297089872268,0.83692304250274,2.37930232714698
-0.536850048281734,0.595360965308288,-0.56424016992121,-0.989757399667632,0.904838695525073,0.245924198974961,1.04082937719695,0.0628818480830732
0.590305366869544,1.97273993647379,-0.866848108033112,-2.07220222702456,3.57144949942218,-0.564620815433313,2.65169938105447,3.06408801469481
-0.140310882203121,0.427898308506024,-0.137636690939217,-0.732367653101546,-0.461060024694388,0.694002086197124,-2.4268189024662,0.223040803986904
-1.35137900141237,-0.856800163786978,-0.670287101891833,0.380186156186994,2.05261845399131,-0.227736634539536,0.832653333127934,2.39232889788921
0.666737385541683,-1.04641595395235,0.0292414152085199,1.19334359964742,-1.83328124989292,-1.13165960458555,-0.12459605524589,-1.76719393745846
-0.83960038420331,1.53433870954468,0.541598047667453,-2.265738393343,0.768552557488341,-0.00863414336185714,1.56599359193223,-0.126593624587315
-1.33004676739561,-1.30504859987608,-1.05619314421192,0.184807892374319,-0.926669886327996,-0.610190356841174,0.746056731610187,-1.68335645494565
-0.508153441841089,0.895315216023812,0.902600362982445,-1.08048474824455,2.73476688586647,0.604907320695923,1.61027358711632,2.4305804717899
-0.0736699062660263,-0.183302320189225,0.78727638680719,-2.77505834018878,1.61093680601572,0.577732799513493,0.0392255931005664,1.35382469747465
1.04662087410445,-1.08235755702479,-0.171666803762916,3.91392092750474,-4.86523066267504,-0.0591852289903429,-2.13672756495346,-2.97562188390377
-0.417085492399676,0.461034666919388,0.312731094873841,-1.5453601209046,2.52426109244643,0.963758014704213,-0.205605837996197,1.61143693791258
-1.08776017784223,-1.37534742626871,0.359774114421432,-0.681799891085148,-0.687684520519935,-0.449520869289833,-0.687873314918992,0.767467600515425
-0.98493970058002,0.941892427106084,-0.603592106582017,-1.42274014816005,2.28151311286802,-0.128043075242649,1.15747651221055,0.787887229424484
0.635040344866474,3.81933924062843,-0.0584691264384114,0.736900456260423,2.76334748890266,-0.0872441699508095,1.35448775298735,1.41886274109719
-0.252253228890004,-0.186740375058919,-0.878554410140957,3.06293828225949,-2.65118073052288,-0.82922458643277,-1.10457946006473,-1.74255698741765
1.48869958352883,-0.372859055285702,0.866358788515429,-0.877714426543683,-0.709388246779189,1.90887035636527,-2.51456288507108,-0.441775927404215
1.1014735308768,0.0103035204744491,0.179042291175739,1.16477805266458,-0.212363959765023,-0.808450915849789,0.406986504179875,0.42064893021436
1.15512892101051,-0.753829965248748,0.470044831574722,-1.5875549219825,2.32872601157517,0.34402546971948,0.58163689483602,0.520940901040434
0.645427023552979,-0.276587595354315,-0.405547774710548,-1.30995946708839,0.291328014588759,-0.142600844928303,0.945171614433348,-0.0789139659362424
0.282854380374927,-0.402293348316475,-0.732080983427934,-2.28424509464544,1.18959701258321,-1.16316174703787,1.4785343932502,0.995316160509471
-1.60398074951756,2.33161573381871,0.0937569229728585,1.34587472179217,2.16729074283279,-0.0179797778700044,1.4996318335932,1.30285573479771
1.56760322570609,0.599807769934108,0.540828510035703,0.603351231710943,-0.253041801174285,0.502623072190076,0.378795104122955,1.07534224554597
0.0927588217656628,0.778084163049287,0.850432068748735,-0.643887876612381,1.63632480495102,0.93001258708123,0.459666154910857,0.904426816382334
0.322636984250832,1.80986393388049,0.185272710162585,0.731267631119785,1.02982920551411,0.517127218457818,0.223121239369675,0.4134382282223
0.227945077428381,-0.786867300658685,-0.221884518779653,-1.5553965554675,-0.294133777520307,0.184254043179098,0.871425296733037,0.148320372127076
-0.00159614131915987,4.58647081997868,0.185939684880518,-0.369630709279867,3.11035311564342,0.689668288190408,2.91915255967975,2.86077436427445
1.64017877509888,-0.778659564271681,-1.09627433473088,0.611762137333427,-0.917204640145656,-1.18906848655483,0.557117102211922,-0.751595658783488
0.0298300010536544,-1.24178882330517,-1.43129679342847,2.30035983775204,-2.12240888101607,-0.868938987432166,0.664335296830653,-0.54019075961223
0.181783836304234,0.435612596848698,0.480694691698939,-1.0839216741762,2.36510311111862,-0.0377796408947169,1.0030083484591,1.42744232547973
0.268907532362539,-0.417708738407189,0.467937051719802,-1.43046680467571,0.104809034185343,0.124809403174218,0.815366353604018,0.884159363733005
0.975108614099751,-5.38691841560654,1.15043436377619,-4.43664663837657,-0.881349163427404,0.709841964283006,-0.79637842996008,-0.0759963603502467
0.46843386941951,-1.45461652020977,1.34517740643034,-0.223414455365781,-0.694982737725692,2.33563562367776,-2.76082063912475,-1.69270052160896
-0.515371864729509,-1.07005861390902,-0.640979833189827,1.38368881121293,-2.87130959713905,-0.0437729657008088,-2.5603301319361,-1.69367483853724
-0.583791244474528,-1.60949658987839,0.756053011623291,-0.92433801820703,-0.210255125908885,0.33250256673774,0.620267306057619,0.371564503003002
-0.0433283312471456,-0.591042769176227,0.540946100464344,0.634650737902236,-2.37353103246813,-0.153845127625408,-2.27840670555282,-2.69547666070819
0.827360442451162,1.12299251731597,-0.0734117962501351,-1.51977848139015,4.8782397770506,-0.70126595438334,3.48874490857891,2.46245666692618
-0.19293331451574,1.54916938617697,-0.804334818834494,0.221034709037599,0.506346424054363,-0.950962563314835,1.53735165942324,0.843794736430078
-0.760057713364456,1.04876947608387,0.315134208176326,-5.05727092914502,5.23482521445249,-0.504337558674411,3.01951934824942,3.11932620411517
0.0819366189000366,0.624195602497939,-0.922565858715597,0.305570285935874,1.8142458607001,-0.821387930320858,1.05088351113815,1.21617137933969
0.152996691615924,0.719637478314592,0.902233101239814,0.753751423764312,-0.9819015626341,0.419659245512906,-0.848443481598537,-1.81414985249207
0.0905541811821799,-5.19855953343276,-0.0922995290676814,-1.37823505170747,-1.55220055507526,-1.38634031007243,0.899098591419026,0.681209380882124
0.0448859997280954,-0.646291533610896,-0.50058834136053,0.944299440787774,-2.51074487425561,-1.36853746261665,-1.15680102485034,-1.3210462829755
-0.524163825785305,-0.630688962485606,-0.0254740745321856,0.0144122065125963,-0.392659956249199,0.475542778273215,-0.585330403852508,0.198435532465988
1.09975078539482,2.55357892027332,1.76937652029795,-1.90486654327109,4.46469366410951,2.37703567565159,0.807499158797814,2.6880006850289
0.722507180356227,2.28066045941246,-0.857975656316071,-0.341674259356836,2.45918361871093,-0.210737701223229,1.53483223043534,1.39620660010688
-2.23646836889168,-0.270419237843208,0.711824491869306,0.350087322838932,0.13788533064468,1.50457343855995,-2.43084453724549,-1.07573701430487
-1.23937378733331,0.456553209180732,0.949665020300493,-0.859530005475415,1.77832851339787,1.17931932359794,1.33121062588605,0.0866422033502284
-0.170562663972844,-0.779600941960671,-0.00404305458374986,0.350764550105082,0.657595261768894,-0.281506725218131,0.238934783498357,1.22944726643144
0.567372358552904,-1.27084994468829,-0.0323444098165069,-2.31085405306868,2.16952823795495,0.877441551192934,1.49564684136486,1.32143124369521
2.04894118680128,1.90871805444234,-1.40333550966164,1.40229457455175,1.46345828439381,-0.416272337834872,0.526796376120394,0.993329002309511
-0.590703381433695,-1.88366250014044,0.0121305014845809,-1.86231238805222,0.75151931872788,-0.885391083035327,1.31978774965699,0.142960892462693
0.247636238150843,0.730706803490099,-0.279819331058688,1.44288011703867,-0.26479137202416,-0.184265076521203,-0.5815193883573,0.0909229757643288
-0.574751592852173,0.174388479674331,-1.01156564272887,0.116368281518858,-0.182866177186628,-1.12570858085995,0.496178750207883,-0.140805806843843
-0.00222842500237683,-0.576108135266165,-1.58228886031377,3.13121342808571,-2.3154315310918,-2.03047937242632,1.17917840491828,-1.27021617634747
0.961848863238602,0.568055488385871,0.0653290945268588,-0.213213553176024,0.315147560062648,-1.31145885751021,1.07141888458574,1.0726668490713
0.357529685461852,-0.544673010548378,1.16985195293974,-1.04711882394748,0.513440055247832,0.510876797237707,-0.163803690026282,1.232894305843
-0.891676235587301,0.225681704698552,0.48011390266274,0.0931166139725491,-1.59936228994721,1.12171901138517,-2.71295188590851,-1.96704834274591
0.149708538773283,-0.981073152606963,-0.713288711583938,5.16083233224918,-2.60825638723891,-1.18969201952251,-0.453583673113121,-2.16650355685324
0.117520982587697,-1.42255869034296,0.353300319385819,-4.52017821921206,1.55276079724495,-0.548549186757984,0.896575496347648,1.48648204840061
1.13541198556722,-1.56318361220851,0.697584395837287,-2.1941892238676,1.06434685902662,1.0723354434766,0.112666788775297,-1.43826890083556
-1.00323677667275,4.72217733775615,0.470287936631019,-2.05228461707339,3.2338765589855,0.142119591611276,1.94673533676495,0.89546260009228
3.46741969736131,-0.889062468159055,0.107064666136341,1.28235710415013,-1.946484032816,-0.197337443905472,-1.83990353577773,-0.921629622002312
0.627629761117524,1.3357882828146,0.399797300926894,-0.089316947762605,-0.186935994902174,-0.181404094262599,0.661087455736495,0.144003934983664
1.02445515784358,-1.54388966799942,0.388115234555217,-2.09389942142276,1.90462489224632,0.892516108837882,-0.732173964884427,0.936118898779504
-0.385186857409644,-0.220270930835457,-0.727358720832552,1.00911561286092,-0.955617444895492,-2.28591217222746,0.692978397561941,-0.601751235468811
-0.294111623777081,-1.14980253847561,-0.281263639668196,0.323791219493014,-2.17464344169578,0.235521081892042,-1.81810493414015,-1.76840425551259
-0.838130747296888,0.00334916109045799,-0.0185173502075327,-0.308215934404944,1.54600099390245,-0.798610441619958,2.09501301902417,3.40243156256972
1.24830264271757,-0.336837221129719,-1.81034223380495,2.37067928722017,-0.21132610426658,-1.30725182293772,1.33388776156659,-0.121296601072453
0.115119750853415,-0.789353696552908,0.534797915840627,-1.45183264333694,-1.2785046563608,0.45932070900402,-4.58515807643372,-0.307108246689609
-0.478173746786448,1.3134207069945,-0.26752434490967,-2.5709917840533,2.83004735252983,1.5774514928986,-0.347689964826603,1.42974272706677
-0.0520573706413011,1.16093981409859,0.230005498956627,-1.11952178068208,0.901596924689439,0.266510118875095,0.328341574229354,-0.0274294444205642
-1.40282196469068,-0.0619232023305223,-0.305872473308806,1.71933240193268,1.05715928173842,-0.442689624468051,0.519734452364259,0.331513151235497
-0.728937820154368,1.12758705731529,0.0134320899638548,-2.05440060441464,3.30392332809205,-0.13547222342322,2.82710621640984,1.69923402625653
-1.2627672864361,-0.633342162985679,-2.13271178337073,1.68391189642346,-1.90628991914197,-2.65788361311921,1.47722285428492,-1.55952399654597
0.933282148573534,-0.660132769530667,-1.78070363238317,-0.097152679380019,1.07533664929217,-1.81461085837245,2.2572842357682,0.420846564428068
-0.101869242632748,1.04374581668565,-1.22584565821242,1.03945815643466,-1.49696985340199,-0.57541334335588,-1.01744204933272,-1.65834026151797
-0.155850281112296,-1.82972253829672,0.553370445760869,0.333161151967286,-2.36663858158343,-0.386167953116371,-0.414859062384399,-2.15177150332964
-0.00400930931312777,-2.30059257682468,0.609708676563571,-0.149922687315957,0.163894265453175,-0.212696933994802,1.12864434230654,0.613642770042913
0.183511136667513,1.04581951082329,-0.986206059195145,1.33407322688662,-0.421959635951987,-0.295675881372369,0.403636663033324,0.389680174512078
-0.814579080997377,-0.431662352723878,-0.337578211822159,0.0215337519900393,-1.252920048895,-0.260247887186592,-1.52300740808558,-0.509345626372209
1.63469918113667,-0.942627349013831,-0.452333693623529,-0.0870097696971154,0.679203485376033,-1.06684920896306,1.25481517061217,1.94278322242119
0.882247282534518,-0.81359134500096,0.107605717463378,-0.445303736329243,1.00136879080928,0.235678946835116,0.920881243493756,0.993268017868431
1.13014471109235,-0.350880386655302,1.11930033500205,-1.24201429989919,1.89324507909384,0.178834796029225,1.45819620093755,1.1597879909059
0.755943955451657,-0.87887130204061,1.3548160664774,-0.216379413373198,0.657374829866536,0.846681205538535,-0.532333397725118,0.405410913655028
0.83512446616525,0.60851699244856,-0.923487143237178,-1.25006571903741,1.81365806395676,-0.475661249999583,1.46882401130149,1.87359640467205
0.521050259634795,3.72333420473643,0.840098958079038,0.338448790075935,2.37372860507616,0.698746431540228,1.93811716334492,2.23374551073707
-0.468465059367232,-0.00106540165660928,0.000601618017204192,-0.661757751458441,-0.884636089317802,-0.289968365816184,-0.891951891117192,-1.01472273954379
-0.0713452903667435,2.73434287729779,0.619341413590153,1.08359676006735,2.27534488750569,-0.0811298229864023,2.40372877308744,1.45488701050978
1.85512932177013,-0.206651009041152,0.00590607241536309,0.66257884550413,-1.56072115885127,-0.236660850164819,-1.36339938411399,-0.0426947837099193
-1.37543677878144,-0.348023513084336,-1.97905495998245,-4.10245333147236,2.68544512600759,-1.38727544546818,2.89970756909547,0.739239466063504
0.662050212915758,1.41771177823534,0.748109378606447,-0.903217581800453,2.17356311887192,0.726556127081278,0.643412878390833,3.09462556144396
1.50866598679219,-0.0333470495537907,-0.310901352071156,1.39240635211707,0.465008387705135,0.767939971468417,0.0890256729266338,-0.705619656139888
-0.68150077097113,-1.52697101542976,0.0303378467317137,0.214891301350589,0.0623405637269099,0.562432204261903,-1.57421680466891,0.657519760006966
1.16658793118731,-1.8027236935349,-0.668818757196841,-2.29719452655404,-0.57984908824949,-1.12658293966055,1.26513701397263,0.24472178662442
0.154700186555753,2.65671970784004,1.42868805930146,-0.851391370872477,2.74406750866849,2.11486094656947,1.2421729977734,2.51085508096398
-0.80452899087222,-0.279580403960057,-0.518740594278703,2.05054288269976,-1.84880036924493,-0.31024441238419,-1.04420056243558,-0.0701989122407312
-2.30843698962157,0.821548890706972,0.632860325138775,2.09034874593044,-1.18994530428172,1.2533942450587,-2.3737862392486,-0.172070736300839
-0.74774085101635,-0.964310023896316,-1.2136161453087,0.220287782763989,0.117035618609078,-3.06665278438575,3.00145383547922,0.375624688046325
-0.660346821620673,-0.605891488215161,-0.557097659378008,0.395550543980832,-0.843031325067122,-1.04255937542264,0.870488398832317,-0.879119459692401
0.720887680023476,1.46034313783115,-1.07822613921238,0.0563644356704442,-0.519704923908509,-0.236555648831657,-0.446579773908888,0.457644794053513
-0.360628885558824,-0.458892221497797,-0.925702199806065,-0.665751612145955,-3.23439144561925,-1.48752064926226,-0.786120196454229,-1.88664659326075
0.443754916951015,-0.218301070168172,0.658581977929512,0.110036344313519,1.306957989745,0.66509359618247,-0.392976516893868,-0.139809231621303
0.590677995894755,-0.170246334031662,-0.684559676853912,0.355991377855208,1.09633206326138,-0.130962818498448,1.52365225171145,1.70636695011642
0.66805483378874,-0.0446189328944993,0.495123316475754,-0.407399518462247,1.0551989293283,1.02378602418075,-0.45401023100869,0.855463702108814
0.28837786062394,-0.707001827126258,0.014746410014125,0.181163425663295,-4.66533344505231,0.530705222220745,-3.19802383546409,-2.43843403923987
4.77233083801956,-1.78135042888614,0.314184863717049,1.7160589174801,-2.74731441348128,-0.500471137471943,-1.19620827962469,-1.73190234870673
-0.418832922812391,-0.683635971877162,0.784550200637036,0.10256596271981,0.849298490717637,-0.141670660683165,1.4113002116271,0.163529811939913
0.181718177520585,-0.477120146371985,-0.238202913731383,1.62302953880778,-2.851628739936,-0.312817249962748,-2.31184943827097,-2.01590377266963
-0.762839984701958,0.375246427672017,0.218359529965844,-0.520547553295066,0.990990582684249,1.40498918221247,-0.221996921989819,0.265483915739322
-1.15100213036564,0.438602300336736,0.141017918825029,0.783648925584824,-1.7491242455454,0.633974359142609,-0.522208639881792,-1.21795991262409
-1.06090148180962,-0.38931930672015,-0.443234881612973,-0.222117139583426,-1.44894526103432,-1.21277808341686,0.846905298126649,-1.45409850144664
-0.51080767186045,-0.54168910971767,-0.445872235596176,-0.580242270417145,0.637310404270414,-0.841822675753185,1.66828412992014,-0.32831849924418
-1.03232250959022,1.02484898094446,-0.749434769666871,1.91930473540928,-0.0977256609401486,-0.215256282250892,-0.407013101744745,-0.975706337718033
-0.0789736341590634,0.131789630676857,0.789665093541521,-2.05339841743891,0.420093720425989,0.661752324331295,1.12531111335832,1.01462452734808
1.23472747126596,-3.06730751412796,0.069690546721858,-1.01299778730217,-2.13718577176974,-0.865093284403717,-0.61936949498728,-0.0688154465730495
-0.692492819412889,-1.11769285148047,0.00114750286661424,0.560138630480345,-0.466069384955289,-0.0686756249982226,-1.03353774074028,0.637441758987822
1.67100739673187,-0.095686890053015,0.634441134602244,-0.728274109839763,2.3844605313793,0.592378283234184,0.428548348544117,2.02198207852443
1.02108193921252,0.849037323136681,1.57173346876309,-0.428825541553523,0.467155334776773,1.25738542386529,-0.649705653889666,0.248099681216411
-0.981552653555755,-0.711194613663224,0.181759088035813,-1.84022367479253,1.73325705001128,0.61726526622256,1.01824663542653,0.742457555732353
-0.645058910974524,-0.914342021774334,-0.361449282960179,2.08103460463219,-3.15935408356699,-0.454514488583675,-1.58827447274589,-1.01457436303025
0.648301418192112,-1.00088859917211,2.84788044348148,4.42030247133422,-4.2179532556329,2.89378406274585,-4.26347860405581,-2.84935091257582
0.151902035454303,-1.75941580955675,-0.708687103771276,1.13427549228334,-0.509955173366896,-0.567026912578803,0.352973963313557,0.559260613283018
0.55700806140335,-2.25215415766752,-0.637113335363439,0.67092174394009,-1.24525784890848,-1.60882772813702,0.105922575279792,-0.190007321767897
2.14844251399651,-0.39549616959354,-0.026311568572233,0.351472581806945,0.521834423501534,-0.740403945562202,1.55344170475871,0.50454426672354
1.50708683455629,3.16527214315025,0.11421069482682,-1.0909232339832,3.24518028064274,0.407245042085352,1.00647599148029,1.40643730413467
-0.415055558697983,0.13190086087289,-0.976423804935565,2.15071451749981,-1.80721398216041,-0.272053843374531,-0.71696719015557,-1.08592486848693
1.16000183300096,-0.627694465167995,-0.732502826175703,-1.22476836137201,-0.872630587165242,-0.441327489135486,-0.693867512747475,0.797647267496269
0.00736289992854291,-0.298218346910256,0.038277462714139,1.63395656158119,-1.12528971824539,0.771397017594507,-2.74724861279782,-0.509239983872522
0.708683269701917,-0.355362011016376,-1.75392038063726,1.37802731589822,-0.48078071044428,-1.84081316443319,1.07991646360932,-0.714748764309295
0.922346663854565,0.0395504802649068,0.0977295835262836,-1.08018976498047,0.876572659765974,1.28616788968525,-1.41556226574311,0.55368710588121
0.508849688012132,-0.35121277248335,0.712916617289065,0.16015744537701,-2.12407615583346,0.876334002020407,-1.6051494443465,-1.97036657462901
0.499763402329693,-0.345876881622131,0.724692681469205,-3.55105821187817,1.95743944190331,1.41243404303094,-0.59330782366486,0.565341327032736
1.4518067364785,-1.47527288949577,0.00585841388498436,-0.317150600326427,-1.44565559969172,-0.264469007663255,-1.40478496463376,-0.233359159788376
-1.47042541658953,-0.0221199289140532,-0.0297864206111375,0.698442915088757,-0.579391931537443,0.284033397435811,-1.28762007656518,0.419664769309987
-0.806224874291595,0.536730219098731,0.193362561959127,-0.729110167528846,-0.15848541791197,0.195935942384647,0.483556707470762,0.717386980716614
0.0744628569921865,-3.59432965411491,-0.00502981711568527,2.27382252597653,-3.08938971306254,0.857347541509117,-2.78025934898401,-2.07878820062835
-0.49711098047226,0.372957244286809,0.829259263070612,0.174936331719406,2.05296315316147,-0.463953995948704,1.53217444753956,0.739769636578627
0.117990702179814,2.56537919195154,0.0128174208647443,-0.443333468115929,2.41449724656048,0.57779563464329,0.723972318639424,1.17244894010246
-1.9000714397725,-0.524046696223237,-0.811527207591907,0.897678502010596,-2.70464260240196,-1.90164344789581,0.636175365928938,-1.38696996239464
0.0185086091991643,-1.46177778559855,0.312416839088962,-0.81149364005036,-0.517323176966955,0.178311934392709,-0.177241816015701,-0.722042030108179
-0.282965669171772,0.574471353391169,0.64517861957759,0.018681004093264,1.35580999351935,-0.268080037731084,0.983300128214341,0.17705339009592
1.8587752016752,1.43577714702389,-0.787989697088216,0.154153127492795,-0.313248655636526,-1.29429848200314,0.82771272676871,1.18019043564073
-5.82320481560132,-0.204583835088714,-2.14034225599149,0.471464930589615,-0.154466850339592,0.0942304633932411,-0.870247719461978,-0.151383439384989
-1.66878647591321,-6.26119433586267,0.829376211381294,0.0238329144153726,-1.41836525336978,0.623616237876362,-0.868602221788408,-0.178108872620373
-0.543488085284432,-0.46741475526878,-0.618126083058133,0.709591804684818,-1.06100910449113,0.251031863835757,-1.14108589735614,-0.546006902994733
0.642110404180985,0.373335569027098,-0.426316936063176,0.059318059488245,3.08026060647994,-0.165248552675208,2.22298487373549,1.85357911364644
-0.169325973311278,0.449928945373416,0.469278716384899,0.444375003357675,-1.35285850129715,0.446023826108993,-1.23524384393837,-0.287496471975386
-0.174345107007934,1.08570960860897,0.432057891644744,-0.657063854733537,1.32179756650816,-1.03646113068091,2.00572564725536,0.890728475473757
-0.385164327519885,-2.03083442870996,0.00594029565966091,-0.875629920692148,-1.18365139821308,0.0262525998519919,-0.560639690720057,-0.0101176462454605
1.06863438799397,-1.08252139361036,0.206831537304967,-0.871468904011255,0.426402584051235,0.839787951378488,0.085632923642777,1.1297944001256
-3.66552238792009,2.94738799158512,0.656393784798705,-0.94986942719949,3.6480033020195,-0.311713363072126,1.88809384284285,2.4630313685671
-0.270327067760897,1.54377881556917,-0.296591447508367,0.866599863749038,-1.30951381528288,-0.869935745452971,-0.0730889429003955,-2.06708522547456
0.636216726408003,-0.0151685378256509,-0.00154962376930333,-1.42060282096071,-0.539545608914119,1.38334069949616,-1.3876304356462,-0.208345028818898
-2.19125603699805,-0.492732978097612,0.584956083234872,-1.87774708327789,-0.392560398694657,0.458148740559259,-1.10219287495705,-0.268939356357365
-0.0224538958995166,-1.5087623831013,0.324091680485682,-1.56795091759189,-1.41460730447361,-0.21369213628696,0.53492782469956,-1.34168788858313
0.968005799410298,0.632916493862398,0.00929144178133038,0.965879963953301,0.00925409024011586,-0.832678902936606,1.21997555734067,-0.369172546493827
-0.315068895699748,2.75297981276532,-1.12538346999888,-5.13133564149422,6.54804477443833,-0.930082083331121,4.70125533470348,3.52737789779974
-0.334984599665074,-1.11613812312441,-0.611963735825396,-1.09162295549049,0.87277093290315,-0.496751125779971,0.315815038618953,0.768082632225161
0.0193285600181113,1.49044330913279,0.473367740222899,-3.57704611671886,2.6930006255914,0.797961894430645,2.16698804811309,1.25887295593597
-0.660034840298946,0.327929423491559,0.109658122314586,-2.79527248092323,1.77728013526705,0.313536008388074,0.605725337337437,-0.0123358842808858
0.597261864851538,1.6282295918461,0.17003893852535,-0.0245915416643484,1.8795966999771,0.961342240356757,0.594377889008865,0.78603453750185
0.513345355246715,0.741474444835656,-0.538286656363263,-1.52569594882017,2.12572356608954,-0.350226067919179,1.5971858417833,1.43068598210242
2.44055392170557,-0.728528540413487,-0.769598780072314,-0.198198476416124,0.0980737109580334,0.0374271398374677,0.0294161868550772,0.310199432676559
-1.18729888960463,-0.083551192777328,-0.569137356584389,0.815580020161187,-1.08310495783973,-1.40354202791028,-0.493735129787923,0.149134447259303
-7.32167417942435e-05,0.81350290043164,0.505978116866428,-2.34650103739468,2.83650453740192,1.39048032516715,0.0316259515449702,3.29701172703982
1.75304515966556,0.761981579810246,2.04840711302316,-1.99589203371457,3.53831511617728,1.35329069744299,1.15257162717925,1.48238104106108
0.164393499157201,0.528856556511674,0.549235884944092,1.23080172530219,-1.87098624194242,-0.602946633844985,-1.46377992340459,-0.992670373726059
1.32794720598227,0.343996980468537,-2.27501688700017,1.87115349423549,-1.87116612439148,-1.99604466859444,1.2713961841971,-1.15201357961183
-0.730710816686073,-1.31868357367717,-0.171725429852293,-0.913718939802399,2.98823575597121,-0.00967378058682766,2.43543940372799,3.05546323169807
2.09173243656459,3.60263588713645,-1.6022791106767,2.87680992850063,-0.409459923622775,-1.30968031303569,0.928456045041744,0.837815360802595
0.385646356728654,0.33683088747723,-0.570647878717016,1.09653808873413,-0.7272744199657,-0.470054003384945,-0.819028717706792,-0.124221376854787
-0.258827746618123,0.845064837926746,-3.71826974961507,1.88082130634378,0.443008277311939,-2.6309914965013,1.58074975228028,-0.0819043953526181
-1.10799040275504,1.71817148410864,0.663111545917383,-1.14401288918262,0.731714949171449,1.8231815897917,-0.24244296754617,0.417754135966375
-0.49572725434911,-1.308059020307,0.361623524226027,-2.37533746324943,2.36354281854556,0.223158096933511,1.41243573050009,2.63222624697738
0.596157104536499,-0.331637940973017,-1.0304837760384,2.03445772157794,-0.404097865484704,-0.299725435502145,-0.20016168223959,-0.0855291866647314
-0.226600846111277,0.789360623461466,0.608041844769833,-0.203392392751083,-3.01920749288604,1.49232562123508,-1.92505669472026,-1.83733087856285
1.60548255841979,-0.103113546857158,-0.0724282313191076,0.334104456451164,2.34837738522804,-0.430315207525,2.68959899798948,1.17400452097491
-0.469760469934413,-2.4785626479259,1.07073309854558,-0.341539479585,-4.12156434604534,1.28395435601698,-3.65863151078334,-2.16390645718833
0.353151704136422,1.12974875459255,0.147412521774065,0.74065271278667,1.64529750796274,0.648115302044695,-0.270029581159308,0.388455233041787
1.03374792479924,1.07013844422825,0.356937431135377,0.551185049379262,-1.09126290215342,-0.623358708575727,1.27772744177272,-0.966050865801104
1.25136632936033,-0.0344129826371202,0.499666758946776,-0.599997242769955,1.73551810449442,-0.193024620228742,-0.0041642846200407,1.68370087940386
-0.459601938617755,-0.909134977422855,0.816567857582749,-0.624040803814561,0.435409284892659,0.208008892845878,-0.0801225319990337,-0.669297316682547
0.134527080051524,3.60083646096935,-0.506404067585448,2.57479478958449,-0.808678170908728,-0.596535681169663,0.125080568036761,-0.48907492849689
0.428714253243299,1.48801451406151,-0.925102671434052,-0.417622324369767,1.67748070980967,-1.20029295041385,1.62745588648571,0.895034055905705
-1.2340700038659,-2.34709978363894,-0.216089997752879,-0.716562348752598,0.56550343530295,0.433290905249453,-1.23493076924759,0.223464310781625
1.03212534247608,-0.478518152158656,-0.0473222093603904,0.245011814681918,-0.55228042251327,0.466105292377008,-0.626761268846229,0.161461345010379
0.784580905773392,0.362725781855632,-0.194370904922407,-0.075608175851728,-0.0133439143891966,-0.138025045892426,-0.766127967714624,0.350632501596596
0.392413271591807,0.702116563470048,0.401263340223955,0.326155069655446,1.30497864164222,-0.276854688271171,0.0663987822653935,0.695944865552107
0.649012348887032,-0.351526623755495,-0.345134722665287,1.7938209317067,-1.68308554973409,-0.475466061971204,-1.11201306901489,-1.0009177318615
1.69927033786823,1.08511115100914,0.422786898143434,1.66245344401407,-0.17114000686393,-0.852735085765752,0.765452248771471,0.608052356461958
-0.0028344725966504,0.550020097758747,-0.312187113389378,1.30259878792749,-1.57417977346091,0.465092389201771,-1.3402748305642,-1.24426300897976
2.18839107187088,-0.106511161154589,1.24018559628911,-1.57245041259709,-0.911509498523753,-0.224816360776345,0.0421427171045573,-1.4921090589744
3.971895011882,-0.512921778745646,0.449192358412267,-0.0826991541905802,-1.62343381523428,0.813864141992986,-1.20808458992885,-0.94533865200117
-7.21796725126598,1.65654294853815,-0.0927793276067415,-0.56948293200337,0.974454873745264,1.08129630380085,-1.34917018186155,1.4442915389264
3.61409487480111,1.24958310832574,-0.347380608329917,-0.316492949189597,1.6335403041152,-0.379590080686657,1.38442965423044,0.236285273732421
1.6686219489849,-1.09250176117086,0.811353123157368,-1.4096261131021,2.85477043296262,0.211530656395055,1.302783536541,2.35612214764799
1.64667770587401,-0.776103020042951,-0.4866176083354,2.28278820246545,-3.39625776375133,-0.880151617614713,-1.10485246503533,-2.71540578246326
-1.35547049872524,0.383467278145714,-0.0555374788424101,1.44018503339003,-1.36320053372217,-0.883754233864641,-0.627953685645272,-0.831328295368438
-0.179610944978132,1.27621061138768,0.179136353105484,-0.609727322663301,2.1742195530043,-0.344491085735125,0.248396474986324,0.453713478696359
1.46641505648021,-0.238087370378677,0.313773619133069,-1.54644803045834,-0.77747072677679,0.885466511092146,-1.71157419370799,-0.829191681245126
-0.421602973803103,-0.0614190584322457,-0.997336270892161,0.124331745516783,0.857521716963137,-1.11411986053169,0.118385318081242,1.14466778073816
0.515660896384729,-1.1817414896629,0.546787150972875,0.250223029032485,-0.792878287203759,-0.333609696699183,-0.232456184775282,-1.07831020575057
0.791068232384601,-0.466758893032411,1.61873707500197,-0.923342778664606,1.16610892395889,-1.17561097827183,0.848269491669973,-0.268881587883035
-1.02231753986757,0.959985541085098,-0.536284529079107,-0.0932507151937282,0.765877711899478,-0.40223077205488,0.772328300320947,-1.3585726839131
2.65682051938643,-0.326181670702484,0.95984633611213,-0.745317300434422,-0.0718218175191434,0.764710164511064,-7.27716652609844e-05,-1.13648650582662
0.383492857298343,-0.0314438159617203,0.917496609257329,2.47509111142958,-3.29692040604358,0.23555330360294,-1.74434253964046,-1.6876800133605
-1.35102745279261,0.255185034709703,-0.71009004698435,-0.0366071041065243,0.650424870302317,0.630084265161597,0.0561142638012971,-0.715773902477643
0.696943796042828,-1.37500161079463,0.501677337454015,-0.800181596922815,-0.472844506666826,0.487213368145606,-1.18272930339773,-0.312171853313604
1.39816251649788,1.27534408268327,-0.238320206841079,-0.824328555349633,1.25956071744261,-0.654043023410398,0.774611915678037,1.66837494665241
-1.00641408352855,-0.858866500942727,-0.885579713332274,1.88813376466709,-2.1716240742178,-0.0442247097093907,-0.414846021392852,-1.74009495013292
-0.620369656265027,-1.64269046953627,2.03399351897219,-1.02493811765799,0.353934062244832,2.52285858778241,-1.3150223533173,0.678085465043646
-1.69630246085559,-4.38081915744711,0.308697437519753,-0.688711199890094,-1.15971317457442,0.896415843859209,-1.0473705011067,-1.21201984559448
0.842461451158762,2.86610042606976,-0.0395360184877019,-1.25741461501279,3.27403723388479,0.838314630606712,1.89429022514431,1.21883253607754
-0.799291570880716,-1.24372232693997,-0.576212691766714,-9.1487487233864,7.92976936131417,-0.566439285164645,5.11363137627167,5.80638485516406
-0.694625024402802,2.95164455408734,0.063012846606471,1.30998485457059,1.11710702260134,-0.830034253476202,1.57820502863418,-0.48597437231061
-0.150334098844454,-0.661246667899474,0.163586421655694,-2.46755152099984,3.59619026614377,0.686201877388314,2.22147871049367,2.07767053697698
-0.943558778521721,-1.07361644954638,0.442581784712277,-1.41959627698968,0.242304314279772,0.00696529441448951,0.539171226900463,-0.466068694881661
-0.0257218655773673,-1.46734458144065,-0.991554884977914,0.786880884066869,-1.61912179400852,-0.562151106503138,-0.564862345374845,-0.41959516731741
-0.0549605194182179,0.225700180271599,0.365183928697238,-2.75440608338346,1.18612545871844,1.27522352521505,-1.2355494094868,1.49552697110575
-0.164096961379188,-0.435401315253416,0.260631146726777,1.57080930630753,-0.797624729641161,-0.832749283154872,-0.373932822605304,-2.20410094794008
-1.12032078058837,0.838574647971124,0.0264833908633509,1.33733884512016,-0.667477575440142,-2.26522480877235,0.664449108724106,-0.355083520617181
-0.377175232224332,-0.109229727274627,-1.99811935456252,0.431942167632619,-1.64144109147502,-1.65000591998614,-0.0742951301064291,-2.02400532947698
0.0782085767326716,-0.0683399410828682,0.888326256407008,0.925466533909384,-1.0320456357415,0.797904158914332,-1.72635304610838,0.44312699123493
0.452854633961662,0.66807619479126,1.36312500644284,-1.15143972544505,2.26657837063601,0.589110590206951,0.762203826936602,1.01098568830812
-0.965498404048664,-0.602394465309718,-0.212708592986859,1.60826621402135,4.61498703543942,4.05220452546834,-0.334521144154451,3.33666334133589
-1.35000814662998,-0.0593672260144617,-0.340053466455975,-0.717504630896028,0.17489371489732,1.68824096261246,-0.790269130027888,-0.511319741058404
2.43516692128232,1.19036594643275,-0.198092940723125,5.59756307218193,-0.993794441823909,-0.158761708925148,-0.726966838031096,-1.35863854783487
-2.86693875052008,-0.521016749881782,0.717198185176981,5.55231025882269,-6.51481724208293,0.368080470981622,-4.52689238475238,-4.62044039929396
0.44792508375644,0.298238195294667,-0.335178751880753,0.96372361713357,-0.908467340458025,0.334145970146526,-0.810177720009079,-0.98960826661284
-1.85842031378335,-0.56982895601389,-2.94168409886253,0.869154529519112,-1.9984020844422,-2.78039336474703,1.1035663767835,-1.21455602560037
0.672040480053635,0.341339020936536,-0.405658619313928,0.561939857088801,-0.236624846907938,-0.532211374470074,2.6681180980634,-1.25333952056976
-0.322833871852715,0.347771929401162,-0.0312101663532745,-0.825137560974919,-0.469206627343505,-0.0596793122154627,-0.187109238304057,-1.35628296013505
0.535979722033995,-1.0586461422636,-0.288637243321355,1.55242560748767,-1.25777981901389,1.72757896812481,-1.31856646579396,-1.32098092832704
-3.66379717064448,0.999099545802879,0.214873820185315,0.571170467589757,-0.519663704035963,-1.08105866228522,-0.143312340862116,0.409115966322813
-0.818000732886641,-1.43961743618152,0.486888088272992,-1.08862033605865,-0.146421384368792,-0.560066011261462,0.375175569282222,-0.55347496107996
-0.922985320893342,-0.90528350632166,0.644379690031995,-0.392610135694188,-1.31412390174722,1.69012941192106,-1.79076587053857,-1.00110568437335
1.539674702536,1.55070534096446,0.101878714755878,-0.707371987558223,-0.0963890532171203,0.0420136462331006,-0.416249881929378,0.734463697773673
-0.0200009051299468,0.529081052851083,-0.305355675010666,-1.33690734005308,1.39535152605456,0.201334893976984,-0.191028976699577,0.381866714843079
-0.0749476457409785,-1.298198961618,-0.387005589977382,0.901735476158072,-0.8785538846709,-0.483942993057596,0.0680522668078532,-0.13755303409803
-0.0931974124835089,0.889584488841349,-1.20315981987792,-0.0971293374261537,2.26057967274384,-1.31434538657649,2.31764572893092,2.20019275504407
-0.621745574098727,3.48471344451347,0.0704631618089624,0.563363965793249,0.988330447045559,0.216757560114349,0.457310470538029,0.0810699458498071
-0.0331284369980079,0.492357485695027,-0.136512960057079,0.403595105859048,0.0143556335543808,0.083732948053142,-0.685582087288445,0.552286788184592
0.243927924675162,-1.44636470789246,0.859710639214308,5.98633780064861,-4.33020525184697,-0.38521761024691,-3.03573792074874,-3.46207581312025
-1.47922037309481,-0.666517057544723,-0.610427426576114,1.21576291432688,-0.267392860940788,0.38081619451878,-0.836656982292767,0.219890862729683
0.642915490738568,-1.5366183198035,-0.402138358090315,0.901213557938602,-1.2997116291044,0.218325532771799,-1.90026653523874,-1.39645615658655
-0.00829941644858733,4.50465495457996,-1.18861328717085,0.493818479760913,2.97745677959411,-0.925536522243897,2.66847045646514,1.78576655542542
0.170798141753515,-2.04569794534351,-0.696559426161514,-0.996385865481691,-1.00535153429223,-1.0585221534328,0.142798495001437,-0.00134546317119544
-0.53326249699198,-1.53307178660908,0.198317753244384,-1.20482768648254,0.0145230862002981,-0.331282543539807,0.200909179187859,0.32471784013083
-0.570158616742384,-1.42698995356873,1.93369328550762,-3.36778342828805,2.58127126055899,0.901146727192016,0.616719535039767,1.57655423004408
-1.2288227599086,0.414104937369263,-1.14218775225652,-0.090060046577154,-3.23848085524696,-1.70032747997666,-1.32010236234558,-2.3610906801618
1.2082194660517,0.836323437635607,-0.872043973598269,0.566040217407523,-0.740756577886713,-0.4099037995136,-0.449126944168284,-0.447950854909836
1.28652394857436,-0.0655640418138815,-3.39713607632017,3.2565327563051,-3.9094282099391,-2.93864861575484,0.0748769060949242,-3.10647721183138
-0.787633612361664,-0.0711106038423327,-0.958792725387585,-0.636562701152776,1.61567034787384,-0.0999711077041503,0.537843901253109,1.1395900455853
-0.203619783513379,0.892826495548383,0.00661802537953771,0.549498388765712,-0.10159342547954,-0.613896873512672,1.34901363176731,-0.906798242089967
-0.133992103489311,1.61561953732211,-0.924653034616381,1.52142777749302,-1.27817399702752,-1.35266376725769,0.880383106307449,-0.392198012643773
1.29624722402957,-0.754983859761821,-0.603022102863625,0.118242570432809,-0.954092043473652,-0.045890316151022,-0.41892046468834,-0.623421548000017
1.82301260881877,-2.73517333768218,1.07418686319872,0.675684267961924,-3.75274910032424,1.26181775339451,-3.34411521776245,-2.25725105912246
2.22212756396988,-0.426086834144488,0.716430130089892,0.830364062492692,0.367661296341091,0.103601202333633,0.0929950571164628,-0.967085808121819
-0.508332809016009,1.40373856897668,0.681179460684285,0.553220941233899,1.1119683413685,-0.0459855682658338,0.817377060845794,0.945039235390739
-0.445681038196278,-0.687802644768744,-0.272909253789622,1.00506285311223,-2.59292251228526,0.790604553408579,-2.97421400340486,-1.38602860117588
-0.609328628626478,0.945094083463352,-0.95312981685131,1.09376930653436,0.0357858559300768,-4.7297803308976,3.5087321621575,0.843001442633062
0.305742106803865,0.952790361553612,-0.60412132351118,0.558894726422581,-0.122132793564331,0.00525311492145292,1.07127258070149,0.157578389122702
1.26806943393638,-0.100387995196286,-0.632918212588767,0.757174352428195,-1.6854741557859,-0.102195839922999,0.353470277922645,-2.29394902093048
0.834285828338377,-0.160877665482518,-0.00194264421303223,-0.748198678108951,-0.289993876190419,-0.00314093151544546,-0.0759289186557045,-0.417647643363514
-1.10459334661164,-1.24717546972165,0.14116041910489,-0.192405489069504,-1.21716771938808,0.680565293781943,-0.263933092377242,-1.35635947175704
2.58148568596916,-0.314244655212569,1.13553956940062,-1.83377495347611,1.5309364828912,1.5190289220932,0.205316232100876,0.946249831142189
1.06060231821589,-0.745896853738859,4.29922067056437e-07,-1.9819579747973,1.74330258125026,0.402195789659068,0.244716871372451,0.209939235914866
-0.0878538569782693,-3.93729746709399,-0.560171276882538,-2.25454734525208,1.01994016647383,-0.174355123660472,0.799802361784365,-0.0246846408190869
0.81404100578769,0.550258088543247,1.20749074751494,1.17687105088205,-3.23424862228105,0.265543275987089,-2.05386075972716,-1.06553922265754
-0.28065016786521,0.373852471057852,0.0389936291604687,-4.69986219591928,4.01516880517348,-0.276972121147155,1.98007500471793,2.92296503850837
-0.0545498520780343,-0.161015664157081,0.448822686227822,0.310552542187445,-3.63591649515201,-0.0630091143670081,-2.07100897767446,-1.8646263028764
-0.455213006953767,-0.693268548842511,-0.293240646319607,-1.11459400252453,-0.72856573828699,0.514818617171101,0.17907345641351,-1.47698745290972
1.37155005294732,-0.43047577364688,-0.66756959142673,0.444402395771031,1.38314363121342,0.165218398814928,0.195196718078671,0.291544372902921
0.0345353483188413,-1.74672919084852,-0.752615650425462,0.452433206156703,-1.91490266011808,0.388893837163153,-1.10035582783466,-1.14814206063026
1.62886222804814,0.587329738554618,1.10471406491617,-0.730208558678114,1.31507891729295,1.76641173566299,-0.263147282218116,1.61200806119287
-1.51628687916092,0.0378841529395534,0.544436540445236,1.36003823752853,5.62009787451932,0.830350859944444,2.67893883092309,3.22992448885574
1.44078839186119,0.932666924232556,0.896647322869856,-1.6176609768791,0.967675289169958,0.0873756348606325,-0.365212405039393,-0.44500742486779
-0.346682415917309,-0.0316628213877458,0.171227287890877,-0.362700632296087,0.242487106735192,-0.196029386716111,-0.218619489785576,0.671987082113384
0.864653768917032,0.794551806589017,-0.475807382582129,1.56133184451269,-0.867378494502098,0.508846978628206,-1.25767890111263,-1.75033408922942
0.93026303326515,1.07661508378756,0.00603012681921362,-1.20206836877277,0.772772824996417,0.0965246991393175,1.70071366025411,0.389274068229354
-0.577863675926344,-1.49132523436614,0.441567696961183,-1.66901755203297,-0.321886048702989,-0.143188819576051,-0.573530044379148,-0.150132797823698
0.00356192151919469,-0.560403614675481,-0.0247402501311832,-0.993406730487313,-2.66235127108007,0.764708431447801,-2.92075813906319,-2.47945810056405
1.34309568464167,-1.39774500615949,-1.13205326106194,-1.90197865845969,1.6022137222952,-0.391892847186445,1.83633358096072,2.2877364222934
-2.341601942498,-0.013456121666476,-0.84769371694278,1.14665285392268,-2.46465952766175,-1.81690125572095,0.657925506913745,-1.17262438160519
-2.38126032806956,0.0155675508140987,0.154088902819778,0.744508011390883,-0.0639045970520479,-0.661223629970825,0.309508047270971,-0.472862013831205
1.54325764542878,0.73949519170509,-0.472942643072764,0.634434228729739,0.177029631620663,-0.172701784060614,-0.709969936354401,0.738186933372807
-0.0203416583160415,-0.958303381871101,0.221325055958062,-0.712869683240567,2.60968983422567,-0.28928049512739,1.64302687884115,1.52875739974967
-0.524500806751253,-0.290914775115109,-0.148994879635194,-1.44522415973551,1.88709355585585,-0.927540188738735,2.83142221589536,1.35203715056945
0.139806051214333,-1.17409654545889,-0.743029423274593,0.659614574197787,0.0570938032250432,-0.36928157495492,1.0178808901664,0.492494745842674
1.35125892678818,2.14571294170488,0.414591002057063,-0.0632853252199038,0.0862922272627111,1.02879424665736,0.493841981459708,-0.771045214471347
0.202956710290881,1.02829566005277,0.988173441761854,0.341086263140136,0.726231077002921,1.53843598752361,-0.921485404720467,0.637489395896731
0.496693963067537,-4.50250142960724,0.623405519714988,-2.0646398553236,-0.737101325848689,0.63279941479145,-1.87027744505363,0.578311305359631
-0.658375374169894,-0.176161413322601,0.772847755215557,0.146014151147043,0.247007822075253,0.435254954280841,-1.70961732132101,-0.0962867255823844
