0.340548054542446,-2.45977703087084,1.39685517182387,-0.945321303457794,-1.19497414565756,-1.71219514070012,-0.603037812547597,2.32523202282096,-2.50585590312898
-1.09175124113009,1.51170515730333,-0.891621860690044,-1.2003329430713,0.354500218964647,-1.98543592359313,-1.21695889801294,2.34602402740376,-0.845425723397435
-0.644707421442172,-0.702583022999471,0.665426727311264,0.676866454162567,1.58841818285211,0.839526158731597,1.44554283798829,-2.59739740763284,0.0912536485385409
-1.20913792716492,1.06408434019274,-0.66881980225509,-1.12108231111928,-1.18518751210816,-0.219261447377189,0.0532193960298653,0.966357496056001,-1.121312108107
0.0179898362411919,1.11804300405642,-1.53573033064321,-1.43287795136044,-0.212611812017466,-0.965296344112619,-1.01585762120051,0.141342425338671,0.50440810129275
-0.782448983768318,-1.74811489301338,0.485300225689642,0.00362424992730119,0.0403851907331157,-0.484753483942945,-1.19081579296997,1.03954031619312,1.39585203532739
-0.723461275293577,-1.40487689695372,1.58160735981968,-0.239417632988041,0.904684741076863,1.92293215905516,0.658998642479669,-2.40797741396532,1.41296763768781
0.435838072750719,0.812145161670724,0.682310874882191,0.252366507751668,-0.215613399578815,0.388227144840091,0.960622835061407,-1.11864525993793,1.4563682539185
-1.4566029265403,1.00137223845082,-0.00413260296252183,0.412233468280345,1.98890190009007,0.772987694526272,-1.29304298222764,-2.47030664790899,1.75910769603565
-0.296023344621122,0.173346073956735,-0.296615421016562,1.72417852849008,-0.03043349421476,1.40080009214214,1.57360253588136,-0.0724130429591074,1.48444413340545
0.150220574134135,0.346736067725923,-0.818409465984429,0.837476826547419,0.328822267342296,0.0114577264496144,-0.0951274227998006,-0.20644261622032,-2.02377609676754
-0.92890744856579,-0.13233841421086,0.899538010356101,0.253095662914852,1.09875063014847,1.5124246872069,-1.82430782957071,-0.723608156832006,3.03591502154075
-1.37143758985658,-1.25745313627154,0.747953389688038,1.140901091198,-0.588730454565747,1.4305363325637,0.86998441102932,-0.338242201803618,-1.90104649409683
-0.332578197802176,-2.33725005079194,1.93804509895309,-0.317003369620295,-1.20344173372746,0.322199529462708,1.68632234279722,0.959462450707489,1.18892881352441
0.600679965432994,-0.929555318543729,0.481334457111936,1.8939059235357,1.81336164672051,1.06664735056803,0.17012295657048,-1.1811231029917,1.30069136558757
0.742075508697288,0.456698290093559,0.00537308391518909,0.246753824913859,-5.12053320784972,-0.69516297347539,3.58457447271266,3.45888141093047,-4.7745084352618
-0.475312088699207,-0.00198518095014366,1.72008014513645,0.714459579522916,1.04382969744338,1.13689630706059,-0.989520411867572,-1.75830488309553,3.92603353621303
0.57490832493599,1.84514859669688,-0.709484107124306,1.43287856310468,0.209013139451245,1.52546200549677,0.00122461880591462,-3.6709830855392,3.62646240693055
-0.568750852860314,-0.284504757773203,1.19473567123272,1.88764957826621,1.11815110193032,1.65582202589922,1.23779090767459,-0.12214477027416,0.0761336836200041
0.268396844632015,0.781095614321944,-0.0985730035770698,1.12534397770761,0.43279165183277,1.02799009212386,0.600871977452098,-1.05393104789737,1.51537744264186
1.22089122088639,-1.44144936396557,0.583936124437522,1.81816936926536,4.45532022575134,1.35102336341516,-2.05122292690198,-3.84202157644022,5.0101561703212
0.575478688049245,1.37571096504715,-0.743495855112054,-0.0338951321138386,-1.23843519261262,1.02912554930628,2.17566090993836,0.84462588599001,-0.925806986027235
0.548426113736554,-0.257743415301793,-0.563969250928854,-1.08548350641209,2.43511330870643,-1.41832748509794,-3.39552773807686,-0.669003674712054,2.60158380351705
-0.512620339281066,0.581478945132,-0.223339993581334,0.564272833162816,2.00490678265257,0.689302419224034,-1.56011083774989,-2.13533749387943,3.314768111024
-1.49165764343013,0.753167745079974,-0.844331758530494,0.632256382064513,0.0331258939717709,-0.844461484965682,2.28825179978286,0.483203709901919,-2.67019790618702
-0.295120570385233,1.87772916515252,-0.896953368688112,1.18991467904942,-4.66720107897359,1.12036791679759,5.72174885523553,3.14641078521193,-5.21988105304964
0.654884927178347,-0.906069184032244,1.07400485607878,0.711526828979163,0.448986444176026,1.07254708224883,-0.402573743230506,-2.37068141381978,3.40905245077061
0.253096100095511,-1.1492815282042,0.82970073745153,0.681325886030185,-0.846807240382025,0.133683154419974,0.555066366467923,2.13599159474925,-1.55338472866926
0.499355884001213,-0.482692206162735,-0.469336960883123,-0.857522153606792,0.976848679987507,-1.47427598141181,-0.986166562608485,1.76307208108092,1.80133574004528
0.377560225613978,2.48659271296957,-3.05555672085794,0.561560712373137,0.525400377170648,-1.53755235906034,0.362299768805127,2.26570953380588,-2.56622287647932
0.139358798304365,0.978658189619015,-0.307727371582479,0.400114251306089,0.857724991531489,-0.092781311868877,0.238380932250976,-0.375033749667132,-3.93661985786156
-2.03596883520828,0.202674469996553,-0.146615618607886,1.60565663939174,0.545634839377331,1.66982928512111,1.49183848046769,-1.11184803696649,0.319771448655308
0.0534571276749528,1.36469059040846,-1.80177690461443,1.39502203849158,1.63970330442917,-0.345590782194045,0.12941776722158,0.944238916124387,1.13009475630098
0.539241007955576,1.04342928167676,-1.56753937696095,1.28852545135336,-0.259418690388815,0.956465244931324,0.315019636308885,-0.112746052532589,1.68381222509489
-0.977962688949803,1.42249619821682,-0.4757729961716,-0.181674025073746,-0.969713340153721,-1.09371384479669,1.85428952130049,2.46838105469078,-3.64416012599239
0.401210244188295,0.170885574389101,-0.144855717021659,0.42489112987788,-0.574464122076881,-0.805563538637292,1.55483425451004,0.753694211907505,-2.58787747155971
-0.770076592397963,-0.0563707476421428,-0.457573555877757,0.312397318414302,-1.80908942196483,-0.548559319669352,2.48657409256475,-0.0976502414624953,-0.538387658324798
-1.19529148625051,-0.174134216330864,0.323317715179964,0.188886538515886,-1.15784209934482,0.600475437509037,1.1790163281594,1.5367042822412,-1.70827100113504
-0.0981203408138516,1.01707883428899,-1.33265101418656,0.854639655314798,-0.817769587337039,-0.13971055910731,1.60758604133139,1.74890577832779,-1.26909777538011
-1.26159926411819,-0.582437811257707,-0.057309593979563,0.757740306933073,-0.511142273135245,-0.505562715975183,-0.18081139009914,2.18753179797793,-0.711514787238289
-0.532402908314228,-0.18071205167252,1.0448281848238,1.79261553441971,-0.382858545727499,2.45676125361018,0.237554888222124,-2.4508054828232,2.9073393965653
0.0304876760975208,-1.25011315363927,-1.18652310167557,-0.960036238299218,-1.91922239341625,-1.28842599498418,1.26016926552059,0.476060561945027,-2.31216451532813
0.606149724168103,-0.316048054241284,0.164154704499064,0.272084438602505,-1.02120336815134,0.0854983721180242,0.993817759720221,-0.343044167359499,-1.44854153440205
0.717237935375502,0.0973375892811515,0.532674803369665,-1.02607186451173,1.71921284259359,0.121735520763074,-2.26678375953291,-1.1112994040688,4.91022201795248
-0.169668634140218,-0.446760040161309,0.782841600113566,0.535316332941611,0.826573797792029,0.515624321092622,-1.27838366105473,-1.71931524569614,1.38952366407929
0.500288555130629,-1.48402680248766,0.833509331896212,-0.789220210283928,1.73281157172194,1.25648957837047,-1.22196427584082,-2.49745392408135,3.5791496085762
0.0387515890359451,0.11112906608999,0.270937488752012,4.13216566716701,-0.568802556418908,3.14310135850506,1.47213907899536,-2.63170877384161,2.04484818704424
-0.0750841065710124,0.56498106672374,0.350790073182932,3.39739760662973,-0.300693089808013,2.46587041518453,1.80864332770086,-2.13264126226995,0.130700355623275
1.61582855432659,-1.74715992228211,1.1567785513847,-0.485230873121893,-0.312470454031134,0.647765130952512,0.994677255090603,1.09864508632678,-2.25636112082539
0.619484780691582,-2.3840539659141,0.212984404611955,-0.00022511758620885,-1.25771664530171,-0.486730955416031,2.62637786348507,1.77573262751491,1.04373198069972
-0.0501715616865644,1.01007134410706,-0.7207213424599,-0.873142421334588,-1.01394791990295,-1.85354448778796,-0.841179635197742,1.65770973414015,-1.22250929149843
0.218209596464127,0.958018950080556,-0.551959172265824,-2.15604710465253,3.17703105148316,-1.13005234949134,-7.10830904922334,-1.10461916534113,6.3873592578322
-0.44591488650793,-0.000494694119570038,-0.379174821547565,0.744587557527729,-0.52239311510034,-0.656398179162886,-0.035052329199682,-0.119094609835722,0.682390909005438
0.42278993237107,2.76853759783057,-2.880350473842,1.17059009320468,2.1295243460059,-0.458341190985192,0.284627563656024,-2.61649349388766,2.32067077273711
-1.88910142229214,-3.83705384901458,1.45243359747919,3.7857909951545,-1.37736995393623,2.08168425731286,3.46259176003763,-2.55092280241227,-0.291166823223901
1.01218165837709,-1.372919197748,0.813226420162404,-0.745899368694034,-4.09607716206196,1.04701101722689,2.69413936610506,0.946321393294501,-1.4643215215837
-0.000659450067416501,1.75690204355212,-0.907869033521684,0.918591497844399,-0.184496858411139,-0.928658994091928,1.30960715110555,0.760390737691688,-2.47635959822066
0.604679478886864,0.579699440276634,-0.733248700156831,-0.818042429537552,1.10999709736902,-1.6781200836592,-0.313241932867553,-0.2096660092511,0.901527631169066
0.082683742388626,-0.35958488506425,0.616171134973549,-1.07845165283439,1.72517859706555,0.450447623750986,-2.18930988471287,-1.3229926596992,4.06862300850655
-0.593845726775677,-1.19046703048289,0.717393324811751,0.996549207785952,1.45085111579221,0.060668479628469,-0.30428093504215,-1.85780588232117,1.6692217162237
0.763971049986327,0.612394225985007,-0.621574560010358,0.475925477161619,-1.62585376884134,0.108373188387078,1.06731697774048,-0.565628466559249,0.210056818765856
0.301443263996383,-0.132374848269189,-0.473806164539932,-0.254666301456767,3.21733972094271,-0.767255108565416,-2.10111223727824,-1.52963349377619,1.44855397218906
-0.23257291665284,-0.636374181970399,0.994280598477205,0.870303488422124,-0.894643008287972,0.385158983891751,2.12876007101356,1.37273094130935,-1.00729275570165
-0.739330515451092,-0.402704032991152,-0.125949213146847,-0.466450911461089,0.0473990037322131,0.225804383504597,0.300263039199167,-0.919471517141052,-1.0845365846865
0.99964768387055,0.61723114433128,-0.112118812924127,-0.542541160705838,0.69491451903201,-0.849782332773677,-0.303998783987689,-0.325060661083723,-1.40228263770503
-0.42187791334035,1.91838984799615,-1.18412091900078,0.953076947357144,-1.00255829164312,-0.0759080509440352,2.78926584171244,1.75169013665105,-2.06596842276841
-0.050529960743671,-0.87108120685655,-0.33755744883003,-0.00243854088595459,-1.91474227665911,0.318148257696922,0.107365621905145,1.73882523632342,4.17435004139838
-0.0463413505789776,1.327203271566,-0.8787010846644,-0.102287015787379,-0.413379224759065,-1.15029147140937,1.62672525199846,1.40313518773545,-1.61835588758525
-0.510349396137549,-0.0300835259611342,0.953271867968757,-0.508663495044019,0.194422859937847,-0.48385733443917,-1.33527673680028,0.296137607173562,1.65674447250284
1.17697124528545,0.222274248336502,-0.225050907527881,0.335361246386711,-1.1703307577172,1.12097612625187,0.0624404682356865,0.662650707198525,-0.199523880527617
0.0661178966945294,-0.835158744423202,0.272262391515211,0.218100050128613,-1.09750734855021,0.657841997998287,1.11222161671898,1.08576523586176,0.130762329231482
-0.447277450403654,0.487806320753005,-0.394343935350126,2.34365869178617,0.232582145174017,0.0560767438537371,2.60706336225508,-0.120163512359658,-1.32238184913873
0.0342064813988798,0.851481010227587,-0.44754680866827,-0.48272034483308,-0.38767922184088,0.213481871850149,-2.5303915253522,1.21274624581906,1.58661276937387
0.106443863534718,-1.52424434245627,1.67132404726054,-1.76268354278656,0.324739279040472,-0.712952098178933,-2.45750964857998,1.02666775649079,0.915632836913604
-0.826861861979779,-0.360814182370158,1.02013956277656,-1.09620961854074,-0.00644127887355451,0.715115083617013,-0.979309400955788,-1.4666539739933,3.50579176004858
-0.0609112319164432,-0.442656922591134,1.02329689833961,2.09646183501712,-1.06566184686133,2.83800413843732,2.21959692647644,-1.24516322298133,-0.54578858462166
-0.738736142806274,0.181446529162446,-0.82173196999725,-1.20610312198395,2.51356568540123,-1.08505991064468,-3.48003144601122,0.518610255880721,2.91940003233157
0.82250886232052,1.00058732324538,0.790837930309683,0.0187928617631327,0.920863767166333,1.11071385701729,0.675116959743555,-1.25208400522094,0.884448359273329
1.11385026341603,1.43204732114523,-0.804975770288287,0.191040181082293,1.49533943497248,0.491621647511951,-1.45779279038772,0.0932215089014947,2.14218844196785
0.247817336947832,1.34001031955479,-1.53292240301876,0.503598188593625,-1.34481143483343,0.0414096244878351,2.58992649021766,0.150683589936871,-0.451398240492205
0.249986494479391,-0.0899695695693065,0.054448028555734,0.695537897550759,1.37710853621687,-0.0992798164105715,-1.00002677873736,0.411284150313181,-0.142124994885848
1.16175130381249,-0.00194954263410011,-1.86603808932878,0.0454860034934421,-1.54766323547074,-2.56164930934694,1.22528964465923,4.66229363561744,-4.52951314414621
-0.128838329020116,1.67028706682948,-0.966965789268754,-0.685941965337995,-0.798358755011994,-1.46592151402554,0.959374456175438,2.84224820608558,-3.55883224550642
-0.0557952243789597,0.899714991566851,-1.74354310053403,-0.159668927607201,-2.14799827232233,0.221392467377905,2.21665948755051,2.1891293432193,-2.05003664782428
-0.817775075734464,-0.04378874184987,0.135695940924687,0.157032221489418,-6.57872779799158,0.656831511737601,6.5429282049275,3.64715892959933,-7.02244819243202
1.76849755473537,0.897395280591811,-0.648283536742653,1.00511214938325,1.5018072543606,0.794740700352646,-1.86217650516754,-2.83389031953545,3.482903878462
-0.00760170524812552,-0.368506361994777,0.325044583522448,0.180268497534217,-0.854329817233149,1.05983726276624,0.340754726844519,-0.927435786794804,0.0921691255863396
-1.09744638371952,0.104031264352786,1.4362635794663,0.112190785050168,-0.538907120836391,1.04239447499048,1.00051904865303,-1.66860838002027,0.564883396605561
-0.00488946310787339,-0.669594171627236,-0.0179577324099862,-0.659837529449094,-0.648134693803416,-0.954300458790914,-0.0412004258642143,0.191250961089377,-0.727409338567007
1.18473051596388,0.134824435714319,-0.112007116344295,-0.1309372884946,0.262409102055216,-0.143202143662597,-0.307159376873891,0.348326017240235,1.28024636212046
0.543342482097815,1.97830002752688,0.057583838208519,2.14555109733647,3.27659379447103,2.1026312361863,-0.653688069819966,-3.79337145161335,3.3766043348231
0.171393675396003,0.886343136397403,-0.520122941563592,-0.866696430085214,1.54539181309367,-1.74418102981307,-2.3232357314008,-0.155488265290832,1.15749679122314
-1.21854270515277,0.0265063297084059,-0.557584435251098,0.0220877375067105,-1.97548108853127,0.0659033703118871,0.382107490865153,0.124718976213502,-1.11881720700645
0.595267214898899,-0.312233789626318,-0.942395756850569,0.234783661094754,-1.38484518464759,-1.75023335382664,0.392413745325905,1.54729420133918,-2.47070883423433
1.5222739427786,-1.64956751555865,0.557348219949498,-1.01877719996438,-1.55166676967461,-0.292173573450804,-2.00078427259834,2.34574148392585,0.41315893431639
-0.82456931882485,-1.3190624373961,1.01108956805125,-0.334089232090076,-1.36092380856998,1.75141917411025,1.42372199644553,-1.63433513516118,-1.44463293803556
-0.656575938198106,0.659602582656237,-0.288113330908596,-0.576677522704804,3.37807135236611,-0.65747824417921,-1.60577351457844,-2.62742532580122,3.08881940209848
1.15602859162456,-0.252307085785559,0.068605788709712,-0.340132472921608,0.00346320993478979,-0.0906578714289145,-1.01565715344923,-0.904625088528051,1.2441930392272
-0.7264945126519,-0.805744427340476,0.966281067880868,-0.587110279400686,-1.02484769135663,0.976972103393122,0.429415258059168,-0.560543618183155,-1.66410517138206
0.121738484849549,-0.490823280579388,1.69019972735843,-0.0224214703874083,-0.78874530184923,0.673603899469992,0.674835081476742,0.709286665295783,-1.6118464647022
0.666644283261707,0.402240565343183,-0.450758846833908,0.730130560827295,1.15335410128953,-0.0392998575710336,0.159674485569896,-0.323175276174695,-1.01434800596447
-0.926848938702315,1.1372081405341,-0.773815800357457,0.342617673179861,0.470175501555546,-0.527919184168785,-0.270199533355091,-0.965944615482554,0.464666428403224
0.834056948309785,-2.1856350114417,2.11195152147233,0.487396103636631,-0.214003769390165,1.77172635994444,0.905487957298991,-2.67147360666229,1.01800071083763
-0.584086622840731,1.64057314333638,-0.709131698033313,-0.400858237069129,-0.954510973372222,0.185590908002751,1.94987839684866,0.446813597630327,-2.43967442100549
0.583193523425194,0.34988766444537,-1.23606315755925,-1.61251875486048,-1.07839425971602,-1.70127558785994,-0.931217587002814,1.30432843465295,0.282618149112111
0.35445503999282,0.721715427281328,-0.455287893432713,-1.43277807197815,4.66987780577167,-1.80160016966596,-4.60615845505956,-0.0518389169120772,3.54655068298064
0.0599863220196295,-0.292662981018727,-0.650080022087703,-1.41807519900991,1.08004603056473,-0.0459542340612173,-1.90680218465197,0.314139644077765,1.32289857727393
1.26652581899906,1.50644785066134,-0.392287706990818,-0.128062251643432,1.98163262387351,-0.817349204507433,-2.22705438915597,-1.23051085222153,3.28986417586387
0.337129686541083,0.706295029813698,0.28137580798759,-0.783247468825411,-0.651982510119778,-0.967576934879848,1.05082933105405,1.54501116374984,-1.47285721380245
-0.298644822234199,0.18829416293714,0.512656409631688,-1.21003144176539,-0.572690855162624,-1.30013320169333,0.0408881268904049,2.55456728753183,-3.29319784244839
-0.770829714210131,0.739889563175378,-1.59726416191762,0.171096547895514,-1.51828350588871,-0.746657235999474,-1.56646441877041,0.510494694792865,0.282334343975332
-0.272271714104324,0.0834455437525081,-1.10258443620118,0.464695386593977,-0.240406266784176,-0.857878974825617,1.7378884697569,0.203382560894924,-3.13181637829684
-0.257285212803535,-0.795420964523371,-0.678194903426933,0.177829255849475,0.682464972217641,0.409399307728461,-0.719331074248072,-1.05905887546431,2.09375061335773
0.0509297917872383,0.613713372050918,0.11268494439688,0.0451616780792908,1.31779454315132,0.468984703346124,1.18270095356552,-2.00795615580568,0.902894287046136
1.05205363085424,0.0769526268513836,-0.0187779866942193,0.411956630529922,0.610471532942888,0.449450212348404,1.28246360797761,-1.95945098180474,0.691870553085601
0.0508280641439736,0.122737574459324,-0.0752113564222376,-0.136642495232082,0.649671056062277,-0.181859663417739,-1.67256919817667,-0.472640950011905,1.41045016332213
0.252805132615536,-0.501090898228862,0.171190683436195,-1.15201021197917,2.01372722978241,-0.0938729647204742,-2.53314572632104,0.267643229194955,2.77942267410381
-0.162960201063904,0.220193340362674,0.973599068484771,-0.697290223541426,1.18566994903019,1.18113800637988,-0.683878836476048,-1.64835575446525,1.09051202199783
-0.448849232518207,-0.536178619178793,0.64252021240248,-1.3025734919023,0.0328664915047747,-1.00605616842877,-2.30817332705147,0.698634576907592,0.155245203396909
0.0900121330656606,-0.906808041560861,1.27649795508146,4.3573591603504,-0.977628407718138,3.20699080277525,4.68800645540011,-2.39715221545219,-0.302756475746004
0.400691020873138,-0.967340152698438,0.258071037278825,0.341281751937881,1.26573320859005,0.0040545342490737,-2.37288058328814,-1.31916698475237,2.291388110197
0.207692672663147,0.867867260543204,0.0580140945305151,-1.7931714135963,0.0677644100653421,-0.517694412905115,-1.17829905768968,1.76116299594233,0.402713884444187
0.336144111839569,0.092352988260816,0.857524506667765,0.694761815911911,4.38254022776796,1.04177746546445,-2.14625808260298,-0.9267565789687,3.21618348391647
-1.11088890729957,0.60495350687508,1.60004949363214,0.0650303370239143,-0.356578967827584,0.963948859441918,-0.30661427221818,-1.13612573781196,1.52869647507672
0.338332472219196,0.228958639517053,-0.270261878071291,-0.259152073800351,-1.62206964649075,-0.956393634514439,-2.01250772842101,0.923044162804663,1.70967982824066
0.0522505642790326,2.80523329412754,-2.37370604839294,0.197951771188935,0.735122302601238,-0.836200807269867,-0.535788590034016,-0.21392413275762,0.627115118708167
0.182426942005072,1.13338168535255,-0.785510410795754,0.251515117367093,-0.708841847264563,0.193027903789729,0.76768571064585,0.473698170489138,-1.45070183349607
1.32282068002242,-0.115424200601444,-1.53758431045532,-0.786006973367646,0.714780767311799,-1.32790337011875,-3.23810337161243,-0.635933596318598,0.731156342968916
0.709300220791677,1.64781412258004,-2.26507236626639,1.89534966200265,-4.12329996382517,0.569411273457556,4.04285589256088,3.00538538171962,-3.62204795024479
-0.386860325288859,1.54374356380531,3.08532022638146,-1.88904387540485,-4.346340537727,1.03102269794319,2.73067161614116,3.25772406495328,-5.43737190841625
-0.622947598379089,1.13256661196378,1.09525331640927,-0.0740893927021924,0.741762133480794,0.692644283974776,0.232616841487926,0.339290852063426,-0.329630715827653
1.01009850240112,0.596285380832958,-0.358735911968362,0.00960057000670079,0.526314361974948,0.20838527177611,-1.25869110848184,-0.649722020600105,2.18587866142329
0.585789880807302,-1.22867025574932,-0.396125642126448,-0.219699560078186,1.10714947844244,-0.917536743413204,-1.24388831228514,0.0808255332927836,-0.600684009897572
-2.55179796811897,-0.714810314001117,0.236907447822198,0.949397547314972,-1.62015278769062,0.0482537124843445,2.90358104435024,0.590568083535634,-1.14139968517655
0.385131999522408,0.0848076115269854,-1.70193654123473,0.927965939754664,2.0468914092709,0.321392974854056,-0.970366417967785,-1.05444668986587,1.66492050923859
-0.266073212439257,0.230191313041329,-0.637319889024835,-2.87213442866032,1.31901065926013,-2.91577512579212,-3.00155087924387,0.696117056382906,-0.407857127099934
0.671816999744935,6.32713288454196,-3.79204738143077,0.241211128149274,1.4943551876014,-2.12699966779652,-0.463377471863748,0.359151649929517,2.63395911943316
-0.904219857576348,0.727235796179831,-1.12724847503599,0.13965308403171,0.953156388173437,-0.0233844646761455,-0.666330769669224,-0.594869786790959,0.0210588370802948
1.0379194042295,-7.50043507819732,4.81720969769593,1.15713131345072,1.7244827435229,3.38844389859779,1.26565765460302,-3.69390442603182,3.15899121515926
0.915589146686009,-0.497576756971707,-0.652372954505911,0.461117150609666,-2.86848248184523,-1.5117221319066,3.98467922173283,3.42502205817246,-5.262285361339
0.0542625631223575,0.774879284492664,-1.02341019521644,1.17650861150555,-0.577271170773669,0.372295096618765,1.59819466669672,-0.843177765841955,-0.83146486761186
-0.258463556640844,-1.52373129740764,1.16021434104328,-0.264285869061646,0.607854413301212,1.66197362201053,-0.660486343903993,-1.32044367514667,0.757129673652032
-0.00889663341582283,-0.600914168057476,0.67883994523283,0.321451125851916,-0.992618965962469,0.921316054674964,1.85720153400211,0.75411379758656,-3.43837287464667
-1.07814457615734,-1.06360487308317,-0.291919659551436,0.195322902611272,0.0136845736860574,-1.10137186961027,-0.240428362885312,0.963321519839116,-1.81024121735673
0.619624457956438,-0.626699529582266,0.724909168790174,0.897850321016282,0.869638420014231,2.15409184955825,-0.419604727629781,-1.01159449226135,1.94783085936473
0.108620521665813,-0.662562357751927,0.39753075200946,0.831697275529273,-0.763201766324183,2.02387581672515,0.913727908605466,-11.6958225773034,8.17029691598599
-0.677984839412959,-0.356059585461868,-0.257107720122858,0.316172114283529,0.714047702854155,-0.0687862357620757,-0.936109536717627,0.410832989299022,-0.642572479536733
0.267319820470076,-0.313796424904051,-0.234722233052019,-1.48425258749121,0.621467875943379,-1.02156738800667,-1.7121464251242,1.41324081673184,0.43425783302234
-0.913630066366651,-0.0996344415437039,0.298863571506969,0.00503062490290472,-0.992013093812703,1.39444555656242,-1.73630182991263,0.607219302605175,0.931520550069707
0.588391790226695,0.828745224293984,-0.807018522510422,0.922420702487368,-1.14283727746164,1.10290557631013,0.0982320013171032,-0.604997457120908,0.232895599730316
-1.15020601423484,1.77083355958558,-0.910614658683428,1.97594155145219,1.14234814449228,-0.367426530424337,1.73576057386693,-2.61886379937274,1.55052188183413
-0.163137895749427,-1.7344324695773,1.03002625943666,0.713240501120701,-0.1026318756308,-0.181017777932492,0.732994352524756,0.0180075117069741,0.657954217809755
0.306949567846726,-0.605470086311673,-0.678013853789479,1.05356932945156,0.843664246854324,1.20161604743298,0.220366858567282,-0.559552271640579,1.42336084039109
1.24639233505878,-1.69498439498805,1.52706052581404,-0.77713929428997,-1.01741344427956,1.01847348207552,1.00302675337109,-0.634898829908153,-0.906031414892482
0.579717786261288,0.558183518715621,-2.01496086532475,1.32882406445394,1.4291890207429,-1.2813528221717,0.308626819884668,-0.428644945548761,1.03222044163918
-1.22066431172123,1.27961167846756,-0.364970026091816,-0.443934432136605,-1.31550872135286,0.734342671103568,2.62229636801265,-0.306895315289947,-1.15615619571879
1.69419403524132,-0.955326430806791,1.9838673667112,-0.258764750359408,0.885164095306652,-0.0536062345718065,-1.0959526528365,1.61255758329977,-0.364902460859638
-0.650213614125462,-1.15227663804331,-0.312669613126617,0.0934905539146193,0.749169156376801,0.854477691743001,0.037640629462451,-1.72113157624713,0.441507106095169
0.244828013406132,0.447483929199826,-0.542200805380474,-0.61486906293955,0.541941812317116,0.686839026144409,-0.731278817555866,-1.94151361181409,1.11156878538045
0.711988570291233,-1.01773414760768,0.687755335114684,-0.103773377007138,0.85886769576585,0.47682577800935,-1.81017228658997,-0.508340307411882,1.07643259992504
0.00986812866138351,0.48274510670512,-0.748215723221392,2.39952858569627,0.623093146962133,0.99076981019822,1.0992948531909,1.07132829465234,-1.73645259062169
0.831269208268618,0.584077961885425,-1.25806091932683,-0.45211375815085,-0.842960792977912,-0.757602623751686,0.808969107727828,2.12190190806267,0.773818308708063
-0.290353307961998,0.611097082302351,-1.21522334545708,0.430056120645285,-0.134945181176416,0.385459651170388,1.47679062758635,1.15088989116044,0.763906325983926
0.84759758157058,0.528212286425956,-0.0657413033120965,-0.250358101961167,0.648086561362877,0.592862133289693,-2.78470970630153,-2.06000638608065,2.87895984533439
-0.272280348125222,0.62348327238416,0.393457167967464,1.04769068688796,-1.41610602884374,1.17252662088162,3.55892718479796,-0.355172393034821,-0.830625197082506
-0.841838135910388,-0.611775617946024,0.693341302189938,0.660875298735282,-1.12525734665322,1.14041525139292,0.568627743287909,0.839399920437988,-0.640511894444988
0.758186048439018,0.500413166100499,-1.17821519980664,-0.236908095564876,2.06112033607768,-0.454800548183732,-0.0989880863974992,-0.884932788664468,1.10194708007809
0.844702624503611,-1.03501046281229,1.4705328978851,1.13778402617265,-1.65736925649338,1.91658793386639,0.417752862521895,0.030194520476973,0.126820583427902
0.00060792958057593,-0.762618214980864,0.838030945501374,0.0207945041929069,-1.36083406550054,0.928893264790216,1.42852010823045,-0.542207628009741,-1.58513921912408
-0.388450136274275,0.081963203496133,1.03192175734588,-0.230635408826805,1.158715462707,1.04420199885606,-2.0317411423277,-2.01014367007946,4.63418034854299
-0.267144552475219,0.939113913428799,-0.563439205944164,-1.67569486450753,1.17810869508024,-2.08667909928285,-0.607353418980764,1.06877021302888,-3.17971342551936
0.845643529851483,0.729279115237083,-0.409904430410446,0.38409747982616,1.0142190182338,1.02661498197736,1.73305756270524,-0.0688570211669679,-0.556396508963918
-0.213222306031383,-0.873166767206596,0.534064564930672,-0.834179181661263,0.00533295712594126,-0.134408657286413,-0.876041164835727,-0.0788930864134535,-0.111245466781573
0.366943140600545,-0.683941932020367,-0.111010635193954,0.68536203632161,0.528100504525084,-0.485236609729634,-1.61508330028532,-0.164897855868787,5.59824369891516
-0.313039289795406,0.615797826413235,-1.04580511766342,1.50203444056385,-1.1318252098617,-0.245894767542346,1.64087163128673,0.304631898586144,-1.74958774552518
-0.760124245750957,0.333953611766982,0.995620008927815,1.74147485747821,-0.865236482418063,0.689788881569248,3.76389317084359,0.915776416064415,-3.99217190616823
0.0410050453713502,-0.249203263626845,0.225357938286452,0.561969011071089,-0.487378539142336,1.44798604069677,0.141419486948555,-1.45079312698438,0.793794168221739
-0.721700473125768,0.702122732224961,-0.42006323061869,-0.590789610109928,-1.09521147063326,-0.826504975947475,0.154751492640226,2.24440422234504,-1.74194569864106
0.352405103053537,-1.07158778981682,0.712857887406858,0.0452232477376843,1.01122368388079,0.26561528076419,-0.0368428422164951,-0.353685379166747,0.0641090711046199
-1.13265095965357,-0.286449401968052,1.06629443236691,0.765780779041666,-2.47516053629322,1.84940292603547,4.9795833661893,-1.19928934693335,-3.51560151913556
0.0842923074930357,0.439558033356937,-0.199818425849144,-0.432258219916756,-1.20275812498768,-0.530536960481103,-0.175816743386802,-1.60617654998147,-1.24398791313154
0.430303866986363,-0.953640637130185,0.0393185408907978,-0.0500597632624551,-1.3758604542595,-0.158095673911195,-1.2909305671869,1.42987264214829,0.219347880466998
0.573100883138955,0.719414764882646,0.839408415571318,-0.641464467167524,0.581022667250437,0.888055658934755,-1.10335565077433,-1.81934841689886,2.8546870113678
-1.0787130189161,1.70529443088073,-1.73586443951842,0.230319830957329,-1.76110304273226,-1.33763222962396,1.98280073384666,2.71260629063051,-4.71137499658278
-0.820650250799476,-0.0301006344403446,1.13460414084622,-0.435084036364932,0.741689004089667,0.131085926856517,-0.288048074670395,0.405160499509753,-0.351762925340842
-0.831706338224158,0.352044092998344,-0.157232141392235,-1.90829708591614,1.24785259140525,-1.24687055459436,-2.89555257662198,-0.829200173415238,2.37180794114532
0.291595272468942,1.47484465443807,1.50896616522249,-0.156018355394752,0.00816418525030284,1.3762343768747,-0.132065542834127,-1.36845847278974,1.2039352720077
1.1727631148621,0.659232948118092,-0.546537314858932,0.134588238727301,0.432488027460131,-0.112261391543523,-3.59378461328817,0.262875920343451,2.56464806318038
-0.877245436654195,-0.179170520436834,1.34760865591948,1.51748623961534,-0.661900199245098,1.72524581844853,1.95965709982135,0.18745332861937,-1.17061745521722
-1.16758979780448,0.653022437091051,-2.74219581105453,1.42952258226622,0.768503215137679,-1.69395101752295,1.09554186776806,1.57051706065093,-3.21525604139424
-1.27186927159058,-0.199926795579596,0.548042285712246,1.06249585534288,-2.23238869471196,1.75685539639074,3.19404975215796,0.966109176835443,-1.86036664039703
-0.919629335229941,-1.40044985830476,-0.226039447678388,-0.323152679007425,-0.0366706805978161,-1.00817142151522,-0.992646821757111,1.34461338228905,-1.51902265539454
0.544503969724521,-0.142633128991053,-0.0281361518002577,0.536683754756797,-1.30123991457512,0.9448814429799,1.06884324452071,-0.405048019970291,0.943782786209906
-0.00993646064692853,-0.340693948508382,0.097014397629183,-1.28955466345051,-0.158646594082769,-0.61293457087623,-0.687347332357441,-0.4633526338213,-0.127239734163719
-0.46716766520307,1.30069193785443,-0.0448266132170456,0.936429234940104,1.22861575367099,0.745906013401407,1.45436020116221,-1.25099987995026,0.266180711814472
0.161151619787418,-0.00491871329588568,0.369038976511737,-2.12860554804748,0.913711762532504,-0.0895511874387702,-2.31522924510836,-0.660038204716376,2.36587129817875
-0.828652582689865,1.61465521316869,-1.39160728863603,-0.0794824893389948,-0.678005888114377,-1.27347190689479,0.741013051785447,2.16977050673148,-3.26770111854324
-0.477756271750927,1.01811858500545,-1.36531388584744,-1.78507406932287,-0.981605427708596,-1.88780977777709,-0.651971020188985,1.22132225498314,-1.97025995013778
-0.328024993405532,-2.1987458620594,1.04729891401924,0.932038852441914,-1.07940832521455,1.16742461030868,2.45042332145307,0.426023556504011,-0.725432859285587
0.480317500530662,-0.265690289250408,0.547944265103496,0.946294400364208,-0.954486768606054,1.8662091227354,1.37574040736273,-0.182920544961205,0.835410832228171
1.01971378603499,-0.515586391646224,0.638417908831409,-1.25198060410836,0.473206195335322,-0.0553047996924696,0.10017384685272,0.329329063965859,1.10973710067994
-0.949554548739907,-0.106716926964357,0.790011195089149,0.498104374692524,-1.3646361994387,2.25167005421292,2.02637640571079,-2.395573915611,1.50463243774602
0.235808569244449,0.211909998053544,0.362552651001017,0.047893779202528,2.46932246002179,0.598777616340339,-1.08658754880686,-2.12331139595125,2.30838363138946
0.262067806391038,-0.801725449980988,0.601074124989565,1.72454708847508,0.380374798994556,0.853561605544186,1.24158484061297,0.0654980697694059,0.7230734267947
0.679268202220082,-1.94843792743441,1.68266409669004,-1.52625445916655,-1.23397936545795,0.187482233563358,0.7671241137283,0.531913273477591,-0.801339854925129
-1.37570596787387,0.325187181644483,-0.0885802311548743,-0.668905968980783,0.262530540894044,-0.318807216200358,-1.66584616909593,-1.74891485228212,3.41136555942376
-1.27530825753968,0.32498830830338,-0.422308642899778,1.03111735091842,-0.0838738249140779,0.458650113862176,0.653052311647382,1.22508348821449,-0.945331975005394
1.26365066028138,1.41830805255334,-1.5901003703145,2.2514824291809,-0.245867389240557,0.629023239884513,0.866228573998796,-0.860838487466363,0.176860861246679
0.0185517423569778,1.24835768184704,-0.593871993993561,0.565030448163133,0.837988209018833,0.01611980741891,4.00823776773886,-1.30338603602307,-3.29427616876341
-0.481710214999013,-0.0393277726490882,0.890925126650073,-1.44156483020624,0.173230787530549,-0.84278999042325,-1.83212175826462,1.05515338823495,0.418558412513761
-0.651031093319212,0.649549633614937,-1.32445281717145,0.765277967698748,1.46048067882807,-0.328985179352603,0.770953728318629,-1.20587674778096,-4.48305287236728
-1.04214800327844,0.483700025333898,0.54798887562413,0.863778256452396,-0.542514217140752,0.458823139447496,-0.00635406734043875,0.19221043971648,1.51520672518338
1.49475329194,-0.105388497021072,-0.497884181731732,-0.195665645579507,1.85848310326471,0.393654778315695,-3.30597888421972,-1.45223400914462,4.56815122941127
0.288047495022489,0.590082288605836,-0.846783592117038,-1.08323435582312,-2.22432189547556,-1.27361909485565,-0.387182736870659,2.9841313877011,-1.80668455245077
-0.991423656092091,0.555822806377003,-0.311524906099866,1.10064268704136,0.0398195866376748,1.4979668251676,0.74111108045928,-1.2178368355792,1.11380641169952
0.130168137021421,-0.239657805392677,-0.0375375360090022,0.728369548496317,0.33797949723341,0.413289801134544,-0.846493659418772,-1.24962530479556,2.10336982120701
1.30099819183905,-1.05428832340562,0.0270090355137986,0.413842987974816,1.22348479818839,-0.0251617903373988,-1.68212249964669,-0.87151363149284,2.82737436521647
0.178085011518866,1.53097288285965,-0.521827111249169,-0.00333234986658912,-1.89018048831336,-0.308498433351946,2.03370417732741,0.254704057613767,-2.49259699719373
0.442166431221889,-0.784446822218897,-0.630314554839979,1.1158334026519,-1.86911330303696,0.862779547095188,0.19332441153566,-0.544701795000608,3.7766876026415
-0.231773872755165,-0.503996881235221,1.23479448431673,-0.248196316325495,4.08706955462885,0.606842726308748,-2.39549414514553,-3.65284643649933,5.74899256296239
-0.986987231514224,1.3004085646375,0.488459209925027,-1.01626191136121,0.577887500088857,0.928350187703716,-1.23951506199068,-0.188955942853693,1.857360784046
-0.981564126295704,-0.174858482269649,0.961192450835129,-0.163103249607134,0.92999578120877,0.360555724098864,-0.888001493864394,-2.01069482591307,2.68028809111054
1.10812382690921,0.533050749043518,-0.302207422266458,1.77664844419436,-0.979033247250833,0.914464914830988,2.96761174332169,0.619725387385241,-0.986284979385638
0.283762493390485,0.26662775992017,-0.10237507822984,0.870729311319002,3.65933996720663,-0.215034604510998,-2.83248142872046,-2.94869725499161,2.7898822693074
-0.00541614468016771,0.146847316209156,0.393628838476864,-2.49067729167931,0.141433482525436,-0.748635244054137,-1.97024978977049,1.46561395851288,-0.512714355468697
-0.392792962067257,0.66735181679342,0.528362700730224,1.01281911128061,0.436751361481153,1.54372355269074,0.465299474424674,-1.49373795625239,2.3633357537399
-0.847718878170347,-0.989500418976359,1.35724125139093,3.31498599615142,-0.277571049825398,2.88669775425593,4.33235956370705,-1.45034377048869,-0.88817544501503
-0.0528028195042701,-0.288520215182926,0.648266127426494,-1.08096282705388,1.06306214950388,-1.194349383896,-0.552611523883745,0.217065828373278,0.78967922369039
-1.02973043948527,0.388406759477968,0.742031155847021,-0.455679218027223,-0.593180748698071,-0.343214021275259,0.765829209874797,1.03804906155621,-3.18847599708201
0.744801314943962,-0.672783725478412,0.719571744641889,0.99091409295717,6.00043080301222,1.062643351465,-4.01681865792971,-3.84571548155992,5.33737002744312
0.651613716017962,1.55983735103555,-1.13728594726135,-0.506504306242763,1.67766239201439,-1.60096017353751,-0.638129521818933,0.738613144640018,-0.305776279275243
-0.501715286767846,-0.297422704546065,0.574647689642793,-0.890843660434965,-3.97310645647691,-3.80719214581673,1.39547192563641,2.68593186534809,-3.38004064080355
-0.280545560406385,-0.56274952922724,-0.0498885578325501,-0.00117141188712418,-0.604596303929692,-0.0332594273562086,0.477546309196082,-0.0290266542267394,0.767723015930914
0.73670360115007,-0.96146666428777,0.693822182615618,0.698066934238476,-0.163352504999035,0.526574040028045,1.08074238694183,-1.2763280563128,0.502621883733683
0.020956861164592,-0.166566085962123,-0.520116080782984,-0.797845052499807,-2.81230874234862,-0.304679553647734,-3.34855267962449,2.39066133185251,2.25817275161213
0.0640711951513849,0.877730660650383,-1.06933471522368,0.603322928161946,-1.15710165080545,-0.528564074097428,-0.473267159638779,1.18327197953816,-0.235701593204094
-0.483528144068885,0.200755356616247,-1.08552580008684,-0.211945245094289,-0.760779243365355,-0.969490550172723,-1.00036425878583,0.951962916040096,-0.807703518712125
-0.511809230626988,2.12196895485179,-1.67796340487535,0.0544951932672015,0.520564648232073,-1.34184170708787,-0.260283964948495,1.96819110618177,-4.01116727964799
-0.584132046513594,-0.732534371814146,0.849861888613026,1.03895687762656,0.0429619370917486,2.13559856846884,1.03956629613358,-0.872668494720636,3.5774676999167
0.0113856106918458,2.6014541946949,-1.71249297570451,0.0552322152946318,-0.804220525170285,0.626276979573829,0.892540028846782,-1.41336888026116,0.388470414421429
3.3601357929565,-6.21470417408076,3.71935513273719,-0.973248135004374,-0.216654685379326,1.65902960217382,-1.33312041943293,-1.12935885625658,2.84806924421801
-0.313443501186214,0.0175388204583333,-0.202492945214308,-2.13600575515077,6.93068281551442,-1.30082468503475,-7.22244466425571,-4.55820116382395,10.6171395090762
0.0719807730038953,-1.10907652459245,0.119530465166269,0.643222425423326,1.30932595777579,0.751476901430359,-1.9246219542169,-0.342887621788018,3.18138323689917
-0.523737805888963,-1.34488588335979,1.24968533330058,0.238443764175961,0.796458050791998,0.813913373276059,0.338763004986787,-0.134070594405021,0.986334437851323
-0.144774941225013,0.644146321972325,1.10454233504312,-1.06737064516319,0.911987406720035,1.26227470950919,-2.52209968457291,-1.81156177945793,3.31158389244832
0.490305575123271,-0.00539811896070547,-0.632901349271591,-0.410927465529216,-0.827432297447611,-1.14017015212488,0.381270119372295,1.20856686524081,-2.24567082336694
0.0844732802236813,0.850005020242393,-1.16618590111148,1.25503102742662,0.0372443268683279,-0.2760208753908,-0.049544435602473,-4.01583665467339,2.09481598119235
-0.284703215591433,-0.298158913371754,0.961061460523664,-1.0273881756157,0.443962530124739,0.190377478628341,-2.8456832039231,0.475517454641457,5.0816873421988
0.408290839623078,-1.80174942813821,1.94071712120552,-2.14691927456143,-0.371600017612069,0.105981369185917,-1.17568348109178,2.51618067024351,0.247221692722596
-0.896028953683295,-1.61594291611447,1.63497228882588,-0.399557038422111,-0.728903723595509,0.334066927422946,-1.84775185135084,-1.10400396853304,2.76350972332616
1.485579487376,2.01255752941572,-2.88937306045015,1.54036974702011,0.679165526490941,-1.06788848527104,-0.0262719478211058,-0.308311369788573,-0.095530636916754
0.178795371273906,0.300417913502354,1.11286292215926,-0.21204031412714,-0.36115042980549,0.582855189871522,-2.82204350075661,-1.34882112335619,3.1914117568854
0.727446860304217,0.481028365089429,-0.290218865022271,2.56973135749619,-0.418278348511274,1.43530406841603,1.12916696049403,-2.58071954268385,1.55981839323139
-0.794794764788417,0.145482884487263,-0.505660436029682,0.868255184648256,-0.176349491917031,0.918057229773784,1.66823755279308,1.48913137887465,-4.06043012318165
-0.254690819473987,-1.65422254966318,1.98814819247232,0.672990240391263,1.06457187850248,1.23227525137507,-1.6513650905832,-1.33819055065336,2.78292252376278
1.09606163598956,-2.43295697269703,1.14760214974263,-0.673070476664254,0.515185616187838,1.46136479223995,-1.73157722948592,-1.92124677719341,3.44401113663057
0.371332746211924,-0.230333951115915,0.714767611914758,-0.06580309660909,-0.599944333206522,0.716878346944071,0.520006569629546,-2.47489612308636,0.611916113095677
0.566481194478327,-1.21043136029517,0.924780575871882,-0.69258215198116,-0.450891775686668,-0.659224744622514,1.06401244568481,0.243217710804127,-2.523265305212
0.392213561641383,-0.624915160116263,0.331058539808559,0.277517978924075,1.09712450378782,0.959869100870334,-0.901152877357505,-0.833341738880899,1.23572051536217
0.164373243666713,0.000399401578881902,-0.0904083657257878,-3.3285184912806,-0.0576074104118606,-2.88834501359521,-1.30629231474851,1.2468470248394,-1.39688036335402
0.739747168483119,1.30915098407566,1.00569607720634,-0.254546634807745,2.13643520147975,-0.17450897206673,-0.58265974671667,-0.851526551165989,0.751229983785699
0.00520920920839234,1.01612178552563,0.0994350765212919,0.681968472939835,-0.0393772757388998,-0.562040585023214,1.03432518504635,1.42567855663475,-1.87251908277631
-0.227066813263741,2.23113161352015,-0.74897768542049,-0.0691892679176863,-0.181233799791047,-0.757911669471515,-0.466741557424643,0.271088676438534,-0.507940274235967
0.383221507083234,-0.836382704515328,-0.0733754487165029,-0.178617109454147,-5.42721036278139,-1.15398246406842,4.21621190411646,5.61191288778193,-7.43312723898042
0.0156744287662498,1.12969755255957,-1.12246570299429,-1.42549811542679,-0.83087339004759,-1.52880096476853,0.380227994037595,2.64778156782375,1.35855979022069
0.288218262409796,1.92804947969927,-0.441677326990914,-0.359963288900259,-2.46419857858841,-1.45763593211408,1.15007814460695,1.42397335861905,-2.07578132479168
0.292364586332147,-0.544154324182041,-0.973621725995591,-0.206817900392805,4.41408425005325,-0.431185457786218,-3.7193003284556,-1.46513912740525,3.84102558592214
0.116278529526313,-0.0705070297906075,0.688478843850178,-0.40848659896528,0.380678875065214,-0.320349835444113,1.30198844725238,0.16009434712721,-2.37697986959088
-1.03732349868014,0.435739234794864,-0.674146878516499,0.930300096406417,0.448293840005512,-1.26545995716993,-0.91642429791677,0.662936556038396,-0.573306299123674
-0.452813758097561,0.974417844007267,-1.25958187681673,0.677349225432595,-0.0224739497887057,-0.417118530738488,-0.216116347988916,0.748621044938555,-1.31078626968796
0.232367210606132,0.336719961859779,-0.898434946202601,-0.38311643238636,-10.7254831230809,-1.1412536274556,12.9868854500064,6.9090336382785,-14.1404294007947
-0.79110664824749,-0.134782667478555,-0.869884559577322,0.962295126916756,-0.197205585411414,0.309048019457778,1.50934638881236,-0.108090698069059,-1.10310551912913
-0.482284013181267,0.537383359207017,0.21131637868595,0.247774185507462,0.042368719473026,-0.963477511577904,0.133161446574771,0.734722830054186,-1.61328473615659
-0.754334913634331,0.944528696381487,-0.569422035451915,0.861051429920962,-1.32758897640172,0.734043078599759,1.61872272936681,0.108406537247185,-0.440996446458232
-0.801828838128536,-1.28961213317705,1.73060881077359,1.36850422014589,0.448670447291783,2.11664403834652,0.923012045050113,-0.403654672310814,0.335078319279247
-0.827348479780593,-0.828896021212919,-0.422331741641369,-1.0984953572233,2.67130789707948,-2.06617057328133,-4.68363939499085,0.809796169059415,2.57470907348849
0.105188709801849,0.697501781618904,-0.472718929092336,0.0546654127257023,-0.112120344923014,0.0322600253298324,1.1339638940962,0.114147948655401,-2.53550181763062
-0.31466763091657,1.12675225323239,0.881440772850414,0.693467536594457,1.35891022998715,0.130230755560817,-0.38402716841767,-0.191037032513674,0.569389267953445
1.53599469770041,-0.0679910432615989,0.145966507179109,-0.32374673370504,-0.672514925755391,0.50629343843721,2.22297185707035,0.621708147049955,-2.12270914640316
0.419125906308487,-0.0861085818843902,-0.269055381976834,0.549149570301348,0.169107560732462,1.15060599815535,-0.269175126764262,-1.06884349474904,-0.72296458834815
0.372709435617472,-0.591126272113351,1.3058102500028,-0.597952105928171,5.04140664459097,1.06362692449465,-3.70639134643378,-3.04513093640984,5.43014639273863
0.0770511676673716,0.884814256611417,-0.66274635575709,-0.360064591614218,0.721725060775329,-0.39682843912681,-1.46259033245894,0.0843868468527394,-0.190889492036705
1.02703030145736,-1.31902196227748,0.957998785746097,1.657432860884,2.26691776633941,2.29170532295422,-1.2061434292121,-1.23993916943413,3.10524116221811
-0.826144587357614,-0.464691952850907,0.850292251142075,0.828455322820286,-0.681405778901735,2.28107610357467,0.821052946254211,-1.89152157672569,2.093730305367
0.915426502996348,-0.926362198760951,-0.052192624243875,-0.135958528424813,1.29931665829938,1.48335570182193,-2.1194047513671,-1.12090600182475,3.94879872872565
-1.06810489666138,1.12255989740525,-0.650917466836887,0.905176285865353,1.65872055405211,-0.220397279607843,-3.15792834764965,-0.39629801124745,2.19208160553052
0.811441668023266,2.28311458408004,-1.8136251866695,0.375034107846554,1.99259184927639,-1.70282586353077,-2.61406018259035,-0.86107804555767,3.09783260326223
0.163841901127665,2.40720632425391,-3.17876915562322,-0.427389113356505,0.000385729559737851,-2.05997269293186,-1.03378298166827,1.32094768497206,-0.226725178580129
0.356879849537484,2.13395480618301,-0.921031529248327,-2.11230418397311,1.41915350503726,-1.85654938451464,-3.30193259279529,-0.0702919350104252,1.34877735468128
-0.261439617218778,0.575795374011957,-1.43366392929921,-0.319124923797578,-0.266886122034513,-1.64758361992059,-0.252561588783215,2.27780446449046,-1.58452486185223
-0.463207708169328,-0.223913550149521,0.804897541027394,-0.150069689789522,-1.25328808750912,0.310575128013156,2.74170244118726,1.1321226073565,-0.758872191990877
-0.128339829854888,1.50133033542306,-2.9851056128535,0.174464490912329,0.78454717863705,-1.50292111307856,-1.1381599970557,9.37599245882153,-5.05956938767999
0.042800048812433,1.09858254646526,0.827658453066908,-0.185519627786523,0.241097829072234,-0.507463213928949,-2.82051423003138,3.08889254906443,-1.10850498410852
0.634152217282941,1.03849920410651,0.142620251159788,0.230417302237123,-0.435032120296865,-1.00871595791752,-0.113971661597344,1.09678435862113,-1.4697484139491
-0.811485769920275,-1.4704682985417,1.1852986542118,-0.146614276108249,1.52893276264689,1.06324597764521,-0.635011797983632,-2.69710361672477,2.36763422467472
1.30263185175117,0.816874740570802,-0.527865761006226,0.14794482536832,-0.26932038336624,-0.862350118155424,0.0917909649673886,-0.129495574441308,-0.681194945337063
-0.0392219732192911,0.196374069042128,-0.679809493647114,1.17595465252689,0.670222152905928,0.741567729949434,-0.657591596120067,1.30915129071953,0.187699248212191
0.175766962849652,1.02708364000224,-1.67057875037439,-0.00254917281058142,-2.01929731224032,0.0912513869635174,0.946175687608612,0.00495543578176627,-1.20461218689109
0.00466760133646555,-0.0134053007085341,0.189200572395104,1.27225478851832,-1.98768578298113,1.70089549575612,3.79620477906507,-0.668921689269385,-0.522103878965099
0.637567761362854,-1.31657224674929,0.748632006321243,-1.31184982911879,-0.871804567594489,-0.324086985123642,-0.509281742503522,0.564348548888485,4.70125518522388
-0.320332366127464,-1.01303186196985,1.04976871898029,0.433816632127464,-0.60492975262578,-0.739415083206966,2.61141928352392,-1.14934088799939,-2.25585314730126
-0.000354755888258006,-1.34519430000903,0.650334580405406,-2.05632567659933,-0.216300255321674,-1.43628114312433,-1.92288330751974,1.88032532969486,-1.98156204265694
-0.0660543643224797,1.6997730205517,-0.629537934224387,0.138851326159295,1.05792098238581,-0.497919911121483,0.0760840600963484,0.761266290455272,-0.372834566755837
1.36544712808502,1.44325540556822,0.168579620357848,3.67427464333761,-1.60583021606203,2.99359492665313,6.73911462138886,-1.02990025708357,-3.07392731585951
-0.0835913777682756,1.66047006398442,-1.62920444519493,0.935715086001266,0.916606841400686,-0.0719364616714843,-1.3388148564106,-2.36267919700466,2.43363511063402
-0.0468771383146998,-0.227972328048375,0.772525683776891,-0.720645784725107,0.982417172690491,0.12920770575261,-2.96064975248395,0.749304714013894,1.16697259821818
-0.398868419885212,0.822678739890346,-0.193230555596112,0.852404325849767,0.484375692340313,0.378353540265857,1.72604683400202,-1.52311165991155,0.735992015945177
0.346293782852339,-0.984468007949769,0.371797995092916,-0.662926584247755,1.08751379367145,-1.22821000070511,-0.754864512127195,-0.231247387612264,4.97167483529638
-1.67123891913743,-0.416093730367204,-0.764127318120425,-1.03899264134169,1.30159942514729,-1.99648553258169,-2.89999866702925,1.89763875643172,1.26533321264527
0.0189433516454474,0.169971170965482,0.0245496810268839,0.339626024201416,-0.870876419004976,0.209580745339506,2.27697456289069,0.700124331951695,-2.4648304175659
-0.318861648193814,-0.653572265395002,-0.266141603691034,0.0153756213280443,0.739248049215689,-1.30295848026873,-0.776318925433916,-0.513194356448021,-0.211948601635179
1.26420923115763,1.79375870653509,-0.257750812284649,-0.0974637798065629,-0.67587252255427,-1.14540695184502,0.590567643681772,2.61056143638651,-3.70904386451389
-1.73772318646668,-0.031383055835144,0.372046916624966,-0.0133869516525139,-0.780240246231896,-1.24217375079493,8.67996447754739,1.17603688149786,-8.03883848893894
-0.384711782244638,1.05273057408369,-1.70000163727695,-0.887846909881818,-4.89013603368385,-1.16749881235481,3.71151760255643,3.14901029771523,-8.35621883174032
0.11235285960057,-0.846918942967414,0.219741219471886,-0.31323484886632,-0.627237896922508,-1.05055252938023,2.16110687525804,1.51353152743916,-3.33973870819415
0.135020962685988,0.655683393488277,-1.93125752082066,-2.39429431326036,0.449417865180315,-3.19374237763136,-4.10653105251826,2.83646443585182,-0.799244896124556
-0.362759239027137,0.688691751216299,-0.849708868354893,0.724301447657608,1.22757862961542,1.00434751390984,1.05766650151596,-2.1388645879098,-0.57808146279758
0.0865778976852178,0.536758541831701,0.425773588789542,0.0365434046827516,0.279409557558949,0.194514995145337,-0.671077118924149,1.43824198147713,-0.485516356771576
-0.0102706392686082,-1.31386933031593,1.72276850434284,-0.861523720548019,0.0155087468902547,-0.21683967991305,-1.24176982650519,0.67776695723346,0.857272751559156
0.10711597657967,-0.0043009522319623,-0.00930651152877865,-1.16429937172529,-0.436788498981263,-0.437910616224,-0.971023742889437,-0.140988513958066,-0.605185296985591
0.575859747857602,0.405711853701179,0.295963651972881,-0.523613105445278,-0.414350336642227,-0.26002666382065,-0.320443119378607,0.466115808722653,-2.15706041168972
0.446823522898631,-0.481529103699187,0.227467330098646,0.424882588913193,1.5779186950089,1.31116555213505,-0.786651751863687,-1.57742854928497,3.44916174441649
-1.33470327620071,-0.94970531526524,0.589361034210307,0.22989146352892,1.06777077799054,2.22566099801671,0.0173256422443177,-1.7187552477706,3.81991660091183
-0.0774492028882359,2.28740345020403,-1.26996615316924,-0.205374067709481,0.52833579529219,-0.912210471457612,-0.58959901800613,0.846393616934633,-0.257870555663536
0.492924562867536,-1.76970100816422,0.810354738384672,0.493127034457561,0.265870547015243,0.342519212333703,0.298663653776176,0.091313163915195,-2.20241297838788
0.181921689073945,0.781739411951709,-0.130666820066372,1.25332702547869,0.743243670492966,1.08757547278647,1.05989421417605,-0.764823177150426,0.3761290415502
1.91995882517421,0.302228029033409,0.2620974075476,0.338971140368705,1.11332931179553,2.04442210445936,-0.275531004269299,-2.57754075691985,3.03603545771814
0.619409764459302,0.544487181635491,-0.736486052367104,0.842166086084807,4.61452902687972,-0.0330117318038611,-2.15484659348194,-2.00219976485593,0.671810853842887
-0.051473157948858,0.561024681399795,-0.840664395770632,-0.818280075979433,1.43663163039694,-1.01269250755699,-1.61572386039029,-1.10429754531338,1.29927081893311
-0.0988760213618603,1.11685790067632,-0.596878498298962,-0.929058454361835,-0.555427869722199,-0.477336211251495,-0.176094904778849,0.0575567008464406,1.47806483784272
0.405634823601743,-0.0196900938751986,-0.237983353483143,-0.28393676018387,1.33577732492928,-0.798062265974836,-0.965747930927535,0.647499510829382,0.39484822973927
-0.36280926994702,0.463580810307476,0.473923914601459,1.11352263938766,-0.0155014919283029,2.22481498206889,1.38187614303698,-1.6420206510704,4.48769051316491
-0.72976804345865,0.62489226617235,-1.0067846144763,0.82273288639303,-0.419289556961671,-0.636011631766595,1.26607586103999,1.85663571210838,-2.88481072510897
0.0205935187511978,0.433338930789967,-0.620756922393015,0.122707304892434,0.936635747891729,-0.901038408593708,-1.25006287687143,0.194992455401427,0.99012637382582
1.24935631143876,-1.70053789933538,1.84806051805267,-0.982149438085485,1.15995442683919,-0.305457969016697,-1.20766243878015,-1.43798186081077,2.61873784167894
-0.0355187451505201,-0.418969372846497,1.32332240389727,-0.840697437508846,-0.536903188639899,-0.056734844241071,-0.91337084683132,1.14775047955024,-0.228476665450492
-0.282212337731617,-0.000591207997837456,0.720827252926751,0.334671367271654,0.881323698535294,-0.408182395941053,-1.86734091980468,-1.45896665163992,3.33481215942718
-0.841826075333916,0.496965829900682,-0.232431107284458,0.177068350060617,-0.0703814140507152,0.199349689521198,-0.570867632076084,0.125265209524399,-0.356626092986469
-0.482894576917827,1.08703859392711,-0.122615215977907,0.316709339169974,2.85517469964192,0.626560088529177,-3.55613180658634,-2.17048427077651,4.71287798691662
-0.271821510083571,-1.59213371852618,1.069147084054,-0.155820849893977,0.407715510746229,0.0207887678946842,-0.250346986364003,-1.41718260588094,1.71578617704917
0.22679945898803,0.372457199039375,-0.976046831328446,0.0532416884903099,0.388702159005543,-0.849514106644873,1.00454447918013,0.950645625969486,0.513240512684369
-0.325595757363927,-1.57730704264059,1.31787134157542,-0.276762624117309,0.248146795336164,1.59954500483363,-0.845351822819593,-1.41856428272922,3.45505235829202
0.513423429513562,-0.941513007671605,-0.246985381622055,0.676153905410955,-2.11801652799799,0.97890489322906,2.84801935233637,-0.980947993227565,-0.0832732785277279
0.519615893032243,-1.15082634445995,1.94162062358924,-0.841926891523323,0.169229459211663,0.640477551247966,-1.85197115837167,-0.855300943008068,-0.0373304556795935
-0.995276466456189,-1.31818185403819,0.721215589089865,-0.534936290123854,0.846847791370376,-0.795304563227912,-0.845868137426155,1.43418007123429,-0.0468552326188526
0.0345887951946582,-1.08180090477689,0.0764188073453346,-0.774318060441774,-0.181916378483695,0.734747766449832,0.27487530135795,-1.13496947755517,0.620489684838969
-0.67703805691157,-0.0430907928206561,0.7602449487521,0.761466410184354,-0.24658811058362,0.679468894278132,1.50237103205767,-0.570051938877898,-0.689787536037798
-0.190301606397824,0.605631023615077,0.774693510976993,0.922527174477732,1.25083475249117,1.43653193254917,0.933477409383355,-3.38036687070186,2.26203217493818
-0.372109913825281,0.362214978891992,-0.0495149114679503,1.34925606497373,1.00927499960937,1.13580221518178,1.27493886362261,-0.24205569956654,-1.93227201340082
-0.478654197641677,-0.185538231162554,0.173701580921849,0.860096766668713,0.252320565030856,1.39669229562241,0.951428816987391,-1.991787900169,1.16098786143261
-0.356955095341441,-0.00602689682724301,-0.0590652982947055,1.60213219395022,2.0703807275354,0.163934342178143,-1.11880147620934,-1.45338269552443,0.655258400561268
1.15152547824497,-1.22337188510834,0.830262009767775,0.798209214339317,0.895176934532023,0.496033747940887,0.0572557216300276,-1.28510359603035,0.553589659081644
-1.25073275450732,2.0590365863373,-2.11496512388161,0.227330267525125,-0.380533520475255,-1.07610338986987,0.141714180664138,8.51915719378748,-5.15548561037398
-0.010145342436804,-2.24951471057048,0.96525665665842,0.923853750768356,2.54087196482801,1.66969548228771,-0.0398408295260979,-6.23817968721618,3.92553631238171
0.851639385467264,-0.577851039599237,0.143395934034663,0.157820465552968,6.29747279850219,-0.289187890293305,-3.96226889002526,-3.34843478138945,5.42282189192296
-0.377344363068941,1.90735168810186,-1.00460407516409,0.206239597955625,2.44601225123114,-0.294042893431151,-1.09674554921507,-1.87912102709274,1.50466973004615
-1.35491097502409,0.282171041044064,-0.592083956460632,0.378525442436558,-1.08941193754062,0.79972449843978,2.20360883668551,-1.69616420271888,1.50633950852539
1.47090832609404,0.960486911916788,-1.87410345025439,-0.00706780433445158,1.01115797032283,-1.50768094537041,0.93747547248469,-0.552940096542876,-1.87528986102856
0.870585214685864,-1.11675741855216,0.0199208786200613,0.012903754145001,0.853737542242702,0.522195869449253,-0.789760311270374,-1.05539511697523,-0.141271509139135
0.594162504854384,0.639118649348115,0.217778628912979,-1.32206942334592,0.324248289458687,-0.345546722787708,0.350906251021141,0.38414610469865,-0.139442338991709
-1.3919113253338,-0.81950915769755,0.888600222879457,0.107847922414067,3.17851284630298,-0.877378988146841,-2.45511887127584,-2.55687430257365,3.8949515231001
0.513961007869217,1.88685289292922,-0.237172113225536,-1.30626997715676,1.3915369281918,-0.723326752143091,-0.613844950251496,-0.105425102676043,-0.0809418862021359
-0.78170094821597,-2.37471285549051,1.2772096516428,-1.29972893244213,-0.616879983147112,0.20893330916779,-0.546556736683422,1.9520950000718,0.189621488889436
-0.364849066946603,0.401008936312305,-0.709593944009353,-1.30395928550902,-0.373474365748179,-0.675482573842721,0.188946940040325,1.11723666998085,0.0719111846596538
1.73178944423484,0.0123989721531687,0.428530258193831,1.14374486691954,-1.7232902625528,0.968712669058457,2.5847846620375,0.257502824667491,-2.62228415753225
0.980985751572404,0.212220776959829,-0.568384547752684,0.126238641824375,-1.18872890285761,-1.03655105504333,2.98120141045235,-5.27859445165136,1.52369305613759
-0.00632575432545848,-0.617048675095421,-0.325425933702001,0.971290482087762,-0.49302196544049,-0.0460178641136064,1.90872920920897,-0.211439685304303,-1.67801627518802
-0.716994938852526,0.1720764922834,0.312314496944853,-0.76050832165815,1.61962938813054,-1.10969261234925,-0.823034154979103,-0.459812567338115,-0.785996224789925
0.350698454170574,0.646741732642874,-0.707095847955274,-0.285767996914747,-0.298756397534263,-0.164359756176559,-1.05201397487267,0.544789561592909,0.386220589022331
0.0295490240582717,0.29738713224254,0.393318437978962,-1.33387001712521,0.145385121778035,-0.118919599419371,-1.20123609427675,0.298768081454994,-1.15405861269951
-0.876483509604947,0.152245577700095,0.269450350222311,-1.03756754482387,-0.332075536801635,-1.17130553179347,-0.214664340208084,0.937120432019232,-1.9395477557822
-0.274303063114881,-0.666976642237726,0.404665338961414,-0.497848230962497,3.95954213404937,-0.520840838411771,-3.31634849356062,-0.325511066172531,3.51211283677192
-0.787321594757735,1.19874303777955,-1.00015334408481,-0.322581379465984,-0.977213405372493,-0.14169460132201,-0.243290665484406,0.0587754864128271,-0.11329472766957
0.240888789139033,-1.03103573195302,-0.34377326969772,0.514919108132341,1.30016179641804,0.0417655187627341,-1.99304578301907,-0.331338496802154,2.44707364732527
1.70933848836004,0.857687879136045,-0.605493811837996,-3.86129707783137,-0.00486724766714052,-2.39970154441664,-1.33869971348319,1.27879240205498,-1.40274730301656
-0.159591606701797,0.871050307076076,-0.61194438164018,0.723165534877548,-0.69750865167324,-1.48341807685991,1.15001725812015,1.13842017353296,-2.59475479490188
-1.00409135480272,1.28168077824624,0.0136628004189027,1.25292981700615,-0.420329380171084,-0.0198091348642515,2.28483415436458,1.07401830527434,-1.95640884960315
-0.173693017294246,-0.102882884285929,-1.28936570942581,-0.855046504972331,8.49910266265916,-1.30048523373193,-6.99446725203105,-3.58563720839681,6.49273940813821
0.852004292087424,0.57276062962234,-0.796305423272044,0.140777134252132,0.294041663038487,-0.901955168428463,0.860162820549956,0.558638233224737,-2.12869918731807
-0.0553369283329905,-1.32149788318759,-0.394064554626096,0.220191481588868,0.953170438739934,0.597344384062602,-0.151761031722094,-1.32372604015893,1.70507725396078
0.754922033250452,-0.977581030943756,-0.377629089820885,1.5694123283511,-0.688174765443353,-0.121814536863481,1.71866048778625,1.72224193306838,-2.0789839929072
0.507411775098006,-0.308421236538486,-0.0502146789460757,-0.672407494436598,-0.948179382173653,1.03596371548132,0.428164633085696,-1.22370438980928,3.84233743445796
-0.542912861102522,0.0158971410116538,-0.111860593787024,-1.34602636420821,0.0563394926279473,0.328687340865659,0.0110456074816843,-0.767714266781071,1.46815268014008
-0.347944544582388,-0.291732979215576,-0.236003190543177,0.335831754173109,-0.933135428086644,-0.339192517206373,2.02160780701847,-0.653255819396198,-1.40377675752423
0.535847930333547,1.02773484141046,-0.384465602361815,-0.368505051543662,1.42010880945814,0.0673018456877024,-1.30195371764483,-2.41054847918528,0.816161428002717
-0.317329364096459,-4.76713072728699,2.54455922556983,-1.18856746657493,-2.41554774727651,-0.333365822641947,2.15612832879769,0.0704861347903862,-1.26165164782351
-0.0696624652853679,-0.437038925568388,-0.703806479360543,-1.15127588199764,0.185164027084714,-1.64206928741764,1.32790368307004,0.0174944912949835,-2.83065510018074
0.656714304643887,-1.17183345191933,0.683569514350202,1.43587851219251,-0.123720102170897,0.418054253486754,1.02072284980936,-0.276331740997008,0.264383365359688
1.72741690464197,0.623282501814378,0.305531516608728,0.963047955512693,2.2918398810906,-0.0434247204562759,1.28140027752525,-0.758960050527644,1.96692550045185
-0.799457288448358,0.844492613176475,-1.87762128774963,0.745261059299321,1.0106977392736,-2.00492426284928,-0.91612504584485,1.25624720410129,-2.05832918680804
0.616043063469735,0.102981887268639,0.575743404616809,-0.500288964576437,0.142655535189864,0.523595183541037,-0.758354092647635,-1.28375780375336,1.66711905787667
0.676074025393084,-0.968725851405227,1.65475172797813,-0.713022359724851,1.98844011245419,1.31249598403407,-2.20627886506209,-1.5019934119153,3.72160803259731
0.344383317735177,1.36532713545459,-1.0522553956609,-1.74893398291852,1.73755503762502,-2.32270747531261,-3.89541711334726,1.47822264232981,-0.215480636891284
-0.00854999224553313,-1.82531127688061,0.718941245893579,-1.32626711903862,1.08450696159156,-0.74308776412338,-1.16611869521735,1.19521193153489,-1.06525535248194
0.500287536736411,0.783125285535722,-0.172578196561084,-0.129228962339811,-0.0478355819265269,0.0475334679793121,1.16179347989232,-0.00945149192714695,-0.678817310729532
0.28356367551577,-0.225051388327665,-0.602353769703365,1.01336880554455,0.541434928830598,0.377634277553288,-2.27058272661963,0.541245571394289,1.42285741179817
0.991568667120964,-0.526949983876828,-0.468123734055404,0.182717535197373,-1.40277981794774,0.0557302164542174,3.63544676446528,1.65832027983325,-3.32539192253475
0.00253707122114167,0.268288061051314,-0.572881266496103,0.207104779071196,1.82652203094571,-0.224030143779182,-1.42197510826581,0.348501957271723,1.64659437581597
0.183130114137089,0.513001140197774,-0.256209383073229,-1.1451651634671,0.462273555373287,0.500986561741487,-0.523305397624735,-0.334689822017378,1.02635150417342
0.611388039559324,-1.79663486548044,0.304086507205156,0.873782058727448,1.08315126636654,0.928606829469035,0.113415963095269,-2.54107797255899,1.92645043656142
-0.367880756789105,-1.15756871855363,1.75262025195697,-1.55489669951536,-0.142296249512085,-0.520501970488131,-0.548743229009223,1.57397359073227,-0.759275773534179
0.411850068387079,0.257243119309887,-1.20297202664378,-0.623972282152823,-8.24479863184669,-0.928901824032696,6.7717606561568,9.14238945414499,-10.4055506454246
-1.96697118650216,1.24749454629053,-0.753099727227913,1.65692707925219,-1.32907487715168,-0.244581353904077,2.15848729076062,0.869226512278946,-2.38227141512378
0.888970982035384,-0.437676011693823,0.649058080586548,1.16777097677382,-1.02124357827255,0.681407699202606,0.960893867538382,-1.00435311250305,-0.0886669185906662
-0.585142317301466,-1.67073751628249,0.556145078661878,-0.606492458937592,1.0282198498016,-0.0304467718473427,-2.54999422779094,-0.405728156055949,2.23921108269775
-0.675849992792456,0.0931369330569472,-0.956894577772187,-0.0242049708976488,-0.100530699027359,-0.38295888842073,-0.81233206852607,-1.44335150827607,1.69480802005596
-0.674361074229253,-1.11375027380137,1.22021826146428,-0.119322206433119,-0.918273435693135,0.546352988864695,0.845905897862952,3.19421035872821,-1.83433828896515
-0.0528495689803892,1.80738381693278,-1.12273487176948,1.14098046794025,-4.34331396245293,-0.209515723707271,3.09065191032448,1.58693863970145,-3.54568052470879
-0.170440365806544,0.370565428097011,-0.735249531088892,-0.074668247157634,1.65668817525205,-0.457672400511531,-0.905197166269786,-0.657886680519244,-0.118030413567277
0.128128144899961,0.48115058439721,0.579267816951547,0.000210155574388335,0.0327492291877329,1.31536808127139,-0.18407588794941,-1.22780117625716,1.24449225333278
0.401098238265165,0.917618431524474,-1.83194094246497,0.45561848770303,0.0286858823399309,0.339815992112555,-0.0984498851906161,-0.382592624419805,3.12244589936925
3.34341775053925e-05,0.0245855922774176,-0.282213098098048,-0.865780480127785,-1.18762732056991,-1.61321592615699,-0.703932375272458,3.04963813053164,-2.19237033509521
-0.211376698537261,1.27902602801693,-1.09184909023334,-1.06137999706582,0.361616353500635,-1.22827773521822,-1.47353151613964,0.0740227884012368,1.53293572546982
0.290127459731162,0.742841394286258,-0.510241785732197,0.812596457698695,-1.31821672911467,0.114407095787915,1.34280146586898,1.30433371153872,-0.707811511236289
0.558606080112394,0.561287568859689,-0.80304268179307,2.41513809164795,-0.244152076821083,0.412925771395154,2.33285238149986,-0.218570986146761,-0.449051951403608
-0.525310352656052,0.79035417543891,-0.0555357947070348,0.42990769180811,-1.43902141586054,1.26178324384444,-1.60218027896338,-0.000188275643858399,4.4486378972018
0.102764306769163,0.621092225130801,-1.93740478293913,-1.36526512192556,1.20634539703725,-4.46147624566205,-2.22001406040048,2.70644377144552,-3.00624696675818
-0.757475781120831,-0.00349217261063215,-0.347033978796237,-1.30918035870332,-1.50174282819778,-1.76804504912652,-0.929438962446891,7.34493372018658,-3.69677903072185
0.0894546149601309,-0.982048044134701,0.502727670620547,1.03120807371355,2.43995524846099,-0.0143243947758289,-0.601940083082225,-0.528766143120633,1.27618464210191
0.112904312545875,1.02289863316955,-0.444213080550104,-0.211190672199628,0.538694746845503,-0.538166253497613,-0.587465967073945,3.49250564326142,-2.77882300814735
-0.71447877313632,-0.390050229507955,-0.443935211585575,1.13971098891926,0.841191878675604,1.72242797990652,0.538005941553963,-3.17471922219148,2.9603465024624
0.158396017578381,0.030778014567149,-0.531742856268527,-0.452392483342215,-1.75868129025228,-0.556212598554651,1.98520429680959,1.74823729803906,-1.98426229340184
-0.581487199065782,1.04012567440506,-1.64004850935841,0.787432596586026,2.76125427573476,-1.11616147554426,-2.14592109568389,-1.37863704888729,2.0707684556715
1.26832218857076,-0.831631992879266,-0.0187030516670329,0.123405710991565,0.925348173451783,0.13386175913583,-0.736397658016428,-0.663106666653553,1.15355923750496
0.00953931914625277,-0.990806985955365,2.63225674518015,4.48620098698991,1.79544169365608,4.60129640625599,2.34010099044103,-5.55640272599816,4.69273534572529
0.745113097284666,1.51094581987011,-1.60375618863657,-0.861457721080998,1.05325575671208,-1.7666889319492,-1.16293963633206,1.55765903941275,-2.34678249456499
0.138428395513257,-0.674580495908637,0.34544391246612,0.175159777139137,0.580295272622249,1.02273209202104,1.13077748650486,-1.36949947089329,0.203603128889939
0.679758634181819,-0.0649820093493932,0.341675494571383,-1.15277514103869,0.978172348124269,-1.21360960785687,-1.85892416953233,1.09505082623847,0.521184281729161
1.65164071983895,0.769525593504328,-0.423942518763264,-0.637986498669254,-1.91985952454779,-0.894955863989531,2.02887268134182,1.55645279912789,-3.46962829385237
0.15790831827499,0.737240827428346,0.230503372564132,-1.44865780495527,0.597569948648736,-1.28835422636206,-1.3433637150134,-0.00667046509234259,1.04100324514878
-0.61837091047673,1.13952419103444,-2.10523087056319,0.126784223119422,-1.24396020372251,-0.394652293945884,0.0283326171118441,1.07307146476267,-1.52892708876802
-0.553799563966474,3.36675788585647,-1.05330575021411,-0.865480267978675,-0.509953019526658,0.335783882218283,-1.61218362474473,0.0330012507920071,0.417221284966673
0.0216397225368479,1.2367854810288,-0.655496039116248,0.45412425884996,-1.38904529452854,-0.744364819737064,1.52246006514772,2.27839967273401,-2.62063166782063
-0.15567276503244,0.638322864230927,-1.20464493936103,1.20790087458769,2.32634802004841,-0.75371915157569,-1.96545678687055,-0.806736830085408,1.03189008519486
0.239856180348647,-0.549575562859071,1.33437686464763,0.367443247776027,0.00643582958009524,3.17002953941463,-0.378845379547273,-1.08655358018307,4.52613987571299
0.488326843832068,1.52714086735079,-1.49209828423251,-0.014276602954346,-0.00991696981627191,0.599331755183077,-1.41831782907899,-1.33342507684716,-2.02829691229985
-0.407089327907633,0.424903369661061,-0.8275783074743,1.87103921730242,-0.711195171722725,1.08431733509738,3.65125957877392,-1.01822779438689,-0.699565636968985
0.169387725755344,-0.0941866960484589,0.73537697826594,-1.32082708461914,0.102885697766062,-0.368275008438525,-0.83013301584716,-0.704183087536472,1.75700192353573
0.0841385346791201,-0.576490061308841,1.34134512155019,-0.836499689268622,-0.0893725324749973,0.236599939691175,-2.53897557316567,1.71845452291089,-3.40153211884086
1.31183914785107,1.28445807327891,-1.56335265091888,0.0132088169137024,-0.364196403405001,-1.1522797439966,0.793096875650099,1.22474207047559,-1.80421204957396
0.102713791404128,1.05036260917281,-1.28701204210855,0.961286283776261,-2.05805938324064,-0.729463005048973,2.31338158094954,2.38466989412152,-3.46411634489951
0.710248107948833,0.00176900196183641,0.0885868737803944,2.31691425901206,-0.254564945673316,1.17439720593726,0.806214028594591,-0.568513018267353,0.405499510139005
2.23899702950078,0.367457627391913,-0.195690329823369,0.0812497242058567,-1.61956230085036,-0.482635007157806,2.4138833716501,1.30553518369618,-2.41066221760276
0.366795196701388,-0.0106863357426374,0.0463195525605336,1.68494166534366,0.49331329806667,0.0361348334387488,1.07458527366968,-1.6502870001826,-0.975280102017569
-1.73793728780699,-0.281006280807404,0.157331929996544,2.04511624424154,0.454811094743093,3.65617062061003,1.35927434064544,-3.58401112574747,4.37795929224708
0.469605095494541,0.250096458239158,-0.47273878521586,-5.77821955288237,-0.240580968326782,-3.38215351464694,-2.46180811328227,3.77480739111772,-2.32290931421242
0.42138250948373,-0.26864573728255,0.484437153556595,-0.974393029515912,-0.929778530117691,-0.744910533578926,-0.943665774874636,1.65359973910799,-1.98074438897083
-0.581741127337248,-0.339170198772315,0.397714583951827,-0.213104894430553,1.39836748193952,-0.0824417790158571,-0.664704841809711,-0.996374948779963,1.63528156418524
-0.500415530969419,-2.41350199399578,1.44479434837752,0.905888208303125,-1.64903819156236,1.44208387085469,2.23812904290078,0.345349227817522,-0.983673543253405
-0.598264038548434,-0.632789960891138,0.413973802707547,-0.602142727420121,0.753978480649683,0.554631177705511,-1.59724836488852,-0.895495624119045,1.58357558575905
0.730343192861372,1.55399444285629,-1.16964836848762,0.699483579945371,-0.639899625764493,0.685585627089701,2.07577806434666,-0.0602978761049955,-2.29958297828709
-0.589988218349048,-0.706426444010846,0.918479939331136,-0.293162145642629,0.00183982456969261,1.02801059062318,-1.17945353252198,-0.807986013313682,1.6065129359649
1.30731710953276,1.21740836029134,-2.02702205371252,-1.13641181965383,-0.098088991353508,-2.60579338811748,-1.64843100595146,3.15325214574773,-3.50485103776696
0.00847415603010759,-1.69813951195337,0.971706731141919,-0.796384636327108,-1.13535537917893,1.26790091850919,-1.45745406649742,-0.937038394451915,5.08612818280964
0.28003245973692,-0.416808782502745,0.465059666879015,1.52696833964329,1.48626579415063,0.165858872681244,-0.971280072618906,-0.403074721465533,1.30424205012572
-0.350076969170415,1.33682757635269,-1.54482533142305,-0.822489235187543,-0.418001470981624,-1.51062462369954,-4.7929800376097,0.549105631985817,3.0266550914061
-1.43812530976549,0.518469996316014,-0.704442801715593,-0.160861193925359,-0.535278617815453,0.433436694030841,-0.700762609143243,0.293948453928862,0.591419076285004
-0.170734664308086,-0.149362344612225,1.08800018474154,-0.415238076035457,3.57380438623568,0.178762036417535,-2.62835745755374,-2.34917058075378,4.1483384380131
0.507766071063457,-1.22573764186899,0.537037846351788,-0.437607873996483,0.895939472896407,-0.0673315928105752,-1.34597067668796,-1.53631637664108,0.853625785607875
-0.821148289877639,0.434305180670305,0.101928577853736,0.753811490292918,0.355654905772034,-0.401574608816062,0.057687953130394,-0.173778327423008,-0.227379921189859
0.992977792983048,-0.408088453832673,-0.903482928429893,0.575302944559939,-0.202834159649654,-0.786887441544222,-1.2002135989931,-0.160200941994119,0.371943363822611
0.155649424680002,0.389987983637895,-0.432279903384932,-0.76214085347698,0.0357269014474163,0.887148876134482,-1.18385078428057,0.478131207270085,0.470006092412159
0.432885221173893,0.873889533702958,-0.119958822123672,-0.880257603130505,-0.103870118534055,-0.527745040295043,0.0446849979182958,0.257994931150507,-0.348776729695882
-0.182393774215287,0.538821785363079,-0.68390016836093,-1.24130799613167,-0.698926157863569,-0.703033012723756,1.23953903709155,0.948921364488678,-2.751550972651
0.440269920706659,2.22688743149023,-2.21234785676999,-0.860813765811592,1.29769776429622,-1.86825371431163,-0.466656041382305,0.679117454115604,-2.14349686312152
-0.209557756299023,-0.448712900911001,0.482206262817838,0.7072274157826,0.726779231319678,0.904026874578157,-2.40176612993241,-1.87913450620731,2.68050684380835
0.248971542712486,0.533683061846239,0.142120215624655,-0.23305676122731,0.454640866891326,-0.61262306021443,-0.263541554699326,0.74167960364525,-0.445745562816494
0.239309871546238,0.0437025891861676,-0.452710377990167,-0.542472185280983,-0.247107312335593,-1.92718472342987,-0.0602795813606265,1.69360400945627,-2.33131222863057
-0.322872379642851,-1.18580491543409,-0.0958504232690724,-0.00515586918398459,2.06952876332173,0.147698520982304,-1.97028175662874,-1.05862510882793,4.8964008931459
-0.000281753742611484,-3.62326645043811,4.24906906587137,1.34976104108595,-1.44590779047311,3.41267730280505,2.95115189400117,-1.71103240238503,1.95479522923572
0.687621756195137,-0.00725473684462384,0.00603002442041036,-1.25989433642683,1.57927234541341,-0.635616807489762,-1.78105641671816,-0.44677238472468,3.28965553126279
-0.730848202266567,-0.0104949417802973,0.186442156505016,-0.826852956576655,1.40757485339869,-0.292521336806519,-1.72597595974321,-1.7862630939109,2.72345235097243
0.655631339484244,2.21826004410025,-1.47084593062878,-3.25475588186414,1.22529635849804,-1.29504750732327,-4.73988344910121,0.281815879730354,2.27829510856594
0.0713187954259662,-0.214336072356377,0.800659163425983,-0.0959613618461925,-1.38577828311391,0.592714384814089,-1.22789327376201,-0.20506626149171,0.364113921459279
-0.526680708941505,-1.01554197073891,1.04962736839204,-0.229435735065347,0.535713677304902,-0.624264877716819,-0.343826041990116,-0.696641965402896,-0.789956703045324
-0.892189940642932,0.0189576590344702,0.480778748042869,0.2358963702289,-0.966013044666175,0.838920594985303,0.893500902553707,1.52703312490156,-3.47357617202149
-0.554314729364045,-0.49058615517342,0.30626188550185,0.242502288013191,-0.65919117996247,-0.228881939629445,1.09650110743933,-0.303916092226315,-2.31787525752493
0.434971052489737,-1.04811361645323,1.72375717302213,0.85756913993696,-0.790871471791238,1.69243078364716,1.69505573390488,-0.203413265675426,-0.136102719457148
-0.440837846748206,1.13457169474108,-1.44729755185336,0.0578006489883701,-4.6225095815398,0.409915688328431,-0.183177889473671,1.39507087786276,-0.317162510591619
-0.306608141124967,-2.55178342903735,1.84695283279466,-0.985718620555087,-0.699676129378228,0.526929369913925,-2.52138463854741,-0.0209993922576238,2.25456452722745
0.564304628869231,0.615363123366547,0.506072888964302,0.120525398336804,-1.19116768531211,1.23249452672874,6.46027650325441,-1.48492374788857,-2.74761509256533
0.70071856854339,-0.178501644845523,1.3742553713116,1.27500257744609,0.0284982696802903,0.281593792254323,1.12367119865335,0.473752150461947,-3.0502582100046
0.00626308807641762,-1.16351517124003,-0.0589485824629281,-0.0298449779782181,-1.1207026754082,0.516287641816806,-0.478464477922985,0.265455148829585,-0.210016565965396
0.304726432453022,0.692264904724075,-0.0673845906686341,-0.772779974881545,-0.015388891758804,-0.834156508372845,-1.37956216461934,1.27682855810567,-0.240930249015065
-0.0433603745753119,0.646329244366911,-0.708412981582706,1.4843843293202,3.49673320282339,-0.323609611630365,-1.30804365973586,-1.23549798407236,0.846924813704656
0.380359040844348,-0.65528831465929,0.435727102628567,-1.07712701893462,-1.24209790331281,-0.901225138962548,0.0308409147028326,1.11529235251537,-1.0851875199117
-0.253283785585809,-0.0583639302864565,0.936625452914114,1.26213663470245,-3.06709058048248,0.311498999931298,2.63030534650743,2.5136781830073,-5.19921667994874
0.00202714306499613,-1.52691340860581,2.00974270042478,0.673338609310371,0.0203318333518673,0.876737176398674,1.370690277917,0.0668763999249986,-0.174690541150673
1.23506682471942,0.363138221426284,-0.962361921333982,-0.652911004750979,-1.20356624486743,-0.904739627808036,-0.85913056937156,0.0559220617729734,-0.782046746163164
-0.0971489980239938,0.189977318005557,-0.290909680790982,-1.49146862665096,-1.21587987609765,-0.184176565574139,0.546284368298945,0.950437380523813,-1.26398851858461
-0.00202059205304141,4.5352921092658,-2.32615986893721,0.692343803125367,1.11568294394607,-0.0190807649401998,-2.16018747637558,0.435449711322875,1.13872578583459
0.885242338179457,0.0808605304793085,-0.0550169295863592,-2.80760511990318,0.437567880808807,-3.14401699584162,-3.1585672970037,2.66287946750587,-0.673420406384059
0.241759754570632,-0.86852712379871,1.38281840085493,-0.853563706901178,2.03031481490855,0.845862722982659,-1.69301622467739,-0.955975300142398,2.89461791148064
0.0155147566356451,-1.39621770345156,1.14482075623788,0.671377116245224,-1.62571379899436,1.92738854435661,2.2822365261804,-0.269456255724383,1.7845818992149
-0.218763348962559,-1.5499014749792,1.13926720450576,1.22225986370946,0.277806309303914,2.40481711243725,1.69803101512784,-2.03681153439616,1.48648070364291
-0.560294768267162,1.24207048539735,-0.799571930348595,0.223686965323426,-0.09025515860794,-0.62157826219648,1.31012201641164,-0.442753633867768,-0.64839764018716
0.418562222389859,-0.715528252437223,0.666342801096281,0.89095438016975,-2.24481211890778,1.30519237506298,2.55502864510806,0.405965045944017,-3.89811656410735
0.458525073926103,1.12384640235826,-0.108190287097068,-0.708185416274859,-1.22095971313172,-0.415784294838618,1.55410126451107,0.0213483511135673,-1.67141513278746
-0.507566552245089,-0.038851656700379,-0.606614865603311,1.14262678780846,-0.451774092192469,0.0100532109336384,2.17774693664378,1.46025001437118,-2.6439021724097
-0.113216735300705,0.930541277080125,0.28786098333214,-3.49719155916646,0.322310987256137,-1.32271366386675,-2.83099532156767,1.12398668444953,-1.20333684331005
