0.361368787753953,0.266502056591913,0.633798809211625,-2.69367064980312,2.15826436568773,1.6085310649987,-0.755292425708139,0.718941268301157
0.159747703964939,-1.59697594676348,1.17038509543026,-1.25067555909806,0.388713262718022,1.01569028502148,0.850499824311228,-0.0175118444651465
-1.12816270246211,-1.15855091270603,0.101437543982733,0.162209529337954,-0.617963212376742,-0.782748550199443,0.0425804465944796,0.128226238909374
0.640627095380496,-1.03411517439655,-0.150813981120182,-1.91484759608549,2.03776365385871,-0.889425883253718,2.70646683630021,-0.0652122123446521
0.946751664143403,0.348622980630709,-0.209944687465335,0.759398196899446,-0.297064820878407,0.83409739650951,0.0921797296294926,-0.360933269864718
0.682241513717068,-0.320481629259023,-0.293332400734362,-0.360789867290312,-0.652057629319798,-0.0322265138358765,0.870341508203971,-0.10751097532893
-1.61124423054255,-1.00222273321813,0.128303503858927,-1.30878552236908,-0.541806205509297,-0.331634107644254,-0.0944228714594747,-0.0430219307901383
-0.410151650472871,0.606222873168732,0.0986254140992284,1.76629169962472,-1.52262454552686,0.235131561055544,-1.79951267914415,-1.29586249428269
-0.00773157341930935,-0.465192427251245,0.951541335833328,-2.02137934452807,1.79340449031456,-0.399890831754347,1.93397575515862,0.974618295023425
2.01752905318149,-1.7135935547188,1.63889931752349,-0.473929129335686,-1.93399965073856,-0.135867936700359,-1.42989213569448,-2.53963182488662
0.127665236055459,0.861814780626969,1.03778743719879,0.375705031829819,1.41018027530382,0.764282383792369,1.23641275331765,0.621991077100499
-0.451059488738011,-0.106437081873837,1.23382507558743,-0.425056637017518,2.94400667793879,0.898266077017413,0.159094786666975,1.412041357014
0.100438637729098,1.20749129701167,-0.160597652219738,-0.109339390251975,1.51796787149122,0.0834274824147412,-0.757573177630927,1.85080035330535
-0.348544412784975,-1.35254293266874,-0.0265364549974774,-0.81317000054729,-0.0199045814339291,0.14846013646857,-0.881911309922762,-0.476827996142089
0.736210356988951,1.72806339336415,0.235884930348474,-0.076647902892244,-0.313008466647553,0.130318409643897,-0.829426784132111,-0.522913771216222
0.550408049649153,-2.86902736545202,0.603378654262179,-1.83511826928306,0.805603869335967,1.15768304209175,-0.117174527966943,0.637482378036794
1.20743685927009,1.64568681660115,-0.399946615719263,-1.01220373643976,0.385428681017881,-1.11857082023209,1.61864314969433,1.75878125463822
-1.39093421448424,1.45588005733555,-0.579259626102083,-0.894880304895284,0.997398415537643,-0.101519730255229,0.693547821280415,0.164283205992456
0.278398701977972,0.0504582155102995,-0.730407366851334,1.33692366899728,-1.94545167844056,0.0302057983195775,-0.63749716669358,-2.36632414147383
-0.322321971894604,-1.53807560180943,-1.22700482389307,1.95674204557104,-0.56858065754202,-1.65569872497036,1.72666322528305,0.400919476860683
-0.561714385799441,1.24165034542088,1.03047588863169,-0.221743816083043,1.40801355362267,1.38768132900592,0.621610482857988,-0.368091013996883
-1.01431828849189,0.50923992981169,0.720619883392749,1.06569548367394,2.5304941582899,0.810663712280974,0.824614062135346,1.15998558018874
1.13599542227814,0.864519167609268,0.40926114666677,-0.488690821706134,0.0192212623640171,1.19129617176187,-0.173260506964914,0.452684120006707
-1.44331242843265,0.358656256424858,0.558876847028091,-0.432013119834595,2.76827959577225,-0.95664066870677,1.79928814030923,2.99478991085416
-0.694829130293474,-0.139178108850138,0.10115871544492,-0.995554026334194,0.805816601580805,0.0782528939749627,0.0442140078526979,0.815075853486147
1.00319385634336,1.36925710438855,-0.633060499953533,-1.14760293261863,0.88094745069337,-1.46961112586361,1.73531648046913,-0.266965762721093
1.71617458846885,-2.69826355708918,-0.29466926233728,1.46787340578856,-2.02119122164078,-1.29178716327213,0.0544748660891594,-1.10985004797742
0.776387351659232,0.07661283821348,-0.0300382863658733,0.980240016491018,-1.52856897216867,0.315016950184715,-1.6353092908819,-1.15728672662661
0.788720265795414,-1.2676440090903,0.0745497193578531,1.08303015365786,0.3529108219326,-0.174388543936211,0.350010669186592,0.964278650394452
-1.62810737456452,-0.352203588393874,0.371048320716517,-1.06978642356287,1.83633665406143,0.351154180702477,1.19974757369687,1.85632948900583
1.44978679634596,1.77133484617703,0.783250492364023,1.15158347841272,-1.17112512819395,0.452049513545575,-1.78823210136529,-1.71981365440469
-0.970902294416832,-0.353800912742657,0.363143393625517,0.941685651292474,-1.25044640339427,0.287243203647072,-1.13671662890968,-1.00661041507149
0.630697855648959,-1.76548520675092,0.515339213420863,-0.669207013585931,-1.56704116597428,1.09370309559138,-0.908253709764695,-0.553284929479293
0.879390396843577,1.24766480643213,-0.0539720519759224,0.850314917607677,-0.646805626444225,-0.43918618397276,-1.98689253510337,-1.2537318706561
-1.12884433918875,-0.113613141369258,1.25280453609235,-1.52837347178304,0.180994635407769,0.692843023851526,0.804516875133794,-0.264365429724638
0.264290871637809,0.0307150428999712,0.406829420107023,1.59066638038612,-0.339322594819632,0.712223644886924,-1.39988395669383,-1.02926411756478
0.0911949112533859,-0.720648919229602,-0.560295381917438,1.92337482063308,-1.43919915758186,0.312492903542195,-2.73333422908733,-0.713265712096574
0.740705645524971,0.990342084702525,0.717712322048752,-0.418108340487611,0.0571746252710883,0.236517392779677,0.216501893570523,-1.40192311098809
0.623970023357605,-0.863254197027734,-0.274715017284189,-1.5181221176489,1.68541081621253,-0.779926511702218,0.892627291642942,1.4914397565732
-0.613516471210309,-0.601135006592467,1.28394607096076,0.913119880145587,-1.06977457154369,0.687691404955573,-0.557377021898352,-1.51518643869062
-1.07964891980102,-0.289090774133743,-0.337170293816368,-0.467626391039946,-0.743478273308475,0.991498983927203,-1.84051912113257,-1.74362110330722
1.51561679876298,1.58414111276379,-0.768336062099345,-0.500367763671322,0.108789079440452,-1.56432186557258,0.414543523723055,0.139171538043698
-1.44252009772525,-0.913033951023662,-0.0319744626431597,2.23531413858815,-3.26542342595213,-0.834474104270313,-1.17060153806195,-1.43627662861604
0.66332106221937,2.50142996225094,0.568223006386762,-0.0520941105901287,0.970742027496213,0.806124832490836,0.392024794456397,1.31862317790914
0.615551720019814,1.35010480090031,0.109160442738435,0.970406477058138,-0.521524308344898,0.268733996324894,-1.59508962552057,0.404163729124369
-0.628874751915479,2.00137318153647,-0.387582841594481,-1.38598100800008,4.25369473516448,-0.223900696214797,3.62114690422144,0.898333264467376
0.306054351092959,1.49379852658636,-0.381463818760675,-0.734305246441203,-0.446054703377915,0.000799506851428267,0.451668289530866,-0.0882712269554349
0.834230424147306,0.105429781783322,1.26188193897515,0.772616532792282,-1.7013097234594,1.1572771768522,-2.40448037780434,-1.12369553741476
-0.791230767042307,2.24773411702864,0.00828169969582034,0.576905124143989,0.884357856877287,0.515724106064413,-0.779928017715837,1.31559357112384
-1.09237720409036,1.58632951065812,-0.482377664310516,0.28773286584499,1.35573957036519,-1.01081129846365,2.04328191770888,0.544424403472685
-1.55321175249733,-0.57884676231311,0.452334286530272,-0.0417299171745893,-2.06819104108781,-0.24267155754796,-0.614049760513457,-0.167431659929403
-1.28384564985533,2.39269110288545,0.512859873995275,-0.0325727142066866,1.62797760587985,0.390262860747481,0.455816663312834,0.412687810585064
0.316142435641323,0.343445650872428,0.749033077324058,0.798033437081544,0.0588226768919213,0.272850256697135,-0.730376607146687,-0.55805177778183
2.36840751682284,-0.334898674855879,-0.0507247989704514,-3.01950693999012,2.6301988128373,0.116001988583502,1.60483616718485,2.26681530553934
2.17060957887375,-0.312743223169048,0.334958762903917,-1.43540602299635,2.47135874555376,0.880841971191728,0.869148452796938,2.4844567319267
-0.64233783988173,1.67933817609615,0.0464259252234058,1.03168235392457,0.447251957442782,0.0832680254806572,0.50648068728442,1.33555627038349
0.378697178422628,0.350388463236639,-0.0386629793949164,0.585448524804911,2.19910257215698,-0.492588394510933,1.62303937361594,1.23468182170765
1.0244125903707,-3.58600909043005,-0.874709641967249,2.73134507843724,-1.6601187488952,-0.444432898970441,-0.570889133577715,-0.776984899463237
0.167185012571661,-1.5075339676137,1.35819714327396,-0.432511130714172,-2.1073801369219,0.629302865574668,-0.990981329808633,-0.756801430045299
0.039187252499074,0.225923962501661,0.170788599164682,-0.937318902953311,2.04671760949429,1.244831583508,-0.366461754815592,0.871857921101325
-0.076459708751036,-1.94108322908674,0.957110627738251,-2.05276508485391,-1.18361520730129,1.06727529049936,-0.507413141788072,-1.63691047954952
0.572751423423339,-1.35341339263289,0.235844153827654,-0.320249594857939,-2.26094601586336,-1.11779628107406,0.944922757656407,-2.28810767812794
1.10117180452704,-0.733055415871146,0.876332152537768,-0.631818878917904,-0.503534863974318,0.115394588452057,-0.263428981603968,-0.626387017784725
0.501719254309075,0.245846138280645,-1.04567221593571,1.22572135948977,-0.915601056359972,-1.61656934318389,0.896531970472949,-0.578032742165236
-0.393571523761284,-0.645584067190635,0.781398955681117,0.187309209425815,-2.40456789203451,-0.275572309314029,-0.911679871501686,-1.75174807289592
-1.52085930390029,-2.38506699135646,0.901508153826413,-2.59014109285434,1.21653167979689,-0.264182267530418,-0.824703685110229,0.887290600459096
0.180791753314047,-0.237744013483155,-0.072325954629272,-0.824128503861898,0.912431016541989,-0.184942321042588,-0.534419471465716,1.04320891989856
-0.90969476741302,-2.41987472788327,-0.715340125672398,0.140153379888046,-1.45437649657577,0.429606626485766,-0.45530745838037,-1.41619295434684
-0.758717541896117,0.73420165899557,0.484009622411169,0.870336666512818,2.46462180238264,0.442414089355748,1.63473080701979,2.22275423404129
0.303906504388214,-0.621889631331616,0.314135202435626,-1.47024713309442,-0.871126974481571,-0.54783049118605,-0.315210750530685,-0.222911728992963
1.26277137405023,0.121748113888953,-0.574260045506254,0.892877667878018,0.368191364189959,1.01233912317704,0.232533019898589,0.026874424760981
0.200609930244566,-1.3265901204289,0.925983273351426,-0.724967289947319,-1.15915358216171,0.544035843397188,-1.29696021724697,0.406108521497224
-0.795183955842967,-0.124731544845524,-1.18919812257569,0.59820429484837,-2.35619323180666,-0.326199917789665,-1.12751301120005,-0.516225553518567
0.0425287714948946,1.29011915865957,-0.621545367961992,0.66379083313232,-0.839715129780254,-0.826978726971524,0.148668705556264,-0.468906457143688
1.4969865067177,0.693858743687038,-0.701828092461023,0.933792874869002,0.27496454609322,0.0395138615160832,-1.03325266690157,-0.319992619137046
0.866781419479502,-0.162664580203896,0.841240842239917,1.20901473252874,-0.490377957327075,1.24337597159708,-2.36078714237399,-0.329955694091817
0.797544510572151,-0.0503438396033812,-0.0514259842066826,2.20508922129505,-2.36252317654378,0.675319989852015,-1.83011056762196,0.111368829388123
-1.45425283190103,-0.453783692805454,-0.249060803998809,0.940183431668921,-1.11290756256005,-1.07429133142642,0.618200827032395,-0.128597320651416
-0.482723706066819,-1.40315979903097,-0.241793304394217,-1.78946525672777,0.62897338009164,-2.70974840045524,3.35294268546064,0.839117116304113
1.49162005339327,1.47985487106566,-0.385533760665271,-0.479670395655479,-0.0919748408671177,-0.0677632100600586,-0.0874210408433853,0.0663006282265545
0.663394097453928,1.66957723862091,0.121124796232399,0.688583681356852,-2.69243170541599,0.297330976719706,-3.63953597074995,-2.57512281202638
-1.78577931199882,1.73567779262588,-0.683974262810259,0.951338019169645,0.59258920918153,-0.839370691491347,0.278208724810374,0.75449428462257
-0.922710631803775,-2.4086515649188,-0.708656186520881,-0.897455481702403,-1.78662793003927,-1.45566958892633,-0.432266749128895,-0.146533929129544
-0.227761375164468,-0.476520061040016,0.863629330518247,0.0526820140054818,-2.34249429228254,0.849394893146378,-2.12736593145106,-1.14863886625632
-1.07232302561376,0.474955984886506,0.0737885482514533,1.98427776431269,-1.48981245435999,0.512181562284202,-1.37717937060521,0.312409005548876
0.746102479085944,-1.49214811244109,-0.739856245425833,-0.0355733700171108,-0.171578041901276,-1.21936813809439,1.10440696236275,0.026298716359849
-0.729832439624692,-2.21453077473269,0.252475591528818,-1.37491897640146,-0.594659372146073,0.118717103079696,-0.699434846536539,0.406266934961188
0.943009205205314,-1.56711463890571,0.287435790007194,-2.11367385639223,1.53204425948416,0.723320426688217,0.543820304908928,1.3680752835052
-0.0329428607990596,-2.31252305004681,0.193160220365276,-0.0241195399681135,-0.52758905054366,-0.572638060739279,0.141402437907997,-0.718508059844667
-0.614449511367712,1.59491919155645,0.528755798439194,-0.0741420809388945,1.31432887886361,0.295956210667379,1.41174018675167,0.763392277876882
-0.665629800531756,-0.380485156260125,0.0454634308986874,-2.07348673509871,1.46201708211375,-0.136193892200639,0.267265971526883,1.03359919881377
-0.368673589985664,-0.879361735270985,1.29856596359714,-1.10935884155159,2.19843838626294,1.55552184922499,0.488107666025576,1.28398716076078
-0.0897756666489611,-0.871906472748727,-0.662430276916199,-1.62600177842744,1.0263642843325,0.0453899286427416,0.81882883591712,0.640216895208277
0.699644211347723,0.229256013560975,0.68771510900551,1.08103816357614,-1.42925925159541,0.735790767905852,-2.29738453586453,-0.975794033337804
-1.86121464879424,-1.21593034186036,0.463816179806825,-0.746671706492205,0.567386155575678,-0.229741354002284,0.105301303623349,1.27991975258451
1.1036961737526,-0.287246064069126,0.581595986072179,0.130138034272307,0.335879752753914,-0.116561740184796,-0.180898116134308,0.253874219904995
0.660162081400037,1.6268343581681,0.861775133203943,0.120122027889375,0.666615854454486,-0.203325711179077,0.408311976746969,0.417815811071095
0.41256479963306,-1.06342078590654,0.0346837430581806,0.785957749749816,-0.244610122661822,1.05958904785138,-1.36334241416258,-0.28675773779192
-1.60663561580856,1.20176523859415,1.45212083677417,1.43537518561171,-1.0295801102168,1.47942423168694,-1.85660104078754,-1.63292788313431
-0.80502147076848,0.587049499003167,-1.11912028376787,0.278238662423519,0.0879892935712993,-0.607426567585737,1.32217808209674,-0.20621898279807
-1.07921824895376,-0.31057422270874,-0.381322186438617,-0.664512775526991,-1.50203104152683,-0.318161794199285,-1.20535448888489,-0.342943600457375
0.684934406879874,-0.254354902741019,0.325908070188526,0.116431374772676,0.82699351417857,-0.574442194135141,0.437956991913259,0.814228274136759
1.88450547126384,-1.49764272939553,0.960574766319839,0.0959007467446599,-1.11596042639802,1.08607342466173,-2.16533059382193,-1.48198284885839
-1.47081956907691,-0.317485125126229,-1.40899739294229,1.19641098578301,-1.51625898876632,-1.76791127438395,0.00415836639984084,0.0864336212440748
-0.222073971165884,1.64528241577663,0.777375268923495,-0.15179657092626,-1.17202487307285,1.91765019165848,-3.2664189560152,-1.86370149838589
0.941846921718349,-0.730173498715969,-0.182820513529569,-0.26427853846581,-1.12173472743123,0.989479474669995,-1.77921253979137,0.157899928646545
0.564901261559796,-0.469798886132843,0.88368077133264,-2.01370283084198,-0.141565146128641,1.04082868578885,-1.70387524308734,-0.656265197890096
-1.06458129702995,0.73809272591248,0.679138228967515,-2.02752401707305,3.70184152946059,0.360156300022859,1.54871131409057,1.72189347126858
1.4520249312995,-1.30941263931297,-0.462690490280715,-0.643311048119272,1.3113626137614,-1.40682042555479,1.62237938059766,0.548918564292408
-1.44423043632458,0.322042833255781,-0.813704683088964,1.33661135483571,-1.17630652303252,0.391774189552258,0.0630607225520923,-0.110642789372662
-0.754000048261943,0.87579919004914,0.454798317725819,-0.382895024631147,0.391874355508615,-0.0191719458157374,0.757895653232475,0.5394987367585
1.05001282484585,-0.687197155209874,0.281945825507043,-0.678687966269979,0.867163845954697,0.138670820538171,0.432041377359739,-0.343369108294001
0.71265079270435,0.0348062873368451,0.0263900668829249,0.652527598862106,0.544646520426785,-1.05391190919599,1.13131048662345,0.905440292508632
-0.899869479533653,-0.381074129744229,-1.02222065065314,1.13636327448672,-2.93047828895287,-0.929175397804519,-1.06402293973066,-2.5839402992771
-0.0204105592628946,0.624104965188091,1.46016715505285,-2.15032058469803,1.03431351990029,1.84228056270962,0.237942599045652,0.226653375684541
1.26967558597771,-1.32440356464556,0.452210004577783,-0.551947406467943,0.799691569668516,0.871780171080051,0.991363709679369,0.588703947971819
0.116301732650508,-0.104028006346217,-0.0636527387093363,-1.60860165417481,-0.568638826662496,-0.372429298331267,0.23324569364008,-0.570881504931706
-0.281101804385043,1.12934696206224,-0.110062521247491,0.610163365478077,-1.10101095854905,-1.14042672630575,-0.0697505842563479,0.44032490751241
0.40937017206868,-0.691521345388922,-0.852642106591507,-1.86341431553011,-0.219494405789828,-0.188817171388015,-1.24792497070183,-0.471558890644116
0.497842732794287,0.635994920289905,-0.207247714553832,-1.03997613408283,-0.643950361438786,-0.359801106532877,0.715591211778078,-0.495124503905246
-2.4443605285659,1.01371991082115,1.23448685885993,-2.04097553413132,2.10995839401496,0.701931422394392,1.65956411692524,1.54277412768217
-0.863232267726069,1.11070381723399,-0.917707633205947,1.08781347189137,-0.856364745479,-0.853693981414003,0.169235593262161,-0.605270269890112
0.378348877701289,-2.05283420502612,-0.64275296311539,0.458137873183537,-0.335341937071667,1.10516538929377,-0.226922363986269,-0.813841858692731
1.78263108033818,0.833988607664913,0.508730963533449,0.622243222536497,1.33151593274722,0.94267551970339,-0.294842706294136,1.00304801307066
0.493358919279506,-0.102435134349857,0.5929944204389,1.14262958934494,-1.62626092542327,0.0814622745350549,0.101680106059925,-0.629680301122338
0.29212526446995,0.0586973485712251,-0.941332584349134,-1.12777023507846,0.891654367155997,-1.37588627931573,1.75398338374751,0.521091491019557
0.572021085659161,-1.31523420339988,-0.321522078973709,1.12404237750793,-0.99813572287135,0.208843004378754,1.00020982674526,-0.142729429778596
-0.214283562854043,1.38845762153996,-1.0603333318108,-0.102813671068496,0.848043319922701,-0.613552937560405,2.35671639331472,-0.475839961076027
-0.233955517647551,1.10332043150054,0.742708734392457,-1.68721104016826,2.71963515006341,-0.143839960724661,1.91625062768061,1.94674216535359
1.0122131708207,-0.978961620201565,0.669750033282342,0.536672915763819,-1.91149627327335,0.210315389385928,-1.20446522531839,-1.68760753372955
0.278853092566728,-2.82409235151276,1.4399956193258,-2.43200777779078,-1.44918342916276,0.766954549323572,-0.842719194966358,-1.4678734617987
-0.670135937707927,-0.390284550272834,0.276167897850864,0.0938193761962592,-0.232866027684685,0.498899610207361,-0.879210776839258,0.633230602613696
0.106383992630431,-0.644876287033802,-0.225124583405771,-0.12015932761289,-3.3765561219415,-1.23894620151537,-1.64821501150819,-1.47537630044192
0.595287877721732,1.93452714517102,0.0740660606189157,-1.84793428652027,2.884269118218,0.681848300705136,1.76154385414346,0.831402320681986
0.762763728233668,-0.751825750121453,0.163630440500491,-0.529489302302088,0.685272232294251,1.54787407588136,-2.32968737712782,0.449938317538141
-0.341704900428412,2.03865301291823,0.499522786567589,-1.45503636858878,4.43793397515415,0.343530845114587,1.90834248669577,2.93054292821588
1.61186214381884,-2.51673984890196,0.47502911956361,0.554501965925719,-2.62989829621094,-0.614247743442238,-0.805122926029098,-1.80987142554734
-0.316293161064875,-0.0856982457181691,-0.608959393046632,-1.15806249200698,1.76556692964184,-0.702917130889179,0.925694119771477,0.668866422270207
-1.44957898571631,1.21628010131155,-0.191049731664487,-0.643861049895558,1.99596519713538,-0.0823395086165264,1.77096191882129,1.61360752017428
0.450647181705069,-0.233041015140764,-0.195687315161675,-0.282217596372129,1.621353948092,-0.10186650356867,0.301168355562853,2.17183910798243
1.12989969788175,1.5654309300133,-0.239171118587965,-0.143557913513824,1.32795127843325,-0.95726703460562,3.02962214357834,0.801723210317868
-1.95800832359828,0.228692717118627,0.0140206778341406,-2.28615613312324,2.8647861990317,-1.04917715108174,3.02095872838239,2.19391780260333
-0.163819638758802,1.43847537728127,0.458766514503164,-0.149610807130134,1.47423826570999,-0.652656433554222,1.01896689714812,1.5439005282889
-2.08191410493682,-0.766425040287455,0.257185825222615,-0.359886767761309,0.979423824013369,0.784241551385094,-1.79718639713647,1.21443020239567
-1.01419790684354,-1.95319633067045,0.957307369634656,0.946580390772497,-1.44236595873145,-0.127759289963063,-0.815211313617815,-0.621466361704038
0.11236289492653,-1.07968283897249,-0.401044032721812,-0.463988044078167,-0.396027970784113,0.142334095412043,-0.492638794295135,-1.01238885217054
-1.29859746339389,0.801457987208817,-0.736638956559447,-1.4919039356294,1.48259233563852,-1.97178854219085,1.92230980739424,1.54611880893505
-0.922611072501268,0.196068374317848,0.309632481779971,-1.55900321153179,0.908670368339176,1.08428614152076,0.0787043918091387,0.905981698625996
-1.31276307288953,-2.80478267624,1.14981649910676,0.842390744489626,-3.33843928842627,-0.277298103373608,-1.97575220501703,-2.06983291228841
-0.142562213759806,-0.907599588017044,-1.41689304933564,0.569161707490313,-0.660673753432394,-1.33337128423382,0.417072786080823,-0.710571006708799
-2.30488342363265,0.0682733209114788,-0.105218257024341,-1.87367395604029,2.99910568274929,1.50994519012997,0.12363420134106,1.23382359881301
0.695868409689945,-0.832409535001063,-1.18427847431298,2.48495706559122,-4.57675345716103,-0.47883537199409,-3.19283123539932,-2.54884435971121
-1.15591969056613,-0.305168017790521,0.976355617912128,-1.62627701039672,-1.60509218461348,0.434210391348749,-0.354118248371239,-1.13861270354923
-0.351055295886795,-2.06110517502389,-1.13151781305787,-0.109185591689472,-1.68593427414927,-1.05127131095224,-0.5008076108864,-0.735166201272839
0.46317746381772,-0.450230857866092,-0.189559270547207,-0.509044123087535,-3.14069102837739,-0.957275071777368,-1.39735438636684,-0.160569303050757
-1.11931565251548,-1.27671751026189,0.0491202141217142,-0.498761995152434,-0.339704316260478,0.48129568541018,0.280776127501467,-0.795168565201233
1.60862856885514,-0.183855568209936,-0.510874829143458,-0.339533088783619,-0.345593539400848,-0.735955522997302,-0.360620382935989,0.39632337070799
-0.208490705398744,0.807538584144,-0.00247750640020988,-1.99513056937227,2.32979090035833,0.237892360956294,-0.548950010845118,0.716814011334478
1.92395320431044,0.687684183735753,-0.327123631451989,-0.512265335673605,2.42922154944244,-0.349428181357467,1.42622949806857,1.6937341766692
-0.721261713983144,-0.299638208529747,-0.946710099329097,3.15919873289651,-4.49066792793111,-1.31431726606175,-2.19504107909881,-2.4573128938518
-0.314923952308185,-0.309411106998262,-0.264530807485066,-0.988389206161241,1.2929527904144,-0.824137587511692,-0.0864408416869583,1.37493007161751
-0.687473171180322,0.496616431151993,-0.328733966243853,1.75988441574952,-1.61856326854613,-0.199799055564756,-0.668653560171986,-0.994971398878741
0.843380546545422,-0.171237304486033,0.495959354953852,-0.831948531432533,-1.53666553789175,0.73851115837814,-1.92783130626414,-1.86753095711935
-0.297510840812104,-0.745410696713548,1.11842384468399,1.04302874202478,-1.87667752876784,1.90652173123757,-3.84619388745722,-1.54174418814209
-1.1096009517524,-1.0980699035891,0.675435968208086,1.06086985810076,-2.9281462065431,0.645049021838011,-2.49160246221568,-2.31104940833521
0.0615854779930423,-0.482791619021901,-0.557275654373448,1.05957591409894,-1.08252897650742,-0.745371514368095,-0.197127239237826,-1.07489582262696
0.357274455779137,0.0717333268952922,-0.531058343945982,1.78722243776508,-2.35540379720947,0.262993203936052,-0.544675781123068,-1.48954345715423
-0.926892793009758,0.193165694794732,1.11666200625928,-2.66605631060206,2.63655362655115,0.744320412895226,-0.240942085974057,0.430442477461956
0.466281316940088,-1.64584339787712,-0.553522007594393,0.0707260131349841,-1.02998023655778,-0.962526087800981,-0.389529623819654,-0.91976974961364
-1.03945399186541,0.194124509614075,0.376506214185721,1.79690538978597,-2.23797344019641,1.54926972449306,-1.30072126783934,-1.08048102628142
-1.42167910503649,-2.4138344838378,0.0634086977511235,-0.124856445638093,0.296183088657603,1.77013861329533,-0.44008148394657,-0.285567411703765
0.542007314240301,0.200297058965556,0.0346943735497756,0.440771061068965,1.10256921154045,-0.996158929415978,0.0990782801845339,0.851585822030455
0.0122530603799584,1.46822627175465,0.398400513563372,0.209092473983539,-0.12716139595229,1.11041472622858,-1.1087866271263,-0.71683745179689
-0.165683121633751,-0.225479968465372,0.321790255431708,-0.66053297520995,0.885244348268828,0.0618882496621931,0.930237171316669,0.471121622168787
-1.74109303349771,0.104545033765219,1.13507155217368,-1.79871045729398,1.34134116411195,1.68636863104726,-1.53607978792863,0.79459545871483
0.359551320674707,-0.777883698764492,-0.388837383031261,0.65318739198698,-2.25874195042026,-1.43309348844141,0.158001992503362,-2.42390916654007
0.950275665681683,0.122393314769301,-1.1558440170635,2.24093490806585,-4.03894426807662,0.00648521072197927,-2.85787782051752,-1.62593308750329
-0.688749646373801,1.51208853807234,-0.389004121378025,-1.08136532277413,3.38809546800506,-0.274878469541756,1.22063485842794,1.87557678126433
-0.394502963690966,-0.173252251311103,0.107141670323472,-1.431735598503,2.9551031966718,0.517205914640977,2.01139452998682,1.66329478247564
-0.587107948647727,-0.473584624350747,-0.0572402652926912,-1.81401029358044,0.838961072807616,-0.167957174457143,1.44009125297104,2.14535980293754
-0.904952649199683,-2.59825320762407,-0.213499272306766,0.300559542609131,-1.13423134254608,-0.704647606637856,1.13710490428801,0.328290742718688
0.18499713636415,1.00398235999331,0.851129768993501,0.149480768150028,1.57192917920917,1.0042584979467,-0.296380782059363,2.48436785817857
0.603896837843218,-0.312972192667232,-0.466310962947381,-0.588044589177666,-1.64969707549997,-1.11037932070162,0.532910947551466,-0.465824744341801
0.843207631789979,0.656654708529283,-0.512280635534541,1.02082850846508,-0.112660821588308,-0.218732779901874,0.273177575839004,-0.969163924301806
-1.89178421011133,0.0136039447304406,-0.386410101892119,1.13624700083639,0.74675161672112,-0.723726834977708,1.95789374466446,0.281973431331513
-0.413974585170831,-1.56850596320456,1.07451483089648,-0.898442825705949,1.44312579176487,-0.0867237803816235,0.887582593060777,0.0671071124121693
-0.343229536680781,-0.678408738404611,-0.453467860235399,-0.895957023095512,2.51039528141614,0.0572179693244727,1.87061137822731,1.60139589745327
-0.42409214389151,0.198676295825766,-0.194486161326094,0.496068449829213,-1.00340737004814,-0.53094151108264,-1.30279983494186,-0.790419464980578
-1.34687228137845,-1.83320929774561,0.13090222036257,0.34484546606205,-3.36041382068264,-0.431632901158717,-3.17896652281343,-2.9412531114416
-0.989406840448945,0.186648249151189,-0.603123997725384,-1.12960005384997,-0.390584429590916,-0.476127157589549,1.80829926351262,0.340458668389855
0.131145991276076,1.04926522642273,-0.143489441713047,-1.27999468123732,2.37567811091934,0.0322252353240567,1.99765590113946,0.7024023470176
2.20600746489715,-0.219826695504595,1.17009626265141,-1.08534121747257,1.46024855406357,0.883389702265649,0.887762698901667,-0.093384359970553
-0.488025940121504,-1.76320372600955,0.442619463066727,-0.0927548491602513,-1.1006894819029,0.0759669951801739,-0.848653499177841,-0.429877183358114
-0.0585964605867064,0.437810382678583,-0.459171309089835,0.707010397442804,-1.76314047170083,-0.0485865624136067,-0.561602270662232,-0.810499162480776
0.38150736623729,-0.604941410772959,-0.251244824959927,1.46997996520219,-5.56715749261552,-0.836204187030577,-2.15361066247362,-3.24349598279933
1.3960936662038,0.893154606982232,-0.558194425931885,0.865560241283601,2.87248019272282,-1.04886684432936,1.8270595411558,1.91900753762402
0.163383608118258,-1.62538615344533,-0.450689471217211,-0.954685329203223,-0.670874558497928,-0.665130509405585,1.18184484478102,-0.305751209424559
-0.0744812380514489,-1.74050873153072,1.12359254749936,-0.55408337169805,-0.0566514017820169,0.0568399885875392,1.10059643938478,0.48409598764712
-1.0436231495062,1.33239101489608,-0.0402841629497065,-0.399704346588209,1.85037442548066,-0.0103364320935044,0.954489132899955,2.49177691251948
0.0157552101009741,1.51382664433408,0.435456849177156,0.278891409071495,0.263910248762244,-0.748092791744759,1.49501682787514,1.34069851764882
-0.568648399943627,-0.735954599563563,0.803887744114623,-0.197418230271102,1.90296435162389,0.0228004624211,1.76653201774014,3.12312164006926
0.336134460864702,0.174260704776547,0.726833369712751,0.338908865379451,-0.452171460891242,0.700923384304138,-1.11144484698875,0.281652585707104
0.0725405996115786,-0.331614361106992,-0.895937033226233,0.747632536318724,-2.27244640353599,-0.347472932420666,-0.694253556206078,-1.23658439598483
-1.41152810875984,1.46934851938278,-0.38986488189645,0.301729580396122,3.35203069910489,0.19309996538283,2.56683449492685,1.26674601188295
-0.0608854238567199,0.620196550730717,0.319483737732879,-1.15671748938946,0.625218122440214,0.547410105729838,0.317014478197507,0.137382708989889
-0.458704835669447,-0.892554721709867,-0.270731198112754,1.84917309933134,-1.95558006797343,-0.565829966953357,-1.61392919650107,-1.92743316613521
0.729554606450178,-0.473447298751358,0.348949827005842,-2.52588019526151,3.34874629629372,0.371870568501049,1.46967926986978,1.31873489834437
1.01714602707331,-1.47812105749898,0.0390420189533339,1.3130912192696,-2.73399827140651,0.67970193604067,-2.0995147023916,-0.982793692473482
0.937884574002511,1.00412419113249,-0.454709550182359,-0.550004802332809,2.69510601333244,-0.96324117850847,1.75549775419003,1.84378745915895
-0.753608007895853,1.41294509720714,-0.0290520411764415,-0.776569221069224,2.25564200043861,0.0717173349147106,0.39549840965157,1.64287144729569
-1.25851472796363,-0.640144737207741,-0.301517270572608,-0.820541722265044,0.630799510577689,-0.850004620925151,0.229464453950191,0.604139322663658
0.411679339289087,1.26389736629903,-0.681552614121337,-0.468168536823573,1.84480523209401,-0.197097492122431,0.600574156879291,0.913392699746869
-0.0198361678201173,-1.88476462277108,-0.0269445903940801,-0.255301488267255,-1.15863681329716,1.09441350948296,-1.55591764042414,-0.820813235517876
-1.40503998760994,-0.444413519458369,0.404316348975824,-1.74464054754284,1.13936348379522,1.14118151145803,-0.307281083948221,0.226582154601639
0.247568086635826,0.889701855928331,-0.673000534616123,1.11906501304254,-1.23745217802331,0.975177537846752,-1.28018393427431,-0.578319602223589
-0.941904989873602,1.37938659883436,-0.209341474324708,0.125154291221603,0.870721355846356,-0.495533550161488,1.79685780248881,-0.125395661508576
0.47295732486402,-0.3502888932743,-0.711677925080767,0.134873657539999,-0.180094512073308,0.467372001172767,-0.768377302582524,-0.601203665006546
1.63886355920049,-0.969961781448887,0.774389616752646,1.96490863449234,-2.76870599084463,0.882410219840739,-1.85875752086424,-2.45942517746497
1.47505886209173,-0.252589137708703,0.120823114870634,-0.533158467084371,-2.04710514299281,0.667686445379298,-4.26214844884108,-1.2853903148285
1.5665306557622,-0.439439105295212,0.814911401638155,-0.71158265383687,0.343983094932232,0.963015081543316,-2.13669472220835,-1.19363497720036
-0.918719555012218,-0.173985259066073,-0.150867774138085,-0.328267762569841,-0.441073381734246,0.119787597084251,-0.402312962787514,-0.229206946342295
-0.255108277381171,-1.39837873006593,0.40434213244339,-0.0849909714001722,-2.75653195833197,1.58711149315532,-2.93114916428087,-1.96736508000359
-2.31532964975164,-0.232078778744162,-0.0972349987521425,-2.07761878821565,1.02645090588666,-0.751828172420298,1.2991056919034,1.26967000383356
-1.78057874460995,1.03731577769883,-0.672313930249909,2.60532361531239,-1.47031428174581,-0.564238922041535,0.173552251257085,-0.216727769212259
2.01191215829612,1.19534776936731,0.287125964246398,-1.10907490777892,0.894518628427056,0.23437649363323,0.473104771793389,-0.123054677169803
0.742357850525258,-0.249227834757596,-0.758026132992724,2.470806330656,-4.49046576392449,-0.530135973479095,-2.53632988877779,-2.57681288734881
0.302540493346887,0.414911155450726,1.35606636609109,-0.488732557456114,0.321798763356134,1.33730327573952,-0.039054287985115,0.565943167771175
-0.930151215533791,-2.54493397756952,-0.518831964572907,-1.3980070045119,0.567672115590188,0.968404865147664,-1.30718311732192,1.35840439567055
-0.623730427428266,0.0217510828424565,-0.523680924051188,2.05034574241323,-1.86093294395352,-1.73364544398294,0.147452716095546,-1.25188725734935
1.13978607271786,1.64544516593273,-1.23681643348724,1.09738627732808,-1.42786903450202,-0.647307892134815,-0.518273541243306,-0.563457511474761
1.52506782570311,0.700369772319086,-0.943743963364723,0.154573664819962,2.33699434054655,-1.00061684987184,1.50734606124521,1.73168489703622
-0.0814004359177234,-0.437694421832442,0.862232216264997,-0.796445754366842,0.97043671052309,0.749527369913373,-0.108768268511998,-0.121160017439352
-0.413255225240131,-0.11040362649815,-0.0357452315538586,0.4659824077428,-1.33112896805998,-0.807304492163046,-0.0165144545151921,0.17893239204295
0.177926097144014,1.31354115218631,0.982810784033688,-2.32513954132144,2.43191158515114,0.743628310028656,1.61347975615787,1.86208815278467
-1.61175984453408,2.0652589748749,0.0690626438829348,0.195088122317626,1.44816730380124,0.0584167515229926,0.315255720506404,0.656368623986265
0.934384612502938,0.219684160820177,-0.664238752849629,-1.43050462701263,0.11376992326044,-1.04036451681278,0.24921752787145,-0.0548387075146722
0.779766480068764,0.605825044219183,1.21711911975779,-2.86592492673828,1.53725186427223,0.599765020955408,0.141813393195931,0.678853042617219
0.948859096262779,-0.237624625717049,0.809064694437253,-0.876422563745669,1.88875617281434,0.324180446709969,0.381286928914412,1.40675686741245
-0.278934241971879,-1.8406465632505,1.83541592482433,-1.6882462009987,-0.336877245762443,2.73497446498807,-1.65078969158484,-0.938913939616527
-1.45347629925422,-0.0261691319399859,-0.201700793401679,0.0467745066120214,-0.244417563093227,-0.964995016288909,1.4174468485174,0.937579618104411
0.985127482829452,-1.5630525294794,0.225166777102956,0.730625184734185,0.916659041200634,0.0188866107940653,1.27112935217678,0.219665784441168
0.264175222127005,-0.414124255297631,-0.349264288319781,-0.0137280257833024,-3.31365082154727,-0.845647089429507,0.588644039835596,-2.6100397190823
0.181819936384703,-0.195970448264613,0.067398380253183,-1.03066679544697,-1.03688499506955,0.244030967611773,-0.330581889530566,-0.506079835675779
-0.489429011201112,-0.100226752580808,-0.411585111808472,1.85336841567041,-2.44431452753477,-1.16025908289324,-0.676358389922456,-1.3953489231665
-0.143930999626236,1.78982884573286,0.17610187038937,2.84108706718779,-1.90004845441031,-0.53570348331122,-0.475526775355636,-1.33129927763862
1.35427498233079,0.266181910009513,-0.176076247980816,0.611324322001141,-0.74935339443072,0.261725414707391,-1.19617474328599,-1.1530349810031
0.34868487171889,-0.565082061133392,-0.708612072411829,0.689765469305752,0.0892893847489127,-1.08690837806826,0.549721432180536,2.00247799776299
0.853299700548911,-2.48241414603853,-0.236676647146701,0.226530363415943,-0.877299557732416,-0.442950794268269,0.587345442728606,-0.448959830045874
1.01208654795973,0.014078879619042,-0.321022711292254,2.5815615959546,-0.172798767961781,-1.08230887590648,-0.479938552450555,-0.0429738630685219
-0.928880721690183,-2.00253970678182,-0.448194897652115,1.03614999532507,-4.41333544583099,0.475754605325464,-2.88151805405688,-3.11884522000814
0.796081637286119,-0.36438287819141,0.888757912872115,-0.66382864766838,0.857321684036974,0.233744934291902,0.0111998514953026,1.33997171774504
-0.80279946988102,-0.973312165858986,0.936244781902898,0.882162870517365,-1.60784766302294,1.19683215942685,-2.7516269653611,-1.63281275617019
-0.45824564298351,0.833240662540142,0.266465217952441,1.32293824281014,-0.58163767826169,0.111966900895922,-0.495330067657531,1.1072552878273
0.686276408786172,0.419256775000038,0.214724769940782,-0.706652937296421,1.13170972619393,-1.0166369183779,0.578155209417994,1.44249648798818
-0.595300323621303,-1.41972226296611,-0.254590094044921,0.754144876713218,-3.45950998109921,-0.0570841353829679,-1.73182015910717,-2.47309011534502
-0.407383219978553,-0.186356122752071,0.270203114054696,-0.417623904537812,-1.05890525552218,1.58225063017419,-2.05387143038934,0.20814656024014
-0.380950067294774,0.939910732697668,-0.0622982014921902,-1.00220789316223,3.30023533695357,-0.3831823522194,1.69182457088087,2.64094947542072
-0.579270779925403,-0.389363015553475,-0.144160362832388,-1.88027089670466,0.171727883518247,-0.124259362455128,0.974661542637223,0.744261185534163
-1.35588711651261,1.79528950162372,-0.0528631148224889,-0.198761710332486,-0.606076160667503,-0.88286676032676,0.849831094098778,-0.785239736194566
-0.113052610966598,3.69887558133611,0.352083908854671,-1.34905186575755,3.73222520487769,0.73463289310656,1.70020539595395,2.07154064198678
1.01270463696187,-1.75408514663577,-0.19007031475136,1.72565331548246,-2.7261758586537,0.298553367421991,-2.82583543636811,-1.00686894037198
-0.181406312671709,-1.76274625754881,0.345795943791494,-0.0839934150839439,-1.14432157713577,0.429958127264154,-1.22587129449226,-0.615756638696844
-1.46927525983829,-1.11449477867014,-0.860773436415945,0.667496372209755,0.926183196472339,-0.849364686108226,1.05211358032766,1.47356821154886
-1.89541833994918,0.542130723339659,0.339507501549343,-0.476711140193044,1.46918866968097,0.918217348963332,-0.6625502971303,0.432448199996763
-1.01599701589685,0.182747678588732,-1.15086748250969,0.093350260374989,-0.956409055432282,-0.575553778106819,-0.608954624929066,0.265492297654216
-0.084708837901136,-0.132057729976095,0.245889438717958,-0.562049225464053,1.77630599860734,-0.298917079287858,0.634536762325285,1.85259184299974
-0.788640019088879,-0.363499331352173,-0.591337142943121,-1.67574662433187,1.09033096532357,-0.875780250074744,-0.156818845533563,0.533672437887516
1.4490189601951,-0.162495454254451,-0.595988668815418,-0.0667640736504199,0.373932250958431,0.0284393515358761,0.288274787650313,-1.12549889580859
0.419521107216265,-0.234459159058607,0.433917663115342,0.773624044958722,-0.327870077982787,-0.108906677145317,0.317984354309417,0.249981169858098
0.406990587163393,-1.20708454490066,-0.463428915997976,0.779914537857821,-0.693672315564282,0.520219529044176,-2.01764673071631,-2.43501770508078
-0.476031279129795,0.337243476382029,0.192643584177724,0.560906471980174,-1.10323300488921,-0.785550320566298,-0.109454212153807,-0.215344679412555
0.56509416959988,-0.357863737434806,-0.283186086053237,-0.684736854387029,-0.327683731959453,-1.11344826051312,0.452508925687767,0.54286999179452
-1.12164088375775,1.50948798573343,-0.867734909117352,0.284393366520814,1.16622432871636,-1.37378538944608,0.467960631012115,-0.511808136199536
-0.0694116202925416,-2.34321914759668,0.335781847965766,-0.33489237054658,-1.63667920856927,0.292094628612601,-2.18208038680837,-1.78219781665329
0.172339523868407,0.184714051748278,0.425298754087509,-1.8935484798707,1.22199563113234,0.453524686053049,-0.265422792472655,0.844741483163163
-0.0384044689109903,-1.81401367672419,-0.204149732601036,0.105867619249364,-1.43779026477511,-0.183528822944938,0.381709724527246,-0.392521374401271
1.1775836063552,-1.54537380293029,-0.151793099259553,-0.811543361379274,-1.23648599017291,-1.09277061068502,0.888744518999868,-0.509684464047514
1.63654072373034,0.112743415334977,-1.80111362920783,-0.337610883091461,-1.08023844391259,-0.891228878619577,0.535392659839342,-0.22252460417665
0.853505455317603,-1.61022461457666,0.463561659703425,0.690672957430342,-1.32677170266711,0.499682052124434,-0.368739983876376,-1.61317850403458
-1.59010066634653,-1.8286725425071,-0.181455591067067,-1.47376680235493,1.57850522972448,-0.254643602269695,1.38027227576901,1.14830140952262
-2.39895326484841,-0.938842387449268,-1.14127261435196,0.00460860044338488,-0.293241018192113,-2.07150728552446,1.83284005906426,-0.718960493568105
0.00748957040201537,1.28548648324012,0.248594972634979,0.160830590459423,0.120032062487075,1.44971925181289,-0.595444091220676,0.948237668411584
-0.453397945160182,1.69004587602795,1.55870568018922,-2.38576647602464,3.66618244308805,0.794896665279991,2.21517642083552,2.2164618252205
1.75658725906422,-2.22632193798561,1.34354550566083,0.513506219711461,-0.78496500368342,0.809607071941549,-0.222580778288362,0.0367097487056633
1.52762863677198,-0.609308448143107,0.174372625116949,1.22581100312893,-1.98832124009428,1.08990518351608,-3.32312116816951,-1.79696188256612
0.167202392134585,0.450680482211201,0.191754650816328,-1.9808063688716,1.73223212790722,0.290397795935928,0.990614323325701,1.49988464898633
-2.92324311589787,-0.36689516852642,-1.8576540744944,3.30324758924319,-2.34410925579339,-0.767722799126086,-2.03609572389556,-1.07673546435285
-2.26275825438528,0.148260133128478,0.137026900622366,0.497888966679373,-0.186944897104596,0.607908399223251,-0.197417075147492,-0.418927175296636
0.759187470272807,0.193334727182254,0.275329611369593,0.701659247273561,-2.62516992558263,-0.249481499655574,-1.87450076171716,-1.66767124730396
-2.18201114495034,0.849463456830932,-0.203088573378944,-0.105134528332504,1.82038687585948,0.085297725499189,1.32285925328532,0.334642056766852
1.71744482895439,-1.60493991384369,-0.146620412301409,0.735185510531967,-1.20961240437981,-0.463402210504875,0.211287149969897,-0.909959047262732
-2.14771506938501,-0.433044157407867,0.0813006314148521,-0.908478123792462,1.2259139816566,-0.598169622366605,0.855987354430582,0.153112097259503
0.352126004196338,0.267105092191739,-0.686721290207073,0.706380673656376,0.198307624251533,-1.85664156109226,3.03290174723355,1.1239002966222
0.111037002660126,1.67010531637457,0.227010752931706,0.599205489564332,-0.591954492180111,0.289412771908468,-0.898126854618954,-0.795204635939291
0.138633239069597,-2.00220666290999,0.514875967520867,1.35332381530179,-2.11402761626185,0.497864738331244,-1.81442228068973,-0.542780995418553
1.0077096740836,0.485070562436853,-0.660086288446934,2.11445538884246,-0.841184025267434,-1.06968854637506,1.37170473787948,-0.447743336169441
-0.246969585846064,-0.0987014655159334,-0.0741502575882711,-1.00831286508353,0.645015910468115,1.03776857170238,0.286485584098744,0.895971181374766
1.23033433044154,-0.91646685440444,-1.20224913184363,1.81715784258786,-1.74044775151443,-0.92698665202364,-2.02223832892439,-0.572101718075244
0.335133113100293,-0.551856250155979,0.701011458969641,-3.42530469454924,-0.142843084645888,0.704509803011477,-1.08922262238876,0.678745144709005
1.29195789122522,-0.854541651703385,0.712067842877771,-0.553883341301119,-1.94837030655818,1.09120953210285,-1.47754047984657,-0.275632727392
-2.31857386390653e-06,1.4665369240312,-0.454553616346861,0.204845917676742,2.47098062211267,-0.804681543690702,1.28679437599567,1.63493935704014
0.293396725526146,0.56896853787901,-1.1218433177596,-0.110917299729467,-1.40850189200968,-0.144242471839639,-0.776400948302954,-1.7051387717663
-1.28294338181898,2.10882579291774,-0.311665465342556,1.37671240184026,1.67938710948393,0.320911615522251,0.9618369171315,1.07318071523521
2.38512544292929,2.41206240765655,-0.105666488623038,0.9674062839167,-0.177596619746847,-0.244273906421027,1.5908413119093,0.40659581566159
-0.640216084806839,0.215978428974399,0.913264074818497,-0.392750299335107,2.53411405290942,0.578350179971965,1.5198390606067,1.94950628719046
0.133025343194792,-3.57441493155839,-0.145469768029205,2.52370663958451,-6.45203124203537,0.458075323271405,-4.69088723964253,-1.97653278147005
0.000731170652970786,0.906790494434876,-0.120726032011571,-0.439549312589235,2.13646525329434,-0.410941847814943,2.33509286581998,0.612889278141665
-0.31287848270631,-0.484776790274071,-0.388732127849499,-0.79979866577382,-0.187541480690905,-0.833374454278259,0.482346503521562,-1.60262974740634
-1.08146176601433,0.368917174010318,-0.0809316476986353,1.22175300352739,0.323755067323637,1.52522754314633,-0.0876359338002383,-0.245942634646161
-0.880722570990119,0.803689101530729,0.128685407484978,-0.633458532675992,1.92860489556651,0.312683610188326,0.749101538779626,0.446034391321283
1.06301522140823,-2.12739984904578,-0.292292569661001,-1.12702503706171,0.525081335075661,1.49745697307213,-1.73785213899796,-0.357695081196497
-0.00769396516411136,-0.21965748854247,0.348961737637427,1.14999808543153,-1.37835561332006,0.347144730317891,-0.587233849853068,-0.150070132925874
0.899695786385327,-1.3779905847195,-0.58636815506101,0.705603991930811,-0.831105198410007,-0.101261467130572,-1.88947997522792,0.0202642180406064
-0.132860326369766,2.24350176002188,0.141236687089218,-2.10309907476337,3.68634290949801,-0.583424113154686,2.54881550636101,1.95387743435548
-0.865920916938129,0.51413559102852,0.190858372677322,-0.74167049191086,1.55064651460745,-0.887272611978235,2.08887946855358,-0.0746881226341395
1.23544416788808,1.27787414288516,-0.586628455638183,-0.659117034154202,-0.171845439911784,0.338546575001267,0.196632623984505,-0.0559440872271205
0.310419564506528,0.931261730218296,1.47180725945611,0.676617793500817,0.187554108906805,0.94887163106245,0.436579841248082,-0.464213818892703
-1.08612703403329,-0.311390950138025,-0.332793285795387,1.47218974191873,1.50745440353919,0.167992198528082,0.846212361799653,1.03240245664874
0.060689651323568,-2.27785660113814,0.350023463161862,-0.98083269240634,-0.865997584091526,1.01521622533809,-0.481888812387298,-0.818191819130782
0.132868641868612,-2.56453117794991,-0.788353519428383,-0.504560258467115,0.429353770755846,0.0629004917361955,-0.390660167355036,0.506183056962233
-0.701529926723798,1.32067144814659,0.581083259409884,0.879009271309824,1.16878857415114,0.0116380047681812,0.633139771294889,2.74043302581325
0.564084305229732,-1.07228900344055,-0.174742381395889,2.24084291319931,-1.11204439133383,-0.0392772443646353,-0.369605956993125,-0.948940089958157
1.66055135615597,-0.104314509022887,-0.0643566269914504,0.915632318935423,0.59142194097907,-0.575046874691221,1.88975785514999,-0.0890122935058966
1.09650466782194,1.90124971953308,0.229489387216635,0.100031233224801,-0.483272421111817,0.343483921653863,-0.0207038557202916,-0.687858930933957
0.107471675583272,-0.960823239251519,0.571583224333128,1.09597328479393,-4.39191946470475,0.0773141290187067,-1.64579658907923,-2.59261228746948
1.12503174462883,0.0662634410104205,0.690434830956339,-0.838983933206708,0.121757385564624,0.571222815484178,-1.29185305747695,-0.776207195343912
0.573772166266179,-0.00358196976725939,0.592706984918035,-1.34524740853142,1.89068129850289,1.59555634831211,-0.552813075058624,2.10659592457228
0.522418370176786,0.865626676083084,-0.899359225988441,1.1854914962092,0.672256964571223,0.177204174137,1.0444773842141,0.104716225647751
0.178922638056409,0.353339788419997,-0.794883275588449,0.0702982883200719,-0.0238507931078598,-1.06474171837359,-0.462539940333658,-0.480996867628874
-2.24453954229268,0.262872588116331,0.325415930197429,-1.96257320821252,1.85768052815909,0.0213231415461877,0.898817545981024,1.01398612425079
-0.30381853237791,-0.814535311975996,0.915796494177378,-3.41491023173639,2.99954513544869,0.0476574298097635,3.11928555375278,1.16322632304547
0.684163450131025,0.226364459140664,-0.589435827541096,0.242118586053053,0.77108359409418,-1.24667072598016,0.962444639054695,0.70960768167901
-0.281164478200761,-0.357514148786058,0.931755825202614,0.194541687335782,-1.23692462130606,1.34690600683215,-0.705390690400841,-0.258964021036222
1.73090490204187,0.713704926207956,-1.58689458934451,-0.873803775690376,1.10937186649191,-1.55201282720579,1.84670698404521,0.930980498810558
-2.18886475453331,1.68070664820052,-0.699990012343581,0.374925990831116,-1.63699173218973,0.229963026105017,-1.30025766319952,-0.630008333719306
-0.760040185832095,0.130976621589847,0.340629069186167,2.35719849790659,-3.23111308423174,-0.0628095648758589,0.188010936509318,-2.29531038133268
-1.06940591515723,2.06521567806147,-0.326321221372099,1.72551470478496,-1.14270900258783,-1.076390451589,1.30956529762249,-0.352499339911896
-0.346883348382365,-0.310706997951631,-0.983093781524404,2.29735653221649,-3.73673840411859,-1.76227043225642,-0.418036141594689,-1.59239249498839
0.747870568601501,-0.572892314033992,0.353133555640974,0.722826768677144,-0.859268573378944,-1.21320268950114,0.54882736073597,-0.00381486233002468
2.0382844597751,-0.00833687632020104,0.380626905578497,-1.93421154340498,0.595264712639353,0.350762000111814,0.641121001090827,0.250919583418394
1.97521640747221,-0.126807587999489,0.982176282315595,-0.50698176837769,0.258256589093796,0.693917585121089,-0.337838858778928,0.421267917369502
0.301116189990452,-2.98030065600922,0.437082931082684,1.52067302699257,-3.74024457311919,1.2154069569441,-2.66583736508,-3.33765689322559
-0.861299336133017,-1.90206298866674,-0.237432411827233,1.36822573915892,-1.81756184662986,-2.44637903279021,1.07115804899814,-2.37186915178462
1.03735843371074,1.12721566621047,-0.882252752211666,-0.431603548862006,-0.899595373587342,-0.430050198807708,-0.323238673853345,-1.0567404307477
0.75253933384584,-0.417043108676899,-0.615110723042232,1.57646708720639,0.254620826816307,-1.61651464377277,0.933025124378719,-1.11043060223266
-0.703230918291735,1.08174573179132,-0.147884168544795,-0.32720729488848,-0.44907121378812,-1.44948768078498,-0.334817882299348,-0.119606223795093
0.387538759915701,-1.70177110918865,0.0518284512055636,0.686247880876003,-0.367901480894694,1.48755568286963,-0.904793124093435,1.02729236107374
1.49113248512638,-0.502335676828531,0.983531892533345,0.434234693930258,-2.46709141550546,1.79518771561402,-3.11806719079249,-1.34224832542891
-1.495981311073,0.0187518214956338,1.07368699838005,0.246653530197573,-1.20311134757811,1.30928799475132,-1.35368551760667,-0.302436880241544
1.28870288704108,1.68790545958325,0.0231368942794604,-0.164066105135969,-0.188033524654107,0.457562892213921,-1.22763440761717,0.00448531630201079
0.0361752523404164,2.27581124569111,-0.0632263070154084,-1.65715757729497,3.48076220886398,-0.928244764120867,3.75660730297843,2.35671279460135
-1.14156867600785,-0.356658498788957,0.718691976706787,0.721669564425814,0.0919144725023487,0.845894097722145,-0.643640792701623,0.85104119130444
-0.337624755971469,-0.742484972801138,-0.458534974937347,0.845063358508743,-0.539109900598954,-1.37771775281548,0.606189690710196,-0.628084836071913
-0.995596080927313,-0.254171428152422,0.410155403332732,0.389049252254797,-0.690889201557131,0.233252231314697,-0.477128962895562,-0.589450353255435
0.481413252254131,-0.981307214411962,0.67387344886659,0.238793794749639,-0.667478498080593,1.12302798595045,0.720433857476665,-0.309110981710428
-0.0981011396898114,-1.77065937244776,0.589657686948723,-1.58081621477732,0.587515870579341,1.51834517154616,-1.7892988830833,-0.146815593940216
-0.286245532551252,2.75526913361979,-0.662540370878512,-0.294361097937132,3.58350731366628,-0.99319500559233,2.54191064400949,1.90469572228999
-0.694285385648845,-2.50077714184772,-0.327125858625563,-0.227211317566746,-1.92970720803996,-0.379896202216126,-1.6262859897068,-2.94342939120045
1.37243776272208,0.433699749837452,-0.189953979407057,0.8601024225885,-0.41956872391349,-0.48341518091918,0.0525349823481556,-0.989444642589999
-0.719902804029119,1.54948526266508,-0.574738954099849,3.2172929885314,-0.280596229111269,0.230359873261039,-0.515932460451009,0.114593993000477
-0.587140168349234,0.339181899787682,-1.25007108596845,0.967721525501775,-1.38550532381217,-0.400778251819277,-1.07117690274013,-0.545180080696322
-0.230109947762853,-0.373971800955965,0.226744961552843,0.871069509534961,-0.516427124643886,-0.20746367405314,0.414759819120281,-1.14776896229374
0.675181636824537,-0.045173416467572,0.115113914699385,-2.33797315395741,3.66128302491687,0.183185604983574,2.98783776445911,1.03827057803245
-0.668446907246794,-0.1861724142254,0.0384349524085515,-2.33190776178071,1.56438938370624,-0.820930546673893,0.483677366913075,1.72654437034133
-0.433209536336602,-0.779770851021126,-0.658201005746562,0.995827692045698,-2.13327086663975,-0.803231744416983,-0.763258233628278,-0.869521874158234
-2.13492335426724,-1.1092880574402,0.470292231998332,1.70063146563709,-3.34771538898933,0.594027776988865,-3.29147741947649,-2.00955502243536
0.423310684483157,1.32020703044479,-0.26851273164158,1.42673503899809,0.970492761103763,0.425073887413659,0.608485168392246,1.2299741217005
1.62988531046895,0.115981118701637,0.678321630129098,1.7293354889822,-0.845356520995736,-0.522713473229033,0.452085210616404,-0.308756509799008
1.23962560589656,-0.182398492059147,0.273604452308377,1.14330105926788,-3.61287814452828,1.01643213333733,-3.15146910753378,-2.14815529247608
-0.683978669626735,2.28619093337255,0.214685819557247,0.763579518396895,0.435146037990113,-1.33959901602101,0.208597254754569,-0.337711753966551
0.489465981542354,1.13372131889498,0.0508980645892079,-0.241877306364963,-3.52778974134004,-0.0755769861331773,-1.48007631992959,-1.73454630661212
0.0638014257950989,0.89855098865971,0.743462274875293,-1.11142296756538,1.01837662597188,1.48312707334118,-0.486663573461758,0.496184786811089
-0.384323583298439,1.90635531999341,0.461623773620575,0.320344469541839,1.77326076199563,0.0692635653410592,0.0927910117504216,0.541000431761752
-0.299980301920964,-1.91467770434742,-0.90832210337775,0.330196077216477,0.664053065440008,-1.54962521479446,0.64943361448419,0.676896947934043
1.34730233128636,-0.455205075848937,-0.00424812655577111,-1.38838746702574,0.587243246116879,1.34013540930407,-0.581192026952397,1.14643359493293
-1.07159936678614,-1.96748010493496,-1.07987745274135,0.637783944200507,-1.97477266861864,-1.51953536810192,0.770092257208426,-0.893748874988974
-0.636551228402964,1.49559809364363,-0.10662705004953,-1.323683127166,0.533762091602268,-0.513735289387483,0.935097054923894,1.0499275149292
0.192824396799389,0.0123085778901457,-0.337965176145597,-1.79462182874643,1.54883165730499,0.208427180533659,0.899742095324035,0.804646331973478
0.759649011908082,-0.417112887841567,-1.02430642662801,0.155060651419141,-0.343656586698788,0.479125886726331,-0.685558135613577,-0.777880875709648
2.29652207223482,-2.81742192722887,-0.371222040828903,0.225561456440045,-3.1651543057751,0.323250959975264,-3.24195695273889,-2.36754450640633
-1.42128468965508,-0.0380059648158451,-0.833897836745521,-0.137636734006696,0.586507278338875,-0.490561254859449,0.982642915133934,0.71118131581966
-0.201373978856768,0.628741355065022,-1.38986278754119,0.24607455181113,2.4526963569677,-0.120519410205521,1.3243487890714,1.21434941240079
0.963849125101912,0.526515612169987,0.502930379798216,2.144442140174,2.08058114447759,1.01527257456975,0.523547088960101,0.58874261415209
-0.775701118694995,0.158492519259134,0.418904685482558,-1.37195869335706,1.25764362988577,1.87373118452205,-0.0505025007066461,-0.274531749761506
0.158529409681768,-1.78286012327652,-1.02864315725294,-0.0579967155868686,0.0770288222489247,-1.03187556207993,1.2259022805522,-1.09113460774787
-0.34883301611359,0.117382360369322,0.0751370802787439,-0.538769025574825,0.0684094046485531,-0.411931109939353,0.272587563471911,-0.405539262243622
-0.548380320857653,-1.10992033835665,-0.508844288783938,-0.888329414480608,0.17178060045484,-0.539672701335879,1.01319705963024,0.751853071972659
0.774879366234593,2.67934707684191,-0.188493494481191,-0.71462764534381,4.02900173570566,0.373564549492979,2.19873576918046,1.53098909761131
-0.221839952993007,1.02418922969492,-0.0556200456517464,0.999343551566519,1.64007224652719,1.23537759948097,0.291765541790532,1.71670457518341
0.0904786011461024,1.56211213260261,0.218545037620386,-0.649221470225067,3.20213712581081,1.2743908508988,0.442102628392618,2.40696954123644
1.1926415172647,-0.311790474474208,-0.737168780307813,0.211606922106418,0.506252270876677,0.464465730410858,0.236768787858658,1.02850944341538
0.141920028187185,0.433840038995092,1.1384526018684,-1.06148851152175,1.24373522075127,0.249973084560987,0.592209392600961,0.353081007622983
-0.212783489299902,2.04437694517612,-0.877885226164994,1.20159393384273,0.117404367968785,-0.598594598320274,1.01487183058376,-0.229502979763615
1.31841126261809,0.0936918672003897,0.185725525153059,-0.0619534155449249,0.141106398022054,-0.591196098371144,0.149821355161924,0.811334279006531
-1.13366230980486,2.40814871529852,0.650549651975112,1.6857915819352,-1.97241842806512,-0.629759078020322,-1.23683422481102,-1.02932110470665
-0.0477079984120235,1.39781373732548,-0.730522614350481,0.138014567233299,1.67618805711594,-0.715284616985454,2.37324851980439,0.938883588994086
0.285226933597608,1.02780028612509,-0.133879307680481,1.31107980440371,1.81529071116044,0.378993625911641,0.533603327801271,0.943648001530756
-1.28520574337884,0.0873526674558875,0.0678288937073135,-0.464105070243719,1.75405498030821,1.01675435859549,-0.19344203717219,2.09508183371291
1.47175066956367,-0.722894699666712,-0.206789541892506,0.982344894968588,0.239842285016457,-0.0299264490652775,0.598426251143231,0.918172435201683
-1.14229900177666,-0.148544496292586,1.36784073034164,-0.207845400546416,-0.82166319016208,0.327038891311526,0.255893449989979,-0.96015823476169
0.363362619414532,-2.27162334261548,-1.32330195791961,3.38190454237413,-4.28670250515094,-2.23676898733473,-0.455446658043184,-1.55553183091585
-1.19591114464296,-0.475937205098306,-0.0110222410064426,-0.595750051317139,-1.6027807142893,1.32688334641876,-1.14734740702129,-1.6837706914911
0.00429469904710537,-0.301706910327025,0.55213304528581,0.661935408666452,-0.872785404741734,0.414588786615451,-0.297551011296672,-0.679836253116818
-0.851913374030671,-0.765943199259175,-0.106944588632636,0.272566550201376,-0.0430483339860866,0.109199593336737,0.688641835671176,-0.651204009915658
-2.44355919120544,0.0046820546004605,-1.18651447966618,-0.76550834787101,0.563089465291814,-0.697260001441995,0.874873314697714,-0.49285190110659
1.06288889468218,-0.922226118959796,-0.213267725048165,0.106999259036501,-0.848447430240707,0.507331020067555,-1.57891043393235,-1.01712381844667
0.790853497921758,-1.56425938984133,-0.0980686605131513,2.38018834526706,-3.46040937183413,-0.0453912382444558,-2.44149800505501,-1.9232833320096
1.0520929557565,0.881218360197414,0.0692496739443645,1.29406069866617,-0.2693003249205,0.852497295621188,-1.3016877584334,-0.94696758124266
-0.996880986754833,-0.984786717560435,-0.588022251534337,1.77637243023637,-2.59998882264565,0.588598917483232,-2.26381565714855,-0.701034783621157
-0.703760743210831,-2.7276361800112,-0.0131469496370253,0.715406104099148,-2.44290119392916,0.980155362414044,-2.9134966171877,-1.05061300977653
-0.36816362783657,-0.473946976061975,0.162942237845405,-0.942359406992689,0.774504790169643,-0.505345575198864,0.50035178306144,0.588185920848066
-1.74653969006992,0.836443301693299,0.167449666455283,0.271909720038287,0.000130361877916457,0.207032234454872,0.832259824443552,1.05798482770496
-0.0409340753241994,1.42713749520721,0.245066873677785,-0.112339131726855,1.01422816308933,0.996226585314285,-0.59460471785619,1.14864269398228
-1.23531006967838,1.09200814761588,1.17710880896823,0.00145284655733714,-0.22015087867783,1.01316948744327,-2.92685293561515,0.267335151797773
0.630032316898813,1.500573723525,1.19533679860703,-1.35388915531794,-0.210082840992382,0.27333735678982,-0.0383952483064737,0.286190827979455
1.25689748360431,-0.85779439173107,0.45677835932965,-0.840150801670595,0.988203222474763,-0.119822801217214,2.58269820411924,-0.372417307140527
-0.584670309976436,-0.357410372096144,0.888104203378663,0.532497669754609,-2.42165949655869,1.01272987085651,-3.28274371026342,-1.93594329076825
-0.447074675626157,0.195799054163669,-0.695566650593937,1.34536528963375,1.77413504227266,-0.595414646287324,1.43366679727859,0.76935165655163
-0.500806876855142,0.399763067940289,-0.441695314612076,1.4740430575514,0.50283399698898,-1.79404946595529,2.03689390258249,-0.0133900168211937
-0.00174682525201209,-2.4048342519118,1.40121075234031,-0.395975405692167,1.21668524027287,0.248242101551266,0.824980528421246,1.76129863158233
-0.659014236150546,-0.283799191789678,-0.39090357434063,1.42242083012246,-0.96802886436666,-0.281910218397211,-0.339305331898703,-0.579088038578177
1.17995422751661,1.10182038572736,-0.9862784951782,0.870540484111162,-0.380818938467104,0.389251455514175,0.289860633854209,0.341079708961007
0.486130603156898,-1.81663466834127,0.179781644906215,-0.723361116296215,-0.113280555591844,-0.693487174589314,0.236181784138868,-0.997403481754986
0.353934171536806,0.819372340574931,0.594947125322357,-0.803493220328504,-0.289711288252213,-0.389312904943232,0.0220525379372773,0.774947638487881
-0.175694972000281,1.00303517533063,-0.334470365654422,1.07353238124722,-0.235176159677156,-0.613540263745822,-0.0239799842695129,0.584846895923633
-0.850998897832246,-0.762056201331857,0.0662147938925747,-1.38505534463125,2.0148995813611,-0.0506935636007653,2.01064636778652,1.40858038286675
-0.45453265843652,1.81139985327732,1.16784084636786,-2.27623593024794,2.54003792518819,0.991195531620041,0.134517077405215,0.150475531444929
-0.099432647104712,1.22910697973793,-0.328048765017608,-0.464175971718755,-1.04833349409152,-0.811746764284341,-0.0659014027833124,-0.807645044131662
-0.487937573120802,-2.00332847210847,0.0205320380908868,1.41903532836294,-2.57098380885177,0.630918039449867,-2.61368968104004,-1.3472999533697
0.082623836599116,-0.288751485805944,0.872258974477733,-1.38030916504162,2.02736323870962,0.636946234249773,1.5428547728238,0.496455193065343
0.749000926236059,1.65630399389602,0.469782059635409,1.39115639615065,0.325184146922553,-0.0769890790518003,-0.136858055008878,0.448575834970404
0.109216740771471,-0.0890933799562284,0.162264391905967,0.685501738433669,1.56116730432359,0.125184205605388,2.57788031527629,-0.708231321528062
-1.5439846497907,0.791964560364615,-0.243681416665597,1.02162048278686,-2.0384875316354,-0.956057715921841,0.648588614012101,-2.50017147788087
-1.46686805628036,0.510404994771694,0.331518465439254,3.36137862487605,-2.81078315154589,0.064667636103274,-2.27424747181279,-2.23499163852725
-0.0703562678495107,2.3853171027047,-0.397595043689231,-0.421311896141538,1.82112931169005,-0.888147231537003,0.978771180746197,0.552492262217608
-0.776175652149204,-0.922188900951529,0.785211267017859,-1.14715033196435,-0.696393760342663,0.615128422905036,-1.19757278149096,-1.36635276750768
-0.377442951535504,0.103180820216153,1.08572046092947,-0.0344153459525037,0.73463054476924,1.48071993279976,-1.00513830537239,-0.539896597594064
-0.304468767297761,-1.63657979574074,-0.73881312808601,-0.584135638289112,0.350796483929397,-1.24929119151934,1.39189398174354,0.380006051957032
-1.1649669836667,-0.364332881952399,-0.847192886803317,-0.0697295418328278,-0.274035620745639,-0.573806256754601,0.448992304990242,-1.45420236446487
0.264941133155472,-0.179106229381088,-0.670590724069237,-0.764778150139572,0.897731074134775,-0.299353298062763,0.748812112966655,-0.551024429588661
1.43822863111879,-0.264012986133543,0.655122789691441,-0.605401091732147,0.283248594053777,0.650140454178857,-0.434767887287962,-1.06849080160035
0.361104062310244,-0.316478328926028,-0.368607358383881,0.945861653119881,-1.32950282428411,-0.791385673021184,0.559109471033195,-0.711105689919822
1.89007558110913,-0.306908354265202,-1.11170492932974,1.64907478422787,-1.70123605154476,-1.03642484608718,-0.685407343240009,-1.76671474675384
1.48435479609694,1.13694690800833,0.0696472548930728,-0.827520878306138,2.87145366077663,0.690110760925994,0.821807282235566,0.942908903294547
-0.888800869579691,-0.944098957120282,0.0417523535160126,0.804639854753281,-1.6569698633112,-0.00355290442636212,-1.30247777322471,-0.379028144702565
-1.15897173462186,0.224811068800201,-1.03076282773576,0.253396046314735,2.1487315108707,-0.808111779086276,2.22880851305568,-0.454297250316178
-0.919046255033563,0.368884884543746,-0.46552292516527,-1.47773778281846,1.90369177475754,-1.56480177498648,2.9203134427815,1.12633241438735
1.83336147261148,2.43717579814151,-0.311608936522574,-0.708477134857175,4.15423819658506,-1.31674265295422,4.98591898441055,2.29982490334805
0.839089547999808,-1.2436054013943,0.843691340974154,-0.567030627878472,-0.894727396645162,0.692198754845465,-1.80521723652311,-1.52908802281792
-1.23401655043773,-2.56678652380117,0.161166199764956,2.80658586864486,-3.40218368000181,1.37599464014124,-3.51490182382503,-1.6104837685821
2.06486220075111,0.207086039073455,0.45500332855689,0.29774404166652,-0.0132505881084404,-0.133440088202919,0.160725309743879,-0.142032024888152
0.503631291442966,1.03782142688593,0.205100828501,-0.983162771597343,3.41656081811071,1.34371453759858,-0.529817563638458,3.34814554548737
2.03000682046717,-0.882464815436498,-0.438340559189912,1.62269451938823,-0.0620081325860489,0.716000951807299,-0.453389130089657,-0.581973529166878
-0.438696542108326,2.44847566153425,0.752285271434166,0.333349060347645,1.26611141167927,-0.83345306322826,1.44776471999517,1.43657859180533
2.45354367369524,-1.69219117786694,0.310200824668536,0.22371486507491,-1.31001503973574,0.174607147668397,-1.2056721444078,-2.07315239036864
-0.385368557958056,0.291539525035749,-0.93197914663853,-1.13144970688105,1.7725867425809,-0.459114027710236,1.31064557651625,1.63129234691664
0.58933370659124,0.942557864830799,-0.0983531367367628,-0.409150559565162,-0.785113136157724,-0.301028785883715,0.498798760208095,0.0422337276495673
0.0648401449203449,-0.086793522250713,0.222505367407097,0.842068259948395,-0.407014655085763,-0.114234915011246,0.739210670333965,-1.15870731449831
0.397853614876612,-1.97752518768668,0.0702870395379142,2.34271721179491,-4.9340991990614,0.444451118990265,-5.33761487442796,-2.79938852982477
0.542711144469028,0.860464462372142,0.840837099201574,0.101629151976592,-0.0490871729897263,0.490890642121438,0.160007905863298,-1.03967134785698
0.659689265824356,0.392402836573624,-0.172494397505796,1.70751447436984,-1.35611334221373,-0.677080677709005,-0.20902041138449,0.116524279778507
-2.13458427617588,1.74482114238753,-0.176243496272529,2.20408145692345,-1.01889261207105,-0.925293848627798,-1.10992297938909,0.424588207414809
0.107332524614873,1.88996556765168,-0.00559170582545337,0.565067667417665,1.00181956709418,1.39105800257958,-0.421828146778476,0.855423155991224
0.854067781236303,2.60383548395199,-0.177014936920997,0.0290444157125842,0.266821981812445,-0.123764888787341,0.76302340436791,1.43267249714544
-0.333970382766357,-0.484994473893979,0.15959491295521,2.26321263934587,-3.38339296366007,0.617919422376486,-3.04743386131514,-2.25554814752262
0.481353352012176,-2.13398802835134,-0.560709760993574,0.802198289057914,-1.56570817765465,-0.352089016800336,0.62388352227949,0.111779257499457
0.31395554547292,-0.840242987428849,0.949485204647377,-1.42446250038501,0.885041042772167,0.976079114062424,0.159626223353822,-0.0611452500844603
-0.814685364220945,0.627763921918437,-0.766199992044671,-0.815098361005126,-1.92203695811027,-0.9695809159974,-0.50749811691616,-1.50734583645762
-0.774215368297694,-2.81314784975266,-1.29567905871574,0.136002757373313,-2.33859416760981,0.197613132469345,-2.03229747358387,-2.56979939349084
-0.268320730270354,-0.0188526396395378,0.296339239368519,1.63429832446333,-1.77450111855827,-0.563496883676147,-0.725900285051561,-1.51951431193202
-0.146468614098707,1.35497428093285,0.301830321866874,0.459924574637603,-1.73103963107466,0.0258463045671902,0.120672610697558,-2.28593897420449
-1.03501111528737,1.3569169533182,1.38607385715841,1.44635129625182,0.287353907372534,0.472586546605307,-0.244790365559305,-0.245475704691852
-0.177233193060037,-0.410602190731575,0.423275476119206,-2.16759265507921,2.18075979567973,0.606314231091722,0.663259122435215,0.753864816828321
0.0216929538052409,0.101058706184813,-0.358889532325973,0.931364502048151,0.113705421764013,-0.594180887227152,-0.00874885032089466,0.572186135523991
0.22594337790974,-1.81160602008963,0.178936578886211,0.200253687154089,-3.80707804284804,-0.0295148205619085,-1.76007700888706,-3.02488489373036
-0.121365361318198,-0.0166956296378895,0.357612331480974,-1.84938817587642,1.78820225959611,0.913841439497224,-0.03541027696191,2.25576594463036
-0.0463711427707462,-1.65791209488001,0.553681137816426,-0.179616989302735,-1.91898339727645,-0.487168468031243,-1.93181379885835,-1.02561602574996
0.870365920619151,1.59730198483091,0.045933128939205,-0.358111155591311,1.00029380222303,-0.973327765598631,0.184513271048715,0.753135929417736
-0.966297648107025,3.56385339905255,-0.711354926915202,0.84212869424801,3.77164712127585,-1.35545071997314,3.18412104160549,2.58284606616044
0.683935589076502,-0.118689137125819,-0.207714934331273,-1.01930725066432,2.3607165064128,0.856510279022886,1.84491747915133,0.835472521592118
0.133900635098436,1.262844046151,0.00849002802769672,1.03110664975932,-0.480743915161672,0.345936307744286,0.353995204763641,0.777375997747682
0.349595664698017,-0.542312720883273,0.0978876842404952,2.38212264248308,-2.90268370079212,1.03494227794272,-2.12451100961847,-0.600584185729919
-0.658102288118584,1.87009850357563,0.0579641667751065,2.76403073348376,-0.728702543310483,1.56556126360729,-2.27798583188053,-0.869356419637072
-0.40444118130698,-0.698512468972617,0.000216081017346721,0.1391281473405,-0.751681652072066,0.734490238268733,-1.24383157058781,-1.93547851600553
-0.43699096475085,-1.34101582990558,0.105075589086614,0.7314727374438,-2.14403795368185,-0.0790612249583905,-0.322588988738136,-1.05754856042126
-1.09009705149624,0.179894010642288,0.984767417634991,-0.332177940558919,0.547370468314971,-0.0367283469377618,1.13624131504746,0.339487071975771
1.03179127948476,0.704512135870984,-0.04195563442205,-0.20277607939163,-3.34660082665268,0.160990004338082,-2.23536283501967,-2.56052639106584
0.60700647765104,-2.83644664252055,1.79704278562084,-1.7372178450288,2.11353220289329,0.70284323051072,0.0346152971240766,0.288361096855243
-0.901948477511046,1.78179725393993,-0.389372685201752,-1.19700636557433,1.73475781825543,0.216947999002092,1.47933331643058,2.04068238483915
0.15011608757979,1.55391551599421,-0.276819601610176,1.40811822924984,-0.259319378727661,-1.64859456184689,1.59815185841294,0.624389213155833
0.740837654554006,-2.48607966921694,-1.39888266478815,0.753785997014729,-4.20706937535506,-1.38877647051772,1.1633798680901,-2.35319370503952
-0.162392119104237,1.85879413220979,0.494992487803974,-0.509005775380997,5.5218223217054,0.684025278790486,1.51377204333831,3.25894011207851
-0.6333746198419,-1.7715122254049,0.837780461395671,-1.85945218712797,-0.667827073251356,-0.178618367492332,-0.522325398224084,0.897641657834573
-0.895520843035398,-2.40393527508846,-0.272764937322333,0.661051020445732,-3.33899093911464,-0.0350634570316112,-1.41595248213722,-2.99926694556806
2.03446530325508,-1.06893834595671,-0.09982040546306,-2.40206874178387,0.731365956782451,0.510749656412082,-0.222753489444171,0.0584403116142171
3.00326705675423,-0.308279650288517,-0.738258177014622,1.37149735152306,-1.94616046960437,-0.612137728653209,0.11699183141167,-1.09253662592018
-0.501701686364384,-2.13552060733646,0.211552629865088,-1.83763699008648,3.06607617939345,0.536082960575097,1.57184770205788,1.72154070881788
0.449888669201071,-0.276731388880918,0.8929330663361,-3.68902901665866,1.82922841091151,1.96258111483964,-1.21510147326293,2.09390269310082
1.31034811961536,1.66469804014456,-0.00880390650293734,0.238600080980973,0.832266778807127,-0.887192575866638,2.1783513899524,1.51893901122224
0.763481865416505,0.577920821946828,-0.332434220817724,0.19982978819385,-0.252168669860326,-0.533988358551804,0.600992583570302,0.0807982838375475
