-1.2226510664447,-1.14604235926991,1.47967817025331,1.06047056159164,-5.00018256697926,-3.74206674352999
-0.518355524231572,0.350594601598851,0.0656695575806419,-1.73899685692276,-1.55614242654604,-3.4117058246364
0.161583030011648,0.795009690360063,-2.35922223468018,-1.59963125688507,-1.60523658710111,-1.09770638432051
-1.60090185287775,-1.07580429506865,1.47721282360008,-4.13668598227486,0.607362752818043,-1.88421897806875
0.351955720821566,0.245121707049725,1.10951392533009,0.67029927415552,1.54759609442317,0.470036268388824
0.0789858471504918,-0.296359721003402,1.14040786227805,-0.729627897237638,1.0931542692687,0.822502588068774
0.0388276438512726,-0.8623496705479,-0.716034819810528,-0.666465297646495,-1.40267488696309,-0.682120627853545
1.65662506034872,0.0237434549159984,-0.615106414944028,2.2562140349412,0.732456067936225,0.49316690619507
-1.28731296792472,-0.59915513603165,0.479092182743419,-1.93380319631679,-0.803333350297223,-1.29165599309353
2.33830547604775,-2.13924357525848,3.53697380613799,0.063076965303337,2.45843376499726,0.498707123786493
-0.939723219934476,0.764725603497975,-0.269519775252213,0.522227930297478,-0.409110667644973,-1.98325145063012
-1.21484291405566,1.4668194684192,-1.81724334928138,-0.315522718797195,-3.74781932158788,-4.17224664966107
-0.804287767972914,0.953493042323873,-0.689247974387318,1.08442009898979,-1.11201702314589,1.49681696292508
0.555125943220527,-0.169806244376224,-0.378878817077358,-0.880305408102029,-1.09765035847467,-0.855321194774322
0.0720261976620595,-2.81185636573289,3.09654847269646,3.57054475210392,2.66094996892492,2.29132556392395
-0.506998039567783,1.66913176706638,-0.524540267248723,-5.17819912839102,-4.82633590002867,-4.49034213631592
-1.10460555544271,-1.16283145164529,2.7715113458918,0.697200200629172,2.65788720682631,3.74475501519767
-0.726350198714194,-1.40920436020767,-0.893945157819348,1.18646984765573,-0.488888167634305,0.160327412309404
1.22577689263865,-0.958797901616932,1.31609853954414,0.92530077743234,2.70986590851038,0.903345223604748
0.119233669047232,1.94729497180203,-2.15107963082907,-2.77831739687677,0.29426549210035,0.289146714293502
-0.823000498366648,-0.77085232312668,0.103038336493738,2.42173127140591,-1.04410073107,-4.16987805198825
-1.27118166466834,1.72944923825683,-2.51070773643047,0.124978819584848,-2.5052748059496,-3.49448489765221
-0.184440161563643,-0.265260651650637,1.44398340966715,1.38693528287995,0.208629354609494,0.167068180321958
-1.6402776549579,1.56212947353379,-3.2358902516763,-1.39654846643078,-2.92165381081677,-1.3957553300265
-0.439098324083457,-0.00148015245369346,-0.758822865575484,-0.127270435844232,-1.43994258572967,-0.549758011318236
-0.835972986348271,-2.01843087031759,2.73593275405223,0.696238487403014,3.27273256700075,2.87487588279165
1.55945787241296,2.46871006915419,-0.48912278163901,-6.35963504624255,1.20233499644548,0.602514120547987
1.52795821791542,-0.0924450114364064,1.04613877964155,0.932475634564975,1.52869379288145,1.45370497057504
-0.203486665853001,6.19226777677279,-3.97162491630419,-4.47252616106847,-2.90620155994604,-2.32648436337899
-1.87285976644082,1.14906468587298,-2.38323459063404,-1.42435852397511,-3.60693694104248,-2.8424479984423
1.06658849074379,-1.3297662818138,3.65989361323409,7.031871324654,3.74700265927596,2.12271423847955
1.05677107504204,0.43293546128661,-1.44928820208636,0.367183681361069,-0.830678458865856,-0.976894609278842
0.842088036144737,0.334743508813163,0.397151368019126,-1.16453718422932,-0.610718788767616,-0.881160049078634
0.825943828450136,-1.17111620565448,2.0758801137898,2.96268098896681,2.28924876758328,2.18509085548641
-0.29120100512991,-1.30425536646119,-0.51897557173537,0.163309847736633,-1.7647589625403,-2.74919429980911
0.825766360545296,1.01792675478902,-0.350226894288984,0.842159846899727,0.153255599967251,-1.16849854185111
1.37968800820405,1.48837358702403,-1.1626319470412,0.109995430260249,-0.560677653435051,0.648624834125944
0.204624251679736,-1.70393701481194,2.2378053703602,1.50272888635459,1.7766801120029,-0.957119949377289
-1.30333589034961,0.647266509532108,0.348168514959271,-2.55722240422915,-0.713875879733204,0.567029859980568
0.9527080712186,0.0525131732936676,-0.725843095870444,0.516185922730932,-0.418989869892658,-2.01156917794708
0.937148052051606,-1.51604921921391,-0.34415697818218,1.24438298600682,-1.03819408925826,-1.26762120681084
-0.506929918899333,-3.19861451123028,5.99951768655153,2.20391248254645,6.005130093558,7.24794171451905
1.66498024534427,0.582715991175419,-2.53383658365491,-0.420141790686925,-0.0270215991407297,0.00828960449247806
-0.966813308450816,-0.222696339762463,1.0697345889264,5.35182184983799,0.578287875338602,0.975176465599629
0.626658565587647,0.11122711388091,0.764701779874581,3.52811920639444,1.01272744821849,2.00754955072426
-1.70362309984757,-1.44168878550323,0.317254727545587,0.787565215307822,0.956053550847184,-1.8519303895004
-0.301957015403925,-1.60625636904279,1.76843986112161,1.40854315122444,1.48813968254556,1.68760163084207
1.64313817697713,-0.0386086710325685,1.06568187846031,1.96201026528122,0.192466380149152,-0.228866001015099
-0.667342493745389,0.238084471325892,-1.1394663532152,1.5616011355008,-1.18601138269814,0.8522335520289
-1.17087408642607,-0.734726460618032,-0.992319742881309,0.796028249649714,0.766589091930881,0.0501515672940713
0.939025105113344,-0.18086790730969,-1.40787282149501,-0.127159685206714,-0.97985221819984,-0.0667777558436411
-0.993338791612076,-0.912915383577435,-1.00814224877812,2.0987118124806,-1.07956102219452,-1.66829463267863
0.120380036866883,0.410772339320203,-0.119246360839954,0.779502330745684,-0.377985447885646,-1.29263080256479
-3.86841258756624,-0.187364253690126,5.34979442449659,-1.15592242500812,0.684459488490805,1.77376874595778
-1.93914332189567,2.03173746029457,3.27076456690147,-1.32371666728978,0.0629387439549696,0.513137382577804
-0.630677421869649,0.898022475870081,-1.60030599329173,0.75697686700303,-0.642141214612419,-0.110272181857295
-1.17781908491798,1.45577804216217,-0.836084508545706,-0.981888901209888,-0.300740589432372,-0.771253778287943
1.4525118726792,9.24254260880458,-5.84279287675014,-8.21331207763195,-3.43950940863111,-3.4529895337019
1.18840253532786,-0.0715282398461753,0.472469286249113,-0.512285885961486,-0.202820157170623,-0.583321659213174
-0.976281275144404,0.316508123217519,-0.249826224208394,0.492792828440696,-1.95182976971639,-1.59211069333002
0.778707209245781,-1.36956039560511,1.06535689896927,-1.32997013650988,-0.317275122207542,-1.57286844971464
1.0803248839151,-1.72961518164432,2.17746348158223,-0.50332738449614,3.07525920369067,0.997271896342786
0.544879941945598,-0.728969484736558,1.77076072485819,-0.235731167597553,0.81472251066604,-0.199404292573073
0.191915359652729,-0.269279160772714,0.643235207458712,-0.590894425583347,4.19274304926839,3.54371935767263
1.277223388954,-1.49774464598549,0.638656696288682,0.657105841778918,1.17521069447159,0.109043001811294
-0.759904542817904,0.373481680172799,-2.46531803313676,-2.00063667907563,-5.55845704615911,-3.43215164339869
-0.419990667342901,0.253611937826209,-0.0651287836637391,-0.436526088578439,-1.13822849719583,1.02581622468493
1.26706628749205,0.4443626726491,-1.52944740903357,-3.1673445608383,-1.18017795480074,-1.55413319307055
-1.25939120041081,4.01342066929415,-4.16457081701124,-1.53307962269258,-3.63577231947413,-3.7080830656276
0.430225994743548,-1.3274687619255,1.2742032079077,-0.44517027692413,0.463982741818452,1.30231719749971
-0.00157717751100787,1.12482361569146,1.20219134236831,-0.152540079051983,1.05652799190391,0.0290389939397026
0.639934188241643,0.650249587921567,-0.341594042400421,-0.655800276717199,-1.35079947123865,-0.160748864008751
1.19758460327628,-0.228855349297982,-0.796212744968853,0.135008358381976,0.665432823646343,3.35842935368971
0.114415506678596,-1.21511918039961,0.977804244351908,1.43412501544952,2.1595703037787,2.49472550153537
0.415232628750619,0.17977285242907,1.25200895376754,0.9750898647897,1.82108807894896,1.76393982581728
0.948419955165685,1.72002249351692,-0.285900181501697,0.365468663830096,-1.08519422444037,-0.97757573233361
1.23049605003208,1.50994111200679,-0.220406177323791,0.401929204457929,0.598216476628766,1.67317477373669
0.297627224119819,0.582508927597187,-2.92648658507552,-1.06170613119149,-0.709287444998397,-0.248785911149383
-1.38954440757434,-0.968943766879956,0.243705014620265,-1.88274253549428,1.1733127231212,1.09324423883094
-0.0393435149225736,-2.34818029949242,3.38650492818737,2.28758514062868,3.15663396875496,3.38353101311577
4.43108158050605,-6.18038409797094,5.64756950072373,5.86403517529298,6.90515758975412,6.40018437140583
-0.2299940521897,0.321394430367088,-2.0275238416452,1.25286719487253,0.403965527590527,1.53777150857265
0.751788571730804,-0.0173172060226071,-1.0735317137116,-7.35897947868377,-0.84899815511394,0.901753071758614
1.35284784429041,-0.836325696549303,0.165867045530113,1.27771258118228,-0.25766137413825,-0.129741713599765
0.982018046445484,2.48993103289686,-3.17817824642987,-0.0986607425696793,-1.80181307005808,-0.557380147850767
-0.0019392164645382,0.773066116211591,0.249532042124997,-2.23642702622206,1.0683360252342,1.32598387243417
0.481943475098251,0.688333061517193,-1.40059950702625,-2.04601443018299,-3.3935257907376,-1.70657449276063
-1.15874640011855,0.594937724479011,0.803894081581835,-2.47485195743571,-3.08652227472029,-1.98377147916453
0.611954412400134,0.739750559381576,-0.770535718117622,-2.98503499213552,-0.779206910962608,-1.39342259015212
-1.06424276296703,-0.451318184334846,-0.221860604055061,1.36923114139607,-0.302607542980273,-1.19826352909949
-1.02475724212659,-0.757938671105413,-0.165568187345686,-0.450702261794847,-1.88150378677787,-0.497941206473614
-1.45931704237278,1.39978944061777,-1.50395725589026,-0.863940676697932,-5.6200147870537,-5.74158959581689
-0.834811312214748,-0.0964654727594449,-0.098951445636373,-1.76917630390191,-0.966540171621406,-0.426874924878764
1.63528371735272,0.0802350405019895,0.68365777150498,1.28327324787414,0.669946911129548,0.515402350170137
-0.56128275620885,1.36096997489428,-3.946804285991,-1.89087100270586,-4.40912538369735,-2.73154247874015
-0.142694876285691,0.400711722098328,1.18899149186527,-0.267281454077742,0.368654805688596,0.211374098034085
-0.3571344285175,-0.747384085206142,1.46443693065731,1.64205230945748,1.20789956380897,0.40348701939167
0.486883055517089,1.39146153554198,-0.85333725766339,-0.297690607761602,-1.36751788189111,-1.56358405121967
1.09313608108267,-0.170667343071972,-1.43344593784138,3.76244639137004,-1.29225023739722,-2.52997104073781
-0.151078072335909,-0.741432027447555,-0.395680150220189,-0.172025179357302,0.892880096213969,0.537356056151871
0.647750576804131,-1.07844087292066,-0.350248140373081,0.489043243391264,-0.253201018151843,1.32576700159115
-0.358968481415949,0.94170542110913,0.13823536038491,-0.70966814554093,-0.0349330564879934,0.210726568050946
1.37870246389984,0.499771068132314,3.06240572253744,-0.172146574018322,1.71585728865135,0.32139372711025
0.654054876094875,0.45425598782201,-1.73075566987677,-1.09700937975955,0.542164800638573,1.89627211359934
1.11735986897194,-1.787704408307,1.3062201513326,3.15303678778158,-0.720647969273319,-1.05501726395112
0.558580397631101,0.602356385252003,0.608403034115189,0.157885101349456,-0.405417525625039,1.5661267451444
0.473735650791755,-1.53839176022625,1.98306166723544,0.933763906598259,-3.57626587921879,-2.68490861346568
-2.93574932011363,-0.379307961210779,-1.27463250889129,0.227884667445683,-3.5758941049474,-3.56718974116794
-0.755305847812031,0.760927071188883,0.796707814730118,-2.03272277316885,0.951429149382664,0.754883099440758
0.417655206879524,0.586911950537674,-1.92985488867557,0.084594611377023,-0.337613412732178,0.12396870165081
-0.501508430426706,-0.710669606162927,-0.316621080352927,0.921727094199794,-0.16279598465163,-0.362543298126685
-0.508389695159341,-0.225704192900386,1.54618141360526,-0.543262453430979,0.510602786049444,-0.774808891947965
-0.604182760905053,1.14549606955136,-0.152465773660171,-1.25019810710467,0.710524639959259,0.93586202436684
1.57829927176666,-2.06129126119752,0.458398065312104,0.589315541277954,2.37893796967804,1.99472426361674
-0.833322321936274,-1.43876164899294,1.14465350805599,1.39130619361858,-2.28753356990592,-3.09991842669411
-0.329293839528265,1.19073711342744,0.439243172978498,-1.75387683042368,-0.625677248943456,-1.92655482801687
0.000540021596014014,-3.2435163581425,2.69006781356497,0.951661636349049,1.54391165817895,1.38779676160223
0.350998120860303,-0.654787031439876,0.262993386654971,1.12448440441855,1.53453465426201,3.52842578378636
0.448241836643668,-2.06564115004891,2.30432440597887,0.24807422305801,0.829448672526468,3.02517459584246
-0.00915217514326828,-3.2762218954899,3.39101214166235,1.35737801633169,2.85454485451019,2.62330718451927
-1.43836710988938,-0.96860587739329,-3.16740833516922,0.728021191167358,-4.25366871412399,-3.8910657932014
0.590344304551736,-0.521428336040948,-0.61693532638844,1.05991189487033,1.23689835540871,1.6756450839844
0.557971437249105,2.48868995065737,-1.63005299647737,-2.74445160821336,-1.60455842314042,-2.54746650955077
-0.35809934793749,1.21444527616283,3.44411077438352,1.49066307529413,2.1189348163346,1.60744113260583
0.869900564346008,0.143138849792011,0.638930529593587,0.269103681369657,1.64140084055831,0.361532715953157
-0.955436863466235,-1.08725707916236,1.32029929576595,-1.82496912648017,1.54224666516446,1.86816473136966
0.566262171194483,1.43221037059318,-0.33145057556684,-1.91695280788965,0.781137596677134,-0.351247988057358
-0.87439186908523,-1.45938003083773,0.734000587381055,0.785562351835147,3.5598529354384,1.79824578771312
-2.59612411067034,-0.603508941406614,0.357065966348533,0.365047904464832,-1.34767119803743,-1.0816378708188
1.20105468476717,-0.170296664698816,1.51511580475451,-0.232114096103624,1.18254014462774,-0.0768942178334443
0.799921218638803,-2.00852549187376,2.09678611636345,-2.97478387651348,-1.72265791125733,-2.74867946227111
0.0895595442441033,0.994829423159762,-1.65517839603317,-0.0588417510555365,-2.0950873308658,-1.09909333540987
1.56055069055591,-1.57755245842452,1.29830527133797,0.195739357907421,1.98578271941276,2.96092376304177
-3.17474438172245,-1.44148776818464,1.98233689889645,1.59207812169358,-0.376681339265173,-1.1328402760068
0.0425336173576632,1.09708004051878,0.0743207827138268,0.0884379507149295,-1.64637180732234,-0.538368339996609
-1.81621094680947,0.239163444332866,-0.404014986279454,1.22660968578745,-1.69521170487079,-1.30837390622901
2.48934528992654,0.365712454814136,1.38725706345414,-1.93330141411337,2.3550212441421,1.08589140349455
-1.09665103777307,-0.455402964684395,-0.247122756901625,-0.69500403586388,-0.810546573217543,-0.351276018173942
-2.23413019577044,0.0146533082724498,-2.51340870917895,0.488423650112039,-2.80747438707246,-1.88018998902916
-1.12828511117908,2.94957734462396,-1.64697878339015,-2.01738520007189,-2.36080156494216,-0.0409301049386464
-2.00003443826014,-0.803399094528109,2.12150290860672,0.146297704835145,3.3941660305431,1.98402045962146
-3.83458550318142,-0.720153909237893,-1.18176620361939,-2.03073935422807,-3.08357873299957,-1.88259078071919
-1.11571760126731,0.032261867340523,-0.324764469725331,0.610643486982312,-0.345347208080641,0.389908704895786
-0.276039010454668,2.05683228316661,-3.51392967859369,-0.62695745207489,-5.90236193007101,-3.53008184852965
1.08343338946882,1.34202649266757,-2.20288415116011,-1.77356254855877,-1.47174418159916,-2.00661187132472
0.280390008697725,-0.529226474806987,0.76044816782564,-0.64749784848611,0.00832811997322769,-0.538752424408728
-1.38560182638028,-1.11989813230815,-0.893210800975708,-0.474901524188186,-0.346622305095711,1.34613719570141
-0.670457276261607,-0.230958736905323,-0.898650761658968,0.222387388488401,-2.30152062076713,-1.58001634233154
1.88622868357222,0.272961192400891,-1.6603278078447,-1.53927377828948,-1.28260972244201,-1.70230164753005
0.297894650540482,0.187608568560645,-0.200378821435807,-2.06251764883213,1.19257674750814,1.42854118930325
-1.39870272939988,0.20313235359509,-1.99411258611973,0.292888402645216,-5.21963690907294,-4.32457796868228
2.41084550124054,-0.00139120624015551,0.784837158464859,0.585266121017478,2.56917233365351,3.82584900161919
0.411677269580918,-6.12263933578116,3.26515007044486,3.25362756079502,1.6507753693601,0.999729523020796
1.02778033051912,0.0286319806852075,-0.307339054377645,-1.93622196099435,0.596152882640202,1.67013092343885
1.21948108071494,-1.215230963286,1.70398152214006,-0.064878711466232,1.96968599076384,3.59090218516937
0.0927055138140349,-0.0691369076622483,-1.13716429260104,-1.07214706572812,-1.59183159112439,-2.52531552030459
0.0449853855085683,-0.102917451567142,1.58980275440038,-0.617553309643626,1.51721677898635,2.65410385750665
-1.40170837499377,-1.29518760459721,0.949822476777292,1.09905605554354,-1.41278723794734,-0.181119697499436
-2.3948601272327,0.545126698318045,1.34187841462438,-0.327241383924193,-0.0464333870136558,0.217898979222213
1.84990524123246,0.00555003417147964,-0.918998352592833,0.560899627866616,2.90047173940048,3.22813689594131
-0.886544000159545,0.578307054178838,-0.939187091698622,-0.857284537777386,-1.85907853601282,0.0949157148973863
1.06172259745403,0.0578948096309282,-0.820657820861819,0.894015389095168,1.07309161011201,0.819144730615785
1.10834369292669,-4.3980886192472,4.53958382209264,3.18421280582208,2.54462129202087,1.45696663898968
1.5041794691922,0.840690511116546,-0.832200589909115,0.998183593064794,-3.3851563662835,-2.99849053733953
1.57919749560608,-0.442709760910445,-0.904712978474264,0.487062352824276,-0.787334136162517,-1.36146672595096
0.770403419234219,0.0401200863880224,0.143009898568383,-0.382050247089059,1.52442344092912,1.17035976570078
1.65044436921218,0.0739171171961541,0.170247468717127,0.666819804544901,2.0974711500587,0.995613975681785
-1.50136267390112,-2.01401659550281,0.372328064800988,1.23311026452643,-4.66609667293966,-4.16727163222491
0.773628525760705,0.0252919341520291,0.36606199132714,-1.52421194011633,1.07053923790903,0.982947821104671
1.26002442353837,0.787215949530868,-1.80709858977252,1.85514544383271,-1.01034981063269,-1.80087708831092
0.143518767621183,3.38661765999883,-5.24006337519992,-3.07845623112104,-6.66190725474037,-7.24803489748363
-0.67452620980174,0.976237624803636,-0.250796557750873,-0.45251999896008,0.146500030705469,0.853868309955357
0.386619124615248,-1.03361915666424,0.930619760288258,2.19830635139236,0.588672182063854,-0.210334325644846
-0.474019607817541,0.109158056489566,-0.479258637499379,-0.732868719161914,-1.07002392197765,-1.18611937639884
-0.546969698256455,-0.470017457030749,-3.74989156489983,1.33859815307467,-5.37350158968931,-4.13911479742071
1.29781334996243,-1.42607193110902,1.80068211826729,-0.959532682356675,3.6823408272316,1.98055906292363
2.17391833765463,-0.000601590492363535,1.25914760040156,1.14527723082718,3.0306498100191,5.92546370529512
-1.62792693247509,0.0611472574803126,-0.799043471633214,0.472271499910584,-1.47449963185318,-0.368232716653435
-1.69510683669204,0.828401149211593,-1.28870867020373,-1.38136202860085,-2.64572846592271,-2.699875325415
-1.51881695827568,0.313474254296356,-1.03041885460306,-2.02629766860838,-2.3120009470424,-0.465670287855408
0.532520406411086,2.27909418074925,-2.88937652543461,-3.07556619771389,-1.5467549335373,-1.40632306688021
-1.0690810442187,3.84203991141923,-2.6625947475833,-0.908401382809052,-3.47485129019336,-1.75623860896872
0.358923009119301,-1.79789526884344,2.10885026685102,-0.137209608977295,2.4404349589549,2.90680138907532
0.527984305357495,-0.10569639338198,1.14993550298613,0.404863397152773,2.3914767804576,0.979359642190335
-0.631468128858506,1.10876396978173,-5.36831097264869,-1.06645960125886,-1.74061872716851,-2.49378407931369
-0.453866732499844,0.596976436933419,-0.918050923742555,-2.71395837543359,-1.88571493228692,-3.89429225402611
-1.28559552691288,1.82341734155942,-1.63558545373909,-2.42671541708638,-2.09026501718128,-2.03939801210699
0.727467719460753,-0.436667798651079,0.0508917795215494,0.590832348446346,0.526809783217406,1.22809066065865
5.57364491090055,-1.19481626830887,-1.07499398083278,-0.142668047447609,1.39622884281909,1.20244492555356
-0.682445415866542,-1.88300771398264,0.393592150100566,-0.32797515468927,0.742139543326264,1.12203067829881
-2.17403643227178,-0.9950779344912,1.04310598281794,0.386464463699026,0.0659651243991127,-0.842617632025039
-0.899970437848614,-0.159874829632204,7.1976369451423,-0.077545277085347,4.13938563130697,0.219081823753873
0.889779488384509,0.774098319984448,-1.38896897402507,-1.63645214712048,-1.56405028820101,-1.30618869924045
0.924440585160996,-0.814833624527752,0.402466988052985,1.09650812999929,1.26555644768426,1.59308148999626
2.32176523131151,-4.11119241913544,3.84775162933268,1.96578073235339,5.05572964729457,4.71325139302483
-1.40330584628742,1.66858222587458,1.2745562036904,-0.911027491256213,1.68313012903589,1.72941644961274
0.126012097793527,-0.6112836376932,0.769485831293369,-3.02958220821353,0.868641363211798,0.648022909674878
-0.381927587622108,0.996191048470491,-0.816056350607431,-1.98431436471715,-1.64932757192769,-2.38403182175561
-1.35533159810053,0.930010260128752,-2.33191533395041,0.317966178872421,-2.24212084409748,-0.430975624199106
-0.890006469479523,-0.0238479828460453,0.0765127776256564,0.492920336721578,0.937542419000528,1.4045062216239
-2.19029289678658,2.34342932993811,-2.67753972044415,-2.24892044471769,-3.55053545153914,-2.48673467395175
0.558813391989641,0.690071453439754,0.0868281548543006,0.659248415697785,-0.473227821547903,-0.185888591775721
1.1741488013005,-0.493220823979723,0.65147354536149,-0.150317475436478,1.70498494125559,2.12729056654305
-2.45238820923787,0.9530104052046,-3.75086572471772,0.0541152607190364,-3.24176382611024,-4.62093699909046
-0.354815905342498,-1.10584259607796,0.866115464354498,1.04115172385255,0.00252728002917896,-0.361284495165058
1.47138875503431,0.335218484692434,-0.735628242741762,-0.365370581916329,0.942473908910489,0.529636493754275
-1.74962121656664,-0.368445619612354,1.23549270197763,-1.11983095624035,-1.72143160649373,-2.07606812877885
2.22820451831459,1.11073042886355,0.519599941539232,-0.653004109517043,1.09035838089423,1.44896464640483
-3.01549742620022,0.545835238462637,0.645753185900059,-0.383627191044673,-0.277638689654289,0.591605937006934
-1.57224778097134,0.108074818456021,-0.951281476018388,1.00273212371559,-1.93303972126919,-0.595742371533193
-0.640187920908238,0.0988730811506301,-2.12675814352599,-1.33318543503227,-2.13094383585662,-0.689137292359102
-1.16392080922525,-0.513729720610761,0.841652309116608,1.06539079878483,0.637757206994538,1.3083591387402
1.02203103830248,0.417346528509207,-0.335258515620522,-0.839855405754338,-0.983179862966872,-0.822965330181621
-0.728322356428235,-0.642040882076002,-0.912321616129627,0.0763647535417981,-3.59869084949587,-3.28365885204973
0.844870802320734,0.135176554903385,0.0108840680047522,1.89485473641847,0.834080628220963,1.03560327014829
-0.834964877571899,-1.02113486249756,-0.294300557570256,1.05186087660493,0.477116895165229,-0.671962102238481
0.223720538266791,0.193651971479432,0.589538263494476,-0.0928998244187748,0.0614662691556814,0.105127290927156
1.51972430858839,0.359936307213942,1.22506778643338,0.503587564166701,1.69185688801015,-1.71918023186646
2.00396001478557,-1.17178975106344,3.0027703583448,2.03985172074087,1.97593931183496,5.86101570544212
0.619644779207045,-0.817324849453966,3.20286626407336,0.993654221272176,1.51307027404297,0.598676452589044
0.0642346459183437,-0.197674128421352,-1.04991992320699,0.0664272604463761,-1.36433692308181,-0.934116516634053
1.62851564293316,-0.504877277763438,-0.116539440314726,0.736166611135261,-2.1087599838,-1.78701362278735
-1.31694358079214,-0.981250674690031,-6.2627580238413,-1.53298724780541,-5.91847291834952,-3.37248122506211
0.680997735541787,1.08709979414564,-4.07476665889356,0.460938647570357,-0.997683049649496,-0.660001765209308
-0.581626537741479,-2.69115443908889,3.77343496702358,2.29672265138934,2.54779717273944,1.38460765197278
1.92236063812327,-0.451952090661229,1.29443385081857,1.01728192665892,3.18350184841753,3.17757037335039
-0.143894223992263,0.274041615537363,0.0149023715067162,0.82717885626924,-1.38310027505011,-1.92871159301386
-0.0636205372877437,2.55226452100201,-3.11050628234044,-2.76676177631011,-7.49419191753456,-2.69859527681696
1.30903881450737,0.0280965042685184,-0.842648832439401,-0.58702189339443,3.16321195343694,2.2477090397243
0.788590776433728,-1.0811467958771,2.71611698212617,1.95281903923526,4.03368335095715,4.46429814348976
-1.6202059779821,1.13789888112178,2.34865949136753,-0.755568415560896,2.63073754372212,3.07793005836743
-0.518677212324739,-0.161767812219234,0.116149540981122,-0.109415523113079,-1.53759408101777,-2.56103556516725
0.666789800155776,0.0327609894931554,-0.726724328154286,-0.493189189471561,0.597552567464083,1.45791300685704
-3.45346147249099,-1.18469878667228,1.02360623416621,1.30428114149767,-2.16221499769925,-1.99689451609986
-0.813526553212239,-0.190879684805921,-2.93473142796096,1.45085758701121,-2.4025866621679,-1.80936482698373
-0.4226496282312,-2.16608082319825,2.81784671749357,0.335576448468302,2.34664790000044,3.10087554379988
-1.34261578884238,-1.5448210499954,2.17633222621594,1.13176751589526,-1.42909226453526,-1.13379520484674
-1.0870410449962,0.977299514001431,0.330314325905483,-0.842103180696457,-1.36104715132031,-1.1178770918722
0.459383557207424,-0.073655880972083,-0.0892925429273545,-0.295602231750174,-9.9115234618009,-9.41413197369154
-0.612135934546037,0.408326967685427,-2.50976972491668,-1.12189603625177,-1.24822596159283,-0.208074671112912
-0.188037005614758,3.70683473213674,-1.82670581369596,-3.36816967748066,-1.42986574055602,-2.69607380589695
1.25583242380891,-3.99589997292223,3.43103287993968,0.320072651711904,4.52027413749411,2.62171767397615
0.561310499683267,-1.78020830648907,1.52960434854456,0.87984571266868,1.04193051173237,1.37519165749316
2.24956892433205,-0.0371781711596925,-0.637770268562587,-0.140791253012089,2.18568537018381,2.21474677872246
1.37721241088997,-0.360805284805477,-0.0275298775075145,1.75811596015637,2.30462404329217,0.964561150601547
0.725711971076318,-0.363822133848023,2.99649985696009,1.07933023721979,2.6639617549296,1.9731780685462
-0.204970772427963,4.57701941270994,-3.11470230379936,-3.55906308199982,-1.70357665196913,1.61902346067203
0.423015703451523,1.40911768622558,-0.0422933829557153,-5.63703437951605,0.215721279686588,-0.535657829566874
0.42560132522401,1.82439742938946,-0.161730487548486,-0.363856583001505,1.5429763250593,1.56863359583396
7.14675806868123,-0.832650507270126,-0.504252413580422,-0.0271136531172099,3.0859109623597,2.46100219892516
-0.518950204192885,0.959329209796281,0.199615323288178,-0.782744303772614,-1.12101878113597,-0.350346052162068
2.27230325882612,0.253693280240596,-1.18988578273086,0.810408836823552,-0.939726264522399,-1.66623396952829
0.0428414309657962,1.67118336148352,-2.03200518467399,0.236624865653837,-1.17017899018187,0.196344915224465
-0.976289701500243,0.227283238440991,0.70463925620813,-0.611014090145655,0.366859703782561,1.78886034829431
3.86249289617831,-0.889170760374599,0.156005833422973,-0.338894735871494,1.98785598639184,1.50448899196196
0.53779773901761,0.0331978600609822,-0.608515801917221,1.13242057312238,-1.52240487595865,-0.118247252286149
-3.65038750669107,0.991172912989239,-1.14337777293152,-0.344003347180189,-2.58809354611418,-1.11597548190799
-0.477003511104861,-1.21199229318742,0.409228183128444,-0.706631568403011,-0.630001988070316,0.40222462755883
-0.00189890024898608,-5.67289628363913,2.16059331395489,3.72841671234552,2.95936764735585,2.32712335562614
-1.90148451759232,-1.30562000926756,0.684924747435501,2.55659032350957,-0.421756541865826,-0.34537247312959
2.76289328945322,1.4213601992344,0.0154620761383664,-0.705563424170399,0.862515648801033,1.69314665997561
0.948880243247225,0.808450658035349,-0.75087217937014,-1.37910877944287,-1.23561407034699,-1.01076607053797
-0.714015414248913,1.91641835933618,-4.42543094442781,-2.29108053263255,-3.04368704383551,-1.48546744860802
-0.717505602912584,0.0750606028801915,-1.81876664452816,1.02401150670635,-2.88277096029362,-2.34903603554998
0.231267612081312,-0.470902692829569,-1.1307900634176,0.256107867657112,-0.402067462717255,1.40166830184664
-1.13299863286183,1.17276764406107,-1.11854213462502,-0.828597673488318,-1.92550406212953,-0.655662485450378
-0.805684399276507,-0.929046471310981,-0.19368894115297,-0.632883499417183,-0.891963365898292,0.565925347372395
0.143825208491604,-0.76749916011184,2.85227511234068,0.13870328128728,2.77258612459617,1.08937135166419
0.243272433406947,0.94851797596579,-0.148400353537408,-0.608189281566303,0.561050263340309,-0.157490140391486
1.19916853940633,0.0124438521415026,0.320501019538942,-0.0831842341063145,0.333895963822627,-0.914831269256342
0.654883092925101,-0.550461171471573,-0.284785018831378,0.572896564980883,0.706599278087884,1.12578436367722
-0.389999125057428,-0.577599592422534,1.05792768080117,-0.859925374468597,1.12643207484962,2.12924950170785
-0.265221959573117,-1.51621066706186,-0.276487990890917,1.15959992513379,1.45655389811088,1.50434967865231
2.33020157220395,-0.0128538399257637,-0.266113134493149,-1.11343572692698,-0.83391626823196,-1.18919909985214
-0.824655494997159,-0.916141112408082,0.840106974884363,0.624666618774541,-1.36084595184469,-0.261441038969118
0.754152142052844,0.721492408665839,-0.580261623132182,-2.81390571381126,-0.193721689086155,-0.432179098313241
0.497809039732697,-0.86501374190606,1.95878798045279,-4.20586338719528,1.91140835096368,1.54740064125036
0.0861926331846956,-1.10895489812255,2.60679094965029,-0.335661863360275,3.24858551421803,4.57913857484083
1.08493189794541,0.222800650943945,0.845329488553983,-0.965473260573483,1.08505589377939,-1.74488962926404
-1.04287754979701,1.02339530910852,-3.78373519559095,-2.38116920630118,-4.47107694583796,-3.3504348775891
-3.65167903426076e-05,-0.431303756443497,-6.4429960629007,-5.22764448927234,-2.86689698855283,-2.52587427578974
-0.143512982006127,0.507963586227615,-0.34482932094331,1.11771337795638,-0.879112131677588,-0.412594405200279
-1.84242416238871,-0.811491720722668,0.181962873770741,1.04955594082409,-1.9155085955055,-2.5605258705505
0.735376760479567,3.2394807775432,1.30829385092777,-2.94631310555457,0.0250130424423305,-1.72439962147665
1.65497769368873,0.555071742138384,1.88468059019125,0.905035898944713,0.903782297297169,0.690582478899698
-1.21181166806402,-0.805124490321294,1.03032598513935,0.0212803002379598,-0.597218253220341,0.341640398720097
1.65328892837351,2.82865999687301,-9.22009840746921,-1.03970526029823,-3.88314889102161,-1.28076059963112
0.431374801738932,0.0960739848353353,-2.07584439701816,0.378449729431373,-1.43821884022794,-2.02396043486587
2.33774422651376,-1.49131521274748,2.13941792529413,1.70394750198298,3.10572113690433,3.02632170626414
-1.08461204165882,-0.178719680477978,-1.51923118006578,0.616226325668027,-1.37893090177412,-2.11943910942483
0.765649801582359,0.856163273213118,1.89192493549855,-2.30969593060591,2.20990164400187,1.05330194164645
-0.812375195925696,-0.143531775665867,-6.24587541083,-0.964935575076168,-5.66043060295882,-5.01145129705043
-0.885429324572499,0.458061473354101,-0.126652335644262,-2.0087397822812,2.69092167623022,2.26462567879005
0.559199602657242,-1.32092885466919,1.27719364225396,2.34779792787219,1.7546443819996,1.01560732569941
1.43515164615971,1.46667909254524,-1.08560499226167,-1.32365690812304,-0.952156423566788,-0.743692693984646
0.313533782543644,0.815521079816133,0.528673083873531,-0.507728355884471,4.346016553225,2.8169033516145
-0.436462447917353,0.0797925122945729,-0.16144305423778,-0.0529862684770947,-1.34609205791932,-0.866512928780987
1.28766144452384,1.31193517127855,0.272129373935031,-0.94672565937752,1.74126712958604,4.56929293718797
-0.198609402440059,-1.59281485020299,1.78036578990038,0.348851989032402,-2.95533274885767,0.143931107766737
0.988320370353636,-0.181603175682827,1.53180371424904,0.253482184514726,0.404049082213759,0.975489630451227
-1.69891515337649,0.794756453312709,-0.635805162666877,0.0753346134969494,-0.390220774440245,0.444139822915447
0.951054463328693,-3.84380436303344,3.30902055673338,2.37890980892395,3.79116963118372,3.32690979248882
-0.990493132212741,1.0563668309412,-3.04476593060593,2.59294098663069,-1.12086135779357,-1.04755247495691
-0.67526398600094,-0.889211704765923,2.5296244252031,2.41230160562552,4.34947262579031,3.01444430772791
-1.45404555203755,1.34066888019972,-1.81297672223787,-0.721368647126785,-2.49616031259004,-2.91153236512408
2.76182718216032,1.70321076605985,-0.967469254240792,-1.81936955668159,-0.667044544275896,3.16669184608707
-1.36069870037751,-0.477769385276965,0.406808417820281,-0.239752985507203,0.60764940804124,-0.616361663316789
0.158259593045135,-3.69333723199362,2.4081363278598,0.597121321050725,2.21508913881575,0.888745952135098
0.0232553842666291,1.16294942143566,-2.11170768812391,0.719366361177562,-1.67884458895498,-3.07502067113018
-1.139380955724,-0.178681629853578,-0.914847854667862,0.415617467934447,-1.43313375276027,-1.95895106055463
0.560979086658859,0.952174303933337,0.434838805313271,-1.33947472237853,-1.09782055010879,-0.873904618631465
0.880739241882586,0.860979207744617,-0.71741389011372,0.124920403852924,0.0934452255414054,-0.16926811544085
0.905470047581189,1.297299189386,0.149556504912713,-1.16840100267575,0.19738496300166,1.94437336410706
-6.47489338883975,-1.34803157258585,0.779913450254136,1.05381209205784,-2.74920687069368,-1.91291550092613
-1.05535780741521,-1.09132280731646,-0.163576154974555,-0.0539882943125279,0.194519316475413,-1.47415394042929
-0.44916615745777,-2.28096670027188,3.10860194084242,2.14066162061506,2.55412844932725,2.78100991419329
-0.011680581328184,-0.0191647948179927,0.597632388584688,1.53298458923387,0.291879890337008,-4.85488706007171
-0.435426239228547,6.76139660911569,-6.94595369323609,-3.94216395257652,-5.16441976261167,-4.91251199839528
0.78874181122251,0.0647620302592844,0.160851706343668,-1.44767788342795,-0.96844855827152,-1.72973278536918
0.0213681300512082,1.41568011309578,-1.08968553573922,-2.29643847567732,-1.93675605562916,-0.704079983552164
-1.0567840207805,1.61471377816788,-2.18959274720117,0.992527701759526,-1.6292110902228,-0.126662360260519
1.15368736847539,3.67338898733746,-2.42431486648725,-2.28789703595532,-0.574637583626836,-1.79903958944879
-0.517075200229511,0.661328907836583,2.2550814320237,-1.18005600016395,2.80738729154134,0.857405552291481
0.242667301966537,-2.30102746255404,3.43918943765301,3.78425855677288,3.48935517579358,2.51265057446953
2.05274935019536,-1.38239560382313,1.38070219386403,0.674578609927515,1.93547078106354,0.775269154296997
0.0883123014828817,-1.08273390193775,2.04348598654627,0.981204948825178,0.475738002024599,0.196678871423109
-1.10612143150763,1.52426606624693,-0.447997558154405,-0.255251334104923,-4.75216878817048,-2.86994020012559
-0.540189054512376,0.83091726412197,-0.206258288072102,0.321150081314975,0.751368094810739,-0.121754379019239
0.117755643292104,-0.856690929857482,1.09106419771561,0.457295160210304,1.7348278862514,2.37109530383905
-1.55590536218703,-0.935771653568696,-1.10353747098144,-0.0936330267323079,-2.52165715469919,-1.68701827151326
-4.12257422614724,-1.48383269069684,0.976385149105709,-0.934194099649077,-2.78965066779315,-3.65158384197486
-0.716122418920434,0.605535041324524,0.407983406929827,-0.824576385651861,1.06592438170149,1.50593562836536
0.742515227632898,0.509686924941108,-0.638536360971512,0.356830656276832,-1.12576665100146,-1.5105257180362
-1.10113478004804,-0.984373071162986,4.38016478961778,-0.506663371332405,4.71145144947933,5.17072062558325
0.905008765065701,-2.4119840091185,0.0648016524247401,2.77485380156052,1.11913206590948,2.65430005967222
2.82418684010851,-0.658917805422206,-0.343865511563904,0.871928835538506,2.7333833220721,-0.59497666008217
0.132539708749008,-0.704647321815718,-0.634430843409987,1.56417054283407,5.59658879900132,4.0685140612499
1.71656361959028,-0.359895841004856,-0.268844391602312,-0.220131780542876,3.77476231561331,3.87100376069485
0.142555009313907,0.418615823375386,0.607874260109964,-1.08226945816321,1.50040955150773,1.19599117097915
-0.54014127903382,-1.93267669309399,4.96818330048904,0.353088854906659,2.71972474316398,1.97819174311527
-0.298483068403508,0.059445938700173,1.71278679760474,0.434854833237473,0.154659116732728,-0.333195600131812
2.40691295519135,0.82375672752524,-0.453321073398298,-1.22865563768293,-0.14336621800792,-1.77796313400076
1.58621694484661,-0.487739046401047,-0.638534531330354,-1.68827025084271,3.79864464506761,1.51056559529462
0.517991312116365,-5.76154061546487,6.08959592603627,3.9172275868965,5.58482666690062,5.03080705577913
0.49857016037438,0.54579739538304,0.456617765324928,-1.22805741796034,4.39224588196921,1.96506039378726
0.0442522800807262,-1.9549285003846,0.760676482592102,1.23279624074755,1.51208876328317,2.4922298607862
0.178123930087731,1.9315526343461,-0.90843720800042,-1.19347610271562,-2.16129096288363,-1.52379904279682
2.83006416792099,-0.331831046584051,2.67244304854174,1.47733524571074,0.277685356028051,0.180130521457137
0.578276905671895,0.0601125289341794,-1.49808308529618,1.23253982477585,-2.35958254122266,-2.154313704183
0.0525462094980016,-1.15510032073766,3.06757597382134,4.27617056762669,2.31035638816687,2.86157415007134
-1.81017429549352,-1.18574699461129,0.951862496898847,0.690416795682196,1.51632562779857,1.13975296625131
0.0161187053473955,1.56291994479682,-2.52409158399337,-0.294232963135042,-2.55765940465685,-2.04926034503199
0.230810591430768,0.533664338949675,-1.03020341676763,-1.48469878128602,0.731812064831134,0.240132732756685
0.722018703431625,0.00244965636357441,-1.39583895518396,0.057406263057314,-1.07419301164765,-1.53771151476588
0.073869513728347,0.587328493254572,0.0372409761833918,-1.01852897550178,-0.550870856919735,-2.6061722858515
0.0833951573103474,0.304697540393732,-0.272401259323435,-0.48865360324546,-8.27188343766006,-6.77347279158794
-3.04063924723239,-0.141473238275446,-0.110912830420736,1.19075115177564,0.995361085191899,0.90252288020607
2.29088115723684,-1.03860708695448,0.086744532606374,-3.21091614201049,0.542795569687693,-0.519668740471579
0.331129025468778,-0.350778210655633,1.71830892849159,0.35264066297025,2.46554391559654,1.45260271305357
0.676230775437573,1.53182557064525,-2.02446268665019,0.727318617508582,0.270971781115892,0.146914329163854
0.965956311341465,-0.201685943619892,-0.411951924240067,0.780176648887136,0.961506060927925,2.47319048406122
0.282105669132098,0.198790272056282,-0.260091069829949,-0.303059170239678,0.489764203927198,-0.981092335064484
-4.07712983168186,-0.755345827682931,1.37723015468414,-1.59639483687214,-1.80706732087658,-3.73098497619413
-1.57814734944626,-0.588280808472626,-0.264008976344679,-0.751782415960807,-2.05803468091978,1.16344450697505
1.1905123018225,0.337039249455242,-0.943033565243247,-0.925151708872245,0.736313699711403,1.49595065909779
1.65591158270338,0.391450023135069,-6.92822711256423,0.637755938793238,-5.46341484900493,-4.05417940834944
-0.738236380962227,1.41273730254262,-0.523012834908996,1.51621897777512,0.23041508789968,0.192243476871105
0.704168476357055,0.987032974807765,1.95666167611314,-0.150769278264391,3.05993971528858,1.40431470751653
1.89188255678372,-0.741865344453048,2.74773766967012,2.31744733087677,2.35394606470089,2.39217455232965
-0.337876543213239,-1.25437872980387,0.131402029410962,2.11156586920041,1.8598809934374,1.57563227844149
1.33555488387218,-2.04628853543217,2.01936608272207,2.13006604733349,2.42003018318817,2.99813008119497
-0.425017592238043,-0.604651580987363,0.501431656749111,1.57540215484093,-1.13927767443143,-1.42271646764349
-0.791512318619019,-0.0719582179448289,-0.50353803248064,2.62381418979159,-0.298791690258993,-0.481164427318527
-0.0741621888261135,3.50210833038131,-3.34644918443645,-5.42681285772351,-2.19977464327574,-0.90800380299633
-0.248248963735992,0.153486581588303,2.44348268918693,-0.0727950160340624,-0.800121633061702,0.428096815341275
1.01139689039241,0.219254754918695,-1.37763139156196,-3.9584404647006,0.97036295589661,0.987893988494262
-0.945589549725039,-1.5226548768377,0.596125064846614,1.29459950430473,0.46016710633303,1.81368497234456
-1.1059144555984,-0.598029669833202,0.539226487754401,-0.474977972866262,-0.665964871782274,-0.301353056367825
0.281465636285456,-0.00952994596313054,0.958554736914193,-0.0202126736203426,0.898564810409493,1.07092854698821
1.7464027690405,0.00171682465906938,4.18589719191882,-1.58239584232638,1.7950615867547,1.82741495518648
-0.651626573017733,0.276910321949417,-2.8077678772265,-0.933152632870539,-1.81891025922752,-0.646667523202874
-1.6722010306331,1.18953294640564,-1.0214371389194,-0.483000285427889,-0.742127852259575,-0.134773200377644
-0.52125599370456,1.89255880050483,-0.18198655497282,0.356071338468998,-0.0703586186199543,-3.69902382386079
-0.686339483353096,-0.696924660910594,-0.354884585416176,1.04386778789872,-2.91297782494226,-4.37422866254649
0.0826798336628052,0.23316853464271,0.0884123950615493,-4.01977451215194,0.776628404874787,-0.380821282627043
-0.0308047632410841,-1.05765493597352,0.294591013246194,0.477980525750498,0.267246318150969,0.143218250581286
-0.539401432431762,0.15980536804006,-0.855740532269731,-3.08421820304649,-0.943509042555678,0.102441808711181
-1.61593736925805,-0.36135562468185,1.2207528340063,2.27290709384097,0.923542379463837,-0.21464931042988
-0.85458250562451,1.73774862524604,-1.48220276443309,1.92906472588054,-1.64494132669038,-1.21525026015284
-3.53372018636659,1.11912963787881,-0.865466679848707,0.764718131762966,-3.35073358869514,-2.30178142836619
-0.550993469133897,1.7398651106767,-0.106723029682313,-1.2851369635568,-0.32338665702133,0.373484448329774
-0.816745725909027,-0.840069579273465,0.769266710227717,0.546687387048645,-0.620360580758639,-1.43230956580575
-0.106493773057761,-0.822444756587368,0.547963595776647,1.66626064186494,2.19872417045871,1.73215330218585
-0.445878473954511,0.514472401166699,0.874662642098492,-0.494833404066703,0.527711299777749,1.18309980944528
1.08620192585466,-1.28498163095671,-0.1598547451426,2.4292765278085,2.06859298298458,2.13421565700399
-1.63117288581048,-0.0240612036918617,0.00586313273336117,0.207386306883912,1.31650968296953,0.878787816895904
-0.846622831272678,2.29939229546116,-1.70408328809013,-0.144324589777587,-0.984600379996914,-1.15787166734334
-1.05118919499759,1.42742359034997,-3.17950211424467,-0.0469105163649653,-4.22081656068828,-2.31341330929451
-0.071677312123317,1.58973260350019,1.74895877077909,-1.5530101131298,1.96943609616559,1.58326484658099
0.277163150661973,-0.984448657528967,-0.806090771631581,0.327683680543256,-0.778436084209973,-3.31569700361995
2.1103011741766,1.44624406765014,-0.59521298617691,-2.53360517128459,6.06174124351525,5.67365564469822
1.05354658765579,-1.65219624485528,-0.76176532504368,0.999811358957104,-1.46657757448724,-2.0345120921018
0.463801218109298,0.0781901496780351,-0.0624657515281532,0.0637743435812241,-0.0125571575541979,-1.02923908714881
0.0457778769128474,0.236419972141679,-1.22357217088694,-1.01219068621042,-0.865891561951983,-1.86901999347718
-0.566062087779846,-1.12912852755986,-3.417213871626,-0.363125196474242,-2.4859212840755,-1.67825657143544
0.961826747858343,0.228818965791297,1.45677852800139,-0.41460896419976,0.867467505866763,0.720799726142903
2.13797963370589,1.17183044072894,0.0135234581023538,-0.553007771307528,1.47281606976515,1.35836008411958
0.777433246832665,0.307649622929792,1.3562187206695,2.15140092818772,1.53335776762255,0.536462076143244
1.54804747608879,2.24933930960425,-2.94091551562102,-1.02623848155544,-1.51718076396571,-0.134734876002234
3.54352115192833,1.45789099654211,-1.99284785173324,-1.66371899202809,-2.91682234268459,-1.58937766437051
-0.679227303509171,-0.0327025651956535,-0.579599269381502,-0.943440979128159,-0.972281147279699,-0.630306320922303
-0.535780275034572,0.326804665651147,-4.38982152918366,0.289586853702608,-3.13694348542746,-1.96414580812538
-0.736837271888422,0.475302401481011,-0.383732512830188,1.20494418818416,-1.23002819478962,-0.385165129248767
0.564994555446495,-0.197832809185288,-1.07364221237518,1.92231760975472,-3.10034916352009,-1.16543210085413
-0.473409720661046,-4.16086251809388,3.99505646399568,3.53226979972068,2.35617890800564,2.03662367034821
-0.803463015975858,-0.210540596859809,1.91604018592469,-1.51912940651354,1.174697838296,-0.735539925416406
3.49121975118799,-0.681413572840346,-0.0999003219375578,1.65186181696089,0.0756322171606156,0.00638458207493667
-0.895241373147932,2.30749458741793,-2.52180372700727,-1.46852462480525,-0.585630248172112,-1.23428389791188
-0.219170621393776,0.761376800010949,-1.34638784161205,-1.23899148029896,0.752640730392098,-0.315883072555308
-0.853304224095825,2.20485372986542,-1.77974476964132,-2.70626689217752,-3.67116123600021,-3.73850092206476
0.868292506980787,0.792053994969446,-1.47887596115991,-0.465786964616739,0.17727950260053,-0.0845558246753146
0.164013584894118,0.341967036532116,1.71200018628927,0.811296565884378,2.45552145014812,2.36210042062597
0.0853944807597303,-0.484029338494963,0.755412369895816,-2.34831501471423,0.00811190812927032,-0.940469822503474
-0.465735129556722,-1.05055772367079,1.16264143021738,1.11435795736978,0.376094041740701,1.39180866692805
0.10528301440105,0.692596967564916,-0.633073518651003,0.433180094176444,0.661158490897745,1.53429128566421
-1.34710969335519,0.758883314954162,-1.6342049243361,-2.21986693493831,-2.19687906497146,-2.36637398987926
-1.59761701208587,-3.83084177361515,2.73569505561375,4.17320620819241,-0.120396808579376,-1.25345149970785
0.463845107512323,-3.35311736579953,2.3453304564907,2.48626428582526,3.00396575626453,3.25314559405719
1.57505619974724,1.7260183904748,-1.86896946905796,-1.30452929603205,-1.66776423760276,-0.99206757793617
-1.44240878373125,-0.0881414746582164,0.0823908763289521,-0.744962687544221,-1.68382847784091,-3.72167041510259
-0.0772105494534033,0.696164798465366,0.385011663026747,1.0056473417745,1.20821977461411,0.909778036406962
-0.683391214900693,0.630052089090136,-0.163174858544774,-1.19125304506894,0.720344331275321,-9.74298146177958
1.09978203246608,-1.72513190513305,-1.36248545666347,0.765965378165159,2.04551541210013,-1.05534112825138
1.6386301774189,0.802654973203099,-3.73450315150978,2.62229660884874,-1.01811742065452,-1.80620462375181
-1.44853861149962,-1.70251442203599,1.13817599854141,2.11183621309229,1.19369121953312,1.60473290779235
0.758139075546302,-1.24620516375832,0.0799728738199543,0.173191581307343,-0.796179568673153,-1.53341601316213
0.0129778040153526,0.412477525053879,-0.95314370061234,0.90361398066928,-2.06533276442377,-3.53848583952182
-0.156141150969064,0.738098317948547,-1.1251040454712,-2.30032397026001,-0.338518148114777,-0.0715338037248891
0.564255822408292,-1.20495928884931,-0.630391300166471,-0.274895998133884,0.654874755427464,-0.20437080360806
-0.256388585362543,-0.840884511285311,1.19955764483866,-0.421847993848041,1.23147520598969,0.298880246829111
0.0481040808501188,-0.936506274616758,2.09135320757729,0.74107450368043,0.723383928287561,-0.687986575557425
0.452654418073398,-0.0558185717587825,0.254799238754869,-0.705369244167159,1.62476159767499,0.879455737310811
1.57820000712566,-0.0374229047175298,1.58551209954728,-0.393532578850764,4.01345473440449,3.21117847795018
-2.31199076568186,0.000397430573046173,3.18317965446247,0.923272322572689,0.69190470826704,-0.214014132521596
1.07124062708347,0.887798543782278,-1.84103242704974,-0.864738449098967,-1.32234243386609,-0.309198832657149
-1.02887998842959,-0.00103929483182624,-1.21115564269927,-0.864101282355737,-0.294479458900658,-1.74277757228765
-2.76106636479656,-1.02062999184611,-0.401891362143123,-0.827843629626512,-0.835813619279294,-0.378670685067414
-4.40657145048024,-0.201063420609423,1.97021435878263,-0.277242570264958,5.86390332353882,3.60493587954272
1.01475922931537,-0.491107586801139,1.43895937780626,-0.212493026010745,-0.336352102153394,-1.09245096842954
4.55642953772139,2.26440060016485,-3.6755994229813,-1.02839724640179,-1.77374577524992,-1.57641829145142
0.00366476304374216,-0.00163472053400145,4.5257546822018,0.350094078671543,3.69743828249127,2.28663592423274
-1.42882609596307,2.736616676498,-1.43358870356724,0.629330405492865,-4.26146860095842,0.131278874621222
0.708428644973043,4.15365716240651,-1.67489102180075,-2.08325666618999,-0.866091250404622,-1.88386373231094
-1.39754439833023,-0.188956774327946,-0.513242102160399,1.9323024169901,0.0709806043664456,0.132783290166838
1.44881903485992,-0.17680573663035,8.60391495960137,-0.828853110298143,6.96994913901265,4.31513633600869
-1.20053033349649,0.338714806894552,-0.841880546825649,-1.02087391154703,-1.24082498194922,0.71443854339774
-0.00381272155649135,-1.76589574189935,2.02187125755648,1.4783214973347,2.27562197818145,2.32602145760094
0.52522275495363,-0.0768370930906785,0.0977034528735474,-0.365962044996006,1.05568902511239,-0.700591718851967
2.09409515533766,0.799160283885732,-0.376997716548739,0.422956883203987,-0.346238089066602,1.15910464768885
0.0263572944266545,-1.2573629275756,1.5901506838337,1.68372831837592,1.18332852943842,-0.665583099254694
0.589615126249661,0.947300647005932,0.105423046263016,0.114112191230028,1.63982808643095,2.07539464124284
0.423294648466962,0.815001625233227,-5.23936566868536,1.0331520669968,-2.57344836927805,-0.575691719591439
-0.733976108696012,0.700682577386498,-0.262031822436494,4.38688368560787,-0.707893308386004,-0.52609177692256
-0.748719704543136,-0.838730748734114,1.75920120280562,2.06334037969953,2.0293519683581,3.66943519325946
1.71356974518493,0.193074504509029,-0.759128694430357,1.08029577184398,-0.090082605056123,-0.160863081782516
0.818094898121118,3.2948366804215,-1.91086022694299,-3.55632353407926,-0.460880549568119,0.0476734039671302
-0.657247451412857,-0.182266079285468,0.382641737346412,-0.405366296211098,-1.57391693228252,-2.62093015376347
0.912276135461928,-8.12771402452004,5.50380676190065,4.64148463201506,5.31904388403289,5.45992366229738
4.1687069264516,-0.240915832546666,-0.71067114327922,-2.71445718887687,0.934210804278766,0.74309334420256
1.15138907656685,-0.149361400447366,-0.0266924415632314,0.602132377161825,1.59070693696133,0.503368105909664
0.91006180896707,-2.13411986874599,1.38665752581346,2.1914800304222,2.42234384182484,0.584690084762315
0.146319554618316,0.292763014409287,-1.42466720246435,1.55478725182116,-0.476831612163655,-1.84318777246623
-1.23283012071896,-0.42999855796067,0.0390211538343661,-0.344694209518667,-2.60653427404261,-2.4470759345198
-0.000973267595862539,1.11720042208315,-0.891163999227257,-0.355579131163589,-0.0801210040906956,0.748386917056107
1.78531479822419,-2.27983263223091,2.23880194246357,0.174018143579863,2.06914241550551,1.01985859930197
-1.68145012850205,0.500052675163212,-0.692160710480871,-0.110463399470031,-2.95523790272806,-1.05254271894104
1.21048961096101,-0.387124275442265,0.284943797074473,-0.742835642162732,-0.285637239110035,0.617489058856141
-0.854220457745428,-0.975850870038019,1.90438994016079,1.34349242507579,1.81867271551327,2.68466751525363
-1.90921686123153,0.699723696485671,-1.80228820126798,0.924341524505852,-0.662128040297659,-0.296269690914039
-1.22166709107177,0.591135017584639,0.304678189966551,-0.865994587948327,-0.958703954710636,-2.4899492364521
-0.230361762257349,0.649661785485895,-0.460377920870378,1.4421332369109,0.397407150992901,0.481828521276519
1.41738624520658,1.46210867729569,-0.983708339885832,0.316818750852193,-0.233944175436991,0.0803526288541379
1.08582078211724,1.0735939011653,-1.54071789092384,12.847654101544,-0.42343784375962,-0.877595579684508
1.02637679342585,-0.752588528254348,-0.0070661030133039,0.45626553204165,-0.138855767288665,-1.60152758034657
1.13051677810108,0.548397260538597,-1.06829273049681,-1.30671305402243,-0.0792983228804019,-0.657116870903752
-0.668684971781969,-0.260298572973044,-1.00359510560014,0.0996927665223873,-1.20035223812188,-2.0439995355013
1.4888793963532,-10.1095637318759,9.54145821673925,6.84904566061463,7.92707740100433,6.72075356478717
-0.632992753870538,1.22880583243325,-0.151056846702302,-2.26323840989015,-2.51963168432119,-5.10733592019444
-2.1058539170511,-0.654924306387999,-0.625349588931644,1.19768208262564,-1.16840290597782,0.241359167928356
-0.171304299346459,0.0021070839511458,0.323057480907577,0.610708471620486,3.56759862233491,3.38443283596348
1.67119089360078,-0.817876400212685,1.50300877839386,-2.05323539293328,4.60469413028239,3.03767202797923
-6.6652501201879,1.68864511452929,-1.39362816318457,2.29867647188802,-5.41665760411597,-4.65227417915175
0.000595614854647073,-0.0052983177911208,-0.828830263302002,-2.48262859069383,-2.13342013579915,-0.477801040890614
3.11289626434457,-0.463529435809447,-0.703021668626021,-1.24460453893701,0.955902560722899,-0.3918471862322
-0.254713902212025,-1.28444587045303,2.64382500839567,-0.4499771255671,0.592521624859065,1.11038686199794
1.07667061449386,0.00174723501734448,2.39450245145329,-0.568653174687604,4.23413925707172,3.35545090642486
-3.02078489322269,3.02242343790546,-3.10827689675147,-3.31416509686978,-6.06114829620326,-5.41678303064914
-1.21344440038885,-0.685060665748541,1.18928339837037,0.839965964307585,-12.9796246442535,-7.25490115228875
-1.14591832212639,-0.159492307208187,2.12660174564339,0.30761662289651,2.38805542637853,2.16596867454069
-0.0107396205642258,-0.235581556338798,1.07028292049568,0.188306429615138,1.77082822578502,1.9082560312539
