1.31902706889312,-1.53265637848295,-0.557206810181839,-0.683659505032487,-0.385672653015797,-0.273392470037809,-0.989529151228267,0.911885762005945
0.0374357423271962,1.29988544762941,-0.171045284261342,1.48698072199429,-0.0511356201511834,0.0701899805126588,1.6826981850723,-0.609289058834508
1.9200755566344,-0.29220074184307,-0.454342291049754,-1.13724789450653,2.00954826545428,-0.721810777855716,1.40345126715425,1.36439996146875
1.34753729497218,0.00108053217911436,0.621157009005092,-0.197333605821286,0.191826457941584,0.026000913131988,0.425585800449915,-0.651688480250238
0.952828251484578,0.104113479986636,0.706958586255238,3.31662298354296,-4.37229013800079,0.542183330716348,-2.2123664339552,-3.58087744215104
-0.141615733859424,-0.66834481118397,-0.0387257685968494,-0.584844129763492,-0.507026406047944,0.76281373939215,0.035175866459671,-1.39761660447435
0.066393770460896,0.628919391840331,0.221476741806807,-0.83448961238599,2.67837441050659,0.58672756777159,0.453753246877086,2.13046506506641
0.266397527690203,3.06668582238439,-0.111834221399732,-0.790947454395553,3.63481693647177,1.12877618539403,1.97925384808539,2.96446318365514
0.395530040913689,-1.15209825811165,0.0836362006575675,-0.62145520135452,-0.990001187837668,-0.359739293706446,0.645593992161548,-0.243194398914737
-0.00253344134480962,0.412141845721818,-0.614769346914221,0.645410426965633,0.790415236500574,-0.671718467411679,0.215605957891826,0.492648857700596
-0.307786697067241,0.189657576569356,0.599451425295538,1.01831455224325,0.30389873237219,0.458879760834255,1.072997841764,-0.844755215619674
-0.00145977608380115,0.0756383990492172,-0.892901004898808,-0.454199327747555,-1.03759580614791,-0.478005171044685,-0.524302966986282,0.677248401616875
1.8289272099965,1.15085693128467,0.566328659609244,-1.745824253945,3.62190865609956,0.840627877094416,2.14794052867176,3.27424051689316
-0.881816303016325,-1.35873238361423,-0.128991779442879,0.0380560624099771,-2.0893343482262,-0.213656368326373,-2.30877051906043,-1.30307739230064
0.881232144664229,0.501021920771769,-1.24933066343919,-0.46387720620605,1.55550998504785,-2.29503473519184,2.50895620712538,0.164241514790922
-0.416469646763303,-0.0363613568877309,-0.423148512270989,-0.0950211879345428,0.636068418367581,-1.06764440446608,0.968159998261322,0.95072660911364
0.451259422064113,-1.74339464245126,1.2407710144552,-1.35575597350256,0.737364107233055,0.970901442681763,-0.671286602190556,0.559316068839504
-0.995434778002439,-0.134635347457713,-0.133022767772616,-2.01360160094705,0.853273882147789,0.129756287881648,0.526682482046052,0.669325490777949
-0.12490906351968,-0.00976801593023129,-1.06427566390048,0.844113298264524,-1.79224512771549,-2.30495333701359,0.611118788634304,-1.49876904576448
-3.16316529012287,-1.16303021663432,0.306720436801293,-0.634881770590707,0.899544998255008,0.0765191990798613,0.747454134594054,0.710568195601998
-0.534815824429443,0.192719527670393,-0.958740410537062,1.63422231653777,-1.92196801197967,2.16948252349654,-3.43159533137757,-1.55616309032003
-1.54806086855597,2.86794017821565,-1.86829308313499,2.40015991861446,-1.07324823183935,-2.60149610138471,2.48001471575423,-2.35561478118421
-0.732929792129452,0.387800213069327,0.0513430839003121,1.41177574557142,1.34431300348412,1.24235116960958,-0.750295443079176,0.183093921455829
0.835430696510942,0.510519317916476,-0.437374739640265,1.06135094872018,-0.858643511491448,0.520681595122358,-0.308658758595057,-0.882195162584026
1.41233622581907,0.087417909916131,-0.508736668192456,1.30973743955871,3.09640000293024,-1.04290244003121,1.51588937565377,0.866153667708084
-0.0315982173292577,-2.08882459731497,0.50644942904575,-0.748946143182592,-1.57685379535787,1.15037519763421,-1.36213349222002,0.244365907409545
0.00318997780753717,-1.06286690726937,-0.631300290186395,2.72566988495258,-2.30983653720272,-0.502330745712175,-0.903449698735849,-0.992996219846446
2.36683979430532,-0.763965221494016,-0.582354836546278,2.9695927329725,-2.88662442338963,-0.815813389776035,-0.829027485108568,-1.69876555941995
1.43012022521061,-0.976069828713459,0.899925439840774,-1.43591893130818,-2.37496875195785,0.0371341185961688,-0.714369370014377,-0.200477862604307
2.98508853794467,0.523977973022641,-0.503784375832914,-0.726096632279278,1.3910971521986,-1.05941920442609,1.66480542068462,1.55981373279314
0.639896076713348,-0.239923046641201,0.0173372124390758,0.173454795374937,1.33109295916158,0.161988370582546,0.444981275122879,1.29701902885246
0.757181059535806,0.727023343800448,-0.812785712687182,1.97969795937484,-0.0993036978388435,-1.23155914108411,1.68924777047626,0.494293881616733
0.416192018764692,0.057339059797152,0.974203405847228,1.25233815981455,-0.47759985185717,0.681912645776097,-0.638988926514165,0.461661996679873
0.765354774673768,0.997635233773803,-0.00110172461135312,1.86956874109559,-0.779391371078367,-0.182636759178388,0.68508982816571,-1.39246764112106
0.706206659577152,-1.65738924200817,0.0819277518145568,2.40437700567735,-4.07823081960502,0.700128874016067,-4.28904704424271,-1.98202004162181
0.158996897526322,-1.14394041621823,-0.00134598198595186,1.09220248179671,-1.1304411453937,-0.300243603328938,0.247013826768105,-0.497376758835187
0.0952853789973955,2.19118867373479,0.0372313763027043,-1.15432746805078,1.27136888676326,2.14573055131729,-1.97491008223714,0.667431755912978
-0.411292912265105,0.115884089540086,-0.335814063804603,-5.27571228450085,5.46014065458827,-0.0599425832318247,3.18825942489091,3.05209565661927
-0.957689550891945,-1.55098230521853,-1.14093756957924,-3.21982939209579,1.92237131186144,-1.36262323257743,2.84984704001333,1.06929267190711
0.939772295046815,-0.725305013310451,-0.185242772114694,0.0553171105395751,1.37032909761167,-0.238770538281381,0.330749039947799,0.816503188337582
-0.65839285833496,0.134304087628448,-1.21307939201036,2.19421302675671,-2.76651244278825,-1.8374274966936,0.866014841122819,-1.82223761945383
-0.0990833778465568,2.68224609253198,0.210526301578483,-1.11712589778646,3.10721655047578,-0.305076339802747,2.52904261820602,1.96709168788714
-1.17145495791361,5.37579758583014,0.929410932562044,-0.587239579485324,3.24881284759444,1.33618881428327,0.239394955646785,2.19642144667321
0.831288225551917,0.140912730999665,0.237798802235681,1.43509512913458,-0.0260335438651706,-0.0555114606861307,-0.944721862981571,-0.00327359210599797
0.33899685021041,0.118880069270567,0.725392710970529,-1.15414403711957,2.30135529286325,0.867995500233188,1.50593198525836,1.48943058752574
0.714986047942404,-0.823237273169003,1.16818780781521,0.0848404146172441,-0.480647777385632,0.805836970279219,-0.962362211876771,-0.467871061720273
-1.55886244774707,1.51292421741887,0.585030400220942,-1.46380443476351,0.802022251897218,0.435666726566977,0.119096123005341,-0.0805874301482756
0.479599672733799,0.579691989746368,-1.62337175037043,0.473057400629647,-0.460499776965748,-2.52123872103937,1.09999263367375,-0.0828161105877558
3.48013292657645,-1.02408901513055,0.658234890421635,-1.24107542030943,1.61017743219167,0.00569316102518291,0.224518142939288,1.65278717442871
-0.923652225384044,-1.54173967976836,-0.0633320403526996,0.0226194295272026,0.280427994698418,-1.27722835737066,1.21202898443078,-0.21767677943905
0.738288937256191,0.770986996190929,-1.02509280628766,3.37202125243568,-5.86546712646243,-0.0552448174994838,-3.72003373483871,-3.57174274087695
4.55616746997135,-1.41291078827912,1.29421277157023,-0.656628237742157,-0.134001538632115,1.0333843604434,-1.00666848379744,-0.0799722044709297
-0.295666328193686,-1.21678804231973,-0.119201358521251,1.55583385358017,-1.09436567339229,-0.172134395437862,-0.0963607785508255,-0.0822369229245241
-1.11080415798879,-2.21558963005376,0.486194797577523,-0.92017220847779,1.33738625924403,0.194123407846052,-0.0962026706535986,0.80849350026323
0.136010819107403,-0.332695709519083,0.62184190247843,-0.73050061037884,0.368230456763513,0.650441966850056,0.345260177031786,0.197440562809134
0.0831165645409185,1.5226891752145,-0.86299107266386,-0.685325085408635,1.73659642041715,-0.0270871822823829,0.0880886693054094,1.82784659111843
1.24143913095385,-0.439031923433235,0.0105538327615742,0.953025042188761,-0.74968004734302,-0.36697637043358,0.800071172389331,-0.635277870740202
-1.157450192441,1.21753025921898,1.24447096067296,-1.02325599557834,1.10862933458566,1.02681278826809,-0.752431518019711,0.573115300525256
0.603995838700409,-0.689091273557408,0.0109140249621106,-0.0140333009138158,-2.06246845929504,-1.14848212601361,-0.532446507624442,-3.80320206969776
0.258083153519458,1.11919990904455,-0.502597867744504,0.458714606353383,0.850731812926802,0.841406523301913,-1.03932707121514,1.30758127775151
1.55613944789179,-1.14185008227634,0.866158892269215,-1.76452651856612,0.778247052058208,0.286725823202387,1.20974692004713,0.404071279520796
-0.868159330674925,0.667890646789945,-0.96819831300769,1.64259631533703,-1.58076632272516,-2.1045444555275,0.0564970247987449,0.062971597548284
0.580626107552118,0.982634807259771,-0.337135881788195,-0.599740525108181,-0.587346308302659,0.214426563468022,-0.873795669916814,1.50868098507996
-1.10202134568226,1.48939517325991,-1.50383698326329,1.58708063064579,-0.379104591819098,-1.84767505948658,1.44853134418276,0.787729576013175
-0.11253565651058,0.134293502615439,0.560646864488053,-1.24335523883456,1.73934093352762,1.01461897344476,-0.825996064195542,-0.0235798985206497
0.175534026839458,-0.00144054543943002,-0.466344504952931,-0.305131655703615,1.00199383166346,-0.43306539524174,2.20688692300484,1.4595123318329
0.183152630026291,0.719660372627592,1.00490113432722,-2.2390635370101,4.72223622693304,1.04908314440655,0.611935965097631,5.39570370900995
-0.165511468158365,-0.99627130490902,0.256166596909095,-0.682216891266965,1.16506371190242,0.433548406338734,1.92595527169093,0.19343881098836
0.606929954109446,0.427947019598433,-0.321329111723231,-1.18094999118306,-0.00295827485410061,0.29816088886136,-0.225760373099792,0.807842036004503
-0.0279054199301083,-0.76781047974834,-0.147476676204309,-0.351365235790836,-1.16043952738663,-0.0670345684606549,-1.89975033363496,-1.51230569423617
0.299420137913255,0.904319585052749,-1.21902548144382,0.29416689468663,0.705159905368056,-0.642933584057223,1.32526687171646,-0.42833629965983
-1.2058974377206,3.40955738991225,0.851116679242564,-0.711561521181492,3.42327143049653,0.30295695841683,1.56025869719341,1.30672588951225
-1.00407549197676,0.910813778743901,-0.1974808412075,0.411562298702439,-0.53871591369432,-0.126471198958152,-0.981225909658377,-2.45328723264625
-0.188139481460959,6.98737837202262,0.455282691889795,-0.182182550505057,-6.53944339366506,-0.173231219436678,-4.11385133896794,-3.16524473991393
-0.890147358487266,-0.702864723642182,0.467676366581198,0.313049123029228,-2.23339764017692,0.492242541447299,-1.05777022080864,-0.217245259503286
1.16267046152284,-0.167740943170046,0.223435895173862,-0.243892225085323,-0.594234751606982,0.530622123014238,-1.64304109644303,-0.343564492807101
-0.450220702794145,-1.08697349942881,0.0187533707399137,1.31411097696165,-2.96799169819615,-0.0119860624811135,-1.40017843095069,-1.78161943509209
-0.236568205863511,-0.218469400193656,0.153289745283322,0.138133180766821,0.121826569276456,0.695683745999371,0.123411980077886,-1.12058853920395
-3.6711531575274,-1.34136282374244,-0.44233625153424,0.371454688918951,-2.19756834746423,0.140957600698761,-2.06904185147385,-0.940051056782736
1.03160393658923,-0.883429230328976,0.376287430311856,-1.05007595365227,0.00737660429151626,0.685514051608449,-1.3203038583057,-0.549693648485571
-1.61763052054362,-0.011754320317972,0.852230786979681,-0.0312010794976633,-0.965600290083928,1.53516595145529,-1.97286917604008,-0.531066597333133
-1.1726503180157,0.0599343506063151,1.12307173827483,-4.16563903313875,1.8471399776091,-0.654295482012841,2.07985672899678,0.952583063151849
-0.573037994602727,-0.387982202030093,-0.818436926360272,1.60643421947141,-0.377785402991455,-1.70740799749198,0.806478068504792,-1.20438170852906
-0.50757015975812,0.193106135559805,-0.554842776737958,0.19058531732027,-0.675475872633898,-0.834429497505167,0.921203616583578,-0.595462173384046
1.40348321628579,-0.988582598771353,0.384509737123229,0.637109558949166,-1.09839618304402,1.09201948557597,0.437906581007632,0.270572909391819
-2.16136578912326,-0.206208570027682,-0.496632447839423,-0.48482938183057,0.594508667593342,-0.25349055470769,1.01682605000237,1.176750126099
-0.481084290739923,0.566799000886259,0.983007928769193,4.17274401526757,-2.68038857763374,1.55889478494775,-3.02521056865312,-1.5816792789409
-2.10638879015252,-2.36770617607242,0.211175599644614,-0.809557548826976,-0.499287764921343,-1.4000301749931,1.35970318445237,0.370062304206412
0.986785248984856,1.61174630785987,-1.2892064035869,0.619735438294761,0.93680599932536,-1.0109025704258,2.18903038943886,0.119846983903775
-0.134765970141799,1.17099539860187,-0.531072329257455,-0.213073765218971,1.62296359404151,0.449822748759808,0.719027018249161,0.175471718723429
-1.37964554316948,-0.61820546422917,0.560958238051282,0.883143563827302,-1.29216279348362,-1.09272770941321,-0.767172947759908,-0.875643538149541
1.39617946344991,0.0207484459808589,-0.354026577113852,-1.29434172349416,4.21204638308193,-0.121643692493328,1.99770074207774,2.52710401538583
1.34452735073805,2.49488844384878,-0.334644314592347,0.986386168263921,0.802125927442696,-0.90660404524186,0.968772125531158,-0.0057192573179099
0.0173850100602232,5.96770002161089,-0.746337151572074,1.62427861653268,2.69123283956755,0.0310329679559838,0.668151942362602,2.16556592867308
3.99302902762239,-1.62797165426087,1.51843978374999,0.50365221002666,-1.8400385672692,0.436859603600211,-2.07847136631119,-2.33336748883157
-0.232372025859722,-0.811933348834943,-0.405953931302931,0.852340927293345,-0.255663319149391,-0.341260673704368,0.0177233356723377,-0.328165819488081
-2.07910318776428,0.709359142922439,0.892370617283015,-0.817410165615935,0.756310214958679,0.214493665859844,0.673178892939892,-0.491886257597294
1.07269508600807,-0.236884839226157,0.0174290118013303,-0.750021724798303,0.419755726019496,-0.73803810843022,1.26315293835679,0.0316384984266498
0.314014216850043,0.033682648978214,0.21206825128468,-0.488102151027833,0.364483480348266,-0.194788799207513,0.488119163166208,1.18994263351559
-1.0389445866418,-0.376842097183323,-0.374151914467008,0.202226314349813,-0.393999408217591,0.246282003952666,-0.0113120373777988,-0.488602298435835
-0.664453130431407,-1.31902869547325,-1.23550606870822,-1.03040282847878,1.45245662353499,-0.316719927744211,1.14129567991901,0.637104136977812
1.72103695365996,-0.033681447293426,0.149703457463411,1.09577013679758,0.505788343763969,0.0466467412467724,0.861544098472211,-0.411092426201352
1.24166831642947,-0.773605706915525,0.59952627790022,0.523755205543916,0.802812812662271,0.920674320188217,-0.460669781887181,1.08022921339398
-0.87439377909987,-1.92948907264156,-0.360748158720484,0.698824413113292,-3.51908348050495,0.445921084010785,-3.08183111360655,-2.26773456676492
-0.187077639892871,-0.117909422077002,1.26282643522923,-0.94209563327078,0.727317913210388,2.07907298928001,-1.89724881910674,-0.60635568290486
1.79064802359334,0.882475791982235,-0.878754721921339,1.69917804990431,-0.878680936841793,0.125542136227345,-1.66187799535868,0.274671556554648
-0.98418046514173,2.47135437383585,-0.0081337653890393,-0.174507890933969,2.11257649181849,0.083958467245642,1.24234191846504,1.93303639130644
-2.51629779444469,1.27737845837944,-0.869960013716249,-3.33384944716958,5.27967239331406,-0.733337660741847,4.40170796207371,2.91273254950645
0.356468250456379,0.882580439652131,-1.39224202938392,-0.110875863491798,0.855015815129182,-1.06190448716916,1.0331051386446,1.81304772330114
-0.726650369467224,0.475735400943965,-0.662165188369107,1.74626455902647,-1.52732675729819,-1.36215233744769,-0.334505011491677,-0.0515395540352577
-0.930552307052746,1.38108127968655,-0.162870149420346,-0.98790318106994,0.473301518317473,-0.77463137661617,1.14292487621852,-0.126614009848526
-1.23524903275784,3.00220479478186,-1.19924548764747,3.96186148446687,0.461141038831251,-0.790792795464075,0.355375584709209,3.62633524879755
-2.1631992364102,2.74288044441865,0.48812989714721,4.09067459993294,-2.65889572782002,-0.364036195039099,-1.27169485979345,-0.854641903426873
-0.5192851808447,0.700834037565813,0.984941184577875,-0.55957162222148,-0.473436852401066,0.756817459251853,-0.30138918325283,-0.280901929450406
2.02498277946354,1.9109008354668,-0.856734670091935,-1.4049308086075,0.123201652065037,-1.22993607436143,0.56609225091021,0.0820523157246776
0.807530140642598,0.474121219485608,-0.513272020850813,1.26746653798047,-1.38112735943945,-1.15450331507978,0.486528873276129,-0.257104345758159
0.842865963092254,-1.82016476826398,0.790000092508693,-2.68764953904323,1.16374756272852,-0.0648142001936548,0.737854367994362,0.74280965634426
-0.12937643762997,-1.23990918270363,-0.910692025256737,1.21174094661026,-0.262394550459181,-1.93374693998267,0.226596509137406,-0.892245317086465
0.116158338466813,-0.861820451850763,-0.804457732291141,0.491448684455063,-0.242954240134457,-0.482679693191721,1.41786367195913,-0.717202095668599
0.947628747930643,-3.36336023173885,-1.27198821700869,0.665053433312371,-4.5511218463999,-1.19489109135949,-2.62400248823863,-2.77486051048072
-0.0426358296889587,1.18328580833029,0.57048287955362,1.40722379087371,-1.52425209997691,0.82626839457804,-2.87030634056207,-1.40811174332659
-0.414417599550823,-0.35359689717359,0.560315792625542,0.716732645699823,-0.762844902670757,0.417484337870862,0.32138654737191,-0.168100886764592
-0.704305098766366,0.465598871900456,0.171232444034721,-2.15993589373307,4.56604510911191,-0.952840697600981,3.91181014072358,4.3553871654799
0.962637290799578,0.999312729401365,-0.788921740154697,-1.23285235222857,2.15063229101403,-1.97310833387702,2.18067552405746,1.31307182575821
0.897607634943123,-4.80344629885324,0.150223266243823,1.08791225487824,-1.58794571469286,-0.448207478499915,-0.106633699056271,-0.722753009437425
-0.227691970426741,-1.45788877203193,-0.040811041885274,0.506845978406335,1.14833387281919,0.528048516839262,0.446329761021496,-0.182636736593504
-0.234395070513464,-1.10872052140201,-0.153520082071567,-0.153533365849073,-1.97931216990191,-0.792256143896488,0.799621677105,-1.43834710009874
0.134996369769105,1.67016870562371,0.0828358544123737,1.76682722929897,0.564201860659272,-0.0880480523871953,-0.133180250055507,-0.797782016311312
-1.08339613620474,0.873338299878869,-1.8325161335978,-0.240785091533121,-0.483935124519341,-0.944923081216575,1.57735748652658,0.207110109609756
-0.638849718016883,4.29746562557017,1.22496023795193,-3.20598494417008,7.51101693532528,0.945276589961776,3.93394249286787,4.53475053783813
-0.222758558033186,-3.7768345150567,-0.000156090426148863,2.56358984651129,-4.75235674564371,-0.396684491815011,-1.68330048461177,-4.22752353750432
0.0145435512926289,0.360602923716241,-1.00919735458416,-1.00675338040342,0.578728009245002,0.273024945687226,1.49293827900083,-0.157692931077751
-0.848652529382539,-0.594207098604509,-0.726981495639931,-1.62473774787836,1.17983478928529,-0.774862871197685,1.55423837808229,-0.37726512252173
0.394901374752246,0.11709961443714,-0.197968541516605,0.0706638300387784,1.42223746602563,0.904251825125939,0.128638266829242,0.92164676220874
0.308658331255355,-0.214041108674933,-0.216266819927128,0.986733840297834,1.27500819407156,0.544844758891648,1.27390692009597,1.63401779669727
1.61948554764746,0.303789296502809,0.0887680237602473,0.360476557536671,0.659634907053925,0.730586300932003,-1.31670267555534,1.74887579874868
1.56852842971449,-0.0979174633635267,0.0763840959195388,0.143854753326194,0.330779052669908,-0.483614859908028,1.05462945146121,-1.29232874139268
-0.152177136582034,-0.657300121705761,0.428554664838295,-1.43332968439472,1.06110669559206,0.96490774725739,0.273003712665328,1.0993249935406
-0.202123624013312,-0.133850954526256,0.31321315446549,0.667824748614504,-0.404343690114576,-0.0513220400633125,0.469015847203802,-0.567748066761752
0.580728747496987,1.81270519620642,0.649960284748986,0.159811818912515,-0.673759237829482,0.801221761032528,-1.94047873518233,-0.733653984024251
-0.818744040375269,1.05780396010265,-0.282522618629586,-0.813078051259712,-0.238051011580066,-0.327599501780572,-0.312735531466007,-0.447184247403214
1.09022108115971,-0.789445590591055,0.0365081633893408,-0.0259400742852518,3.28344569304683,1.04282230569272,0.25968983319946,1.53499269111668
-0.367955226613683,-2.19598253721005,-0.311310040232527,5.69489212952182,-5.75169121006154,-0.939641515447229,-2.62501101764185,-3.10102669286197
0.209667260751446,0.773369547609213,-0.292699518187101,1.41854855419946,0.570822913319212,-0.233302373021858,-0.0889154677499433,0.909657771690748
1.22123513182982,-1.33005049141827,0.0243509385754457,-0.208234931647313,-0.511531513146855,0.52502586725771,-0.149719198060711,-0.30535963085441
-0.34440506405645,-0.226827987980535,0.24075853892339,-0.432063110046055,1.55680319570245,0.311862300963086,1.00116639532108,0.88221868382595
-0.476962358229895,-2.15521041868786,0.191290720817725,0.174668529883048,0.789058058039147,-0.229612097897922,1.07630401508685,-0.275651196840959
1.8840587476471,-0.58312627919589,-0.341441854290888,0.0678232373516003,-0.207125150795595,-0.0130016278003977,0.704425432852874,-0.122359341504185
-0.589177524818413,-0.544484167726964,0.851731301938135,-2.72531025322519,-6.25007176784702,0.820448202623577,-4.41036065806896,-3.57666411113216
-0.932722055984882,-1.26322946342466,-0.594890166982895,-0.287877535863631,1.64662243032906,-0.447907179207767,2.37507062603019,0.7932875922967
1.28164608506537,1.64106474577336,-0.951051390252459,1.80443120062026,-1.09761789749084,-0.995747919980817,0.302046088342447,-0.903089006507074
0.923826580702675,-0.959185555251185,0.386129165639819,0.641102118763531,-1.4276951701376,1.19061053689199,-2.28608734551359,-0.37901840792648
0.540702760729032,0.56874624662369,-0.92347938164121,-0.197607694414298,-2.43858236365168,-1.13508130226279,-0.555160408940293,-1.50847060156586
0.551023159237497,1.9012934353777,0.87540836318717,0.460603436626873,0.587546723469105,1.3967500691064,-0.721514876456409,1.63736453984961
-0.00517957716842252,1.65046918177287,0.816287723921192,-1.35213243332654,2.61622195188574,0.227557070786013,1.37675918514875,0.780187108572975
0.47463402744691,1.16870498006813,-0.439738258598496,2.22317571600992,-1.63932123004229,0.420849043814611,-1.98260877622525,-0.179659390211915
0.870951206518772,0.0932714906958475,0.197421265543906,-0.613056129279063,-1.57131448379029,0.628648528681622,-1.66613388639359,-0.8987435265694
-0.826431534318859,0.334267365282712,-0.159971939833343,1.42117066652118,-0.538706737097271,0.389530132759561,0.171788938239555,0.719917018466505
0.221324684268633,0.00399537724535595,1.28001349237503,-1.13561343999033,1.36095473954232,1.3057236718072,0.206678693583278,-0.257470769535697
-0.712388557245027,-0.963274177075129,-0.0652406934645793,0.103717820225909,1.43543270994072,0.354949641355474,0.530176658621001,0.980850037670924
2.17271234392049,-0.736552276875842,0.278575434398892,-5.59699970259429,4.14599602363151,-0.204706325220396,3.32534379798248,2.03283831147968
-0.500245229576113,1.39310316503199,-0.182851356377655,6.2067860125301,-5.40462266752728,-0.359874580746613,-2.97418339841835,-4.1232838035956
0.594563544629151,0.441479278738696,0.00156651518930569,0.309572550495249,-0.455840690159439,-0.508813062484026,-0.6833744813494,0.386418043593456
0.5065033351647,0.508009812682073,0.443861387926625,1.22894013885465,-0.689095426846393,-0.268272520807718,0.804931154722702,-0.324155652392261
-1.28134554118393,5.05580459140172,0.64889273560016,-0.784879500126844,4.53514514820156,-0.114629029085926,2.85284347824198,2.68021245583156
-0.172985792475002,0.895629970418305,-0.645227757505651,-0.361756639492267,1.82371806146095,-1.09555830320995,1.39776513477913,1.9106654972515
-0.640560453723112,-0.225504458605656,-0.130198377827653,-0.0668951270329113,-1.13491747276179,-0.808298539959062,-0.13419836044826,-0.562428715945806
-0.450978994053929,-0.668573891116871,-0.316379773456652,0.108946489756689,-1.15280979011357,0.870202627886465,-1.4446061953506,-0.635514188338789
-0.550799812225369,0.479016958455285,-0.879243091819477,0.519456402246079,0.87708591856685,-0.1334621253896,1.83734931346205,0.851680424330835
-1.31537125083345,0.66557452427093,-0.682276927154365,-0.329836039870011,-0.706242915102598,-0.100986973198995,-0.146462598748706,-0.485493132986864
1.325747448874,-1.26320591168328,-0.642099356860333,-2.18760817983099,2.04220484734406,0.022825814254083,1.54919315247163,1.84845486058463
1.27034876552117,-4.83931992697864,0.408596253934669,-0.199779029408096,-1.86282658106307,-0.160889943959601,-1.56260885714136,-0.969713077131075
-1.85879065080444,0.26920252053463,0.00717360680760349,-2.19889914770892,0.89821475737389,1.0087601535975,-0.164492090189741,0.306513600294721
-0.61161104862226,1.15210709846558,-0.523489562668594,-1.16613979985536,2.48193635817816,-0.419819681553764,1.09850340767222,2.55610261475404
3.11255679167861,-0.0633866420816892,0.0283538738435873,-0.0308011444342594,1.47780657095818,1.68955892384712,-0.197788013368958,1.51899527202812
-0.497549395328651,-0.117789058386218,-0.683558788328398,1.03295592685474,0.588918454882877,0.28389289181012,0.0982256759981367,0.779467607354029
1.44747839019209,-0.499462742703514,-1.02782562797882,2.88785485331167,-9.88185587359896,-1.44489103099228,-6.48700857999617,-5.22875624910197
0.760738416255554,1.13526704110352,0.342960230383505,-1.4073470329913,1.64102051650295,0.101226403182348,2.07286511307615,0.237137631137594
-1.06561712020659,-0.00175802287863703,0.55271484750593,0.857126112589293,3.00979286399553,0.625008409311449,1.66167749271739,1.36418361885019
-0.036999039012302,0.746856943352729,0.438226480933408,-0.803996005402522,-1.63091927090561,0.347438539589303,-1.89009586757754,-1.23918723794127
0.7844172585092,1.331661615768,0.0220897636219554,1.93449785121606,-1.34575322314497,-0.280259119764597,-1.37685966821406,-2.20941198907544
0.316588342983833,1.298051022094,-0.400131310058285,-0.508696415018654,1.28674694946114,1.37012449333784,-1.00454153319176,0.172671677160376
-0.0680727446960194,0.0062245968830522,0.905765771381404,0.401518812840267,-0.319293091591844,1.7283142163279,-1.48357691741658,0.302012062526034
0.617933252245265,0.964222978884223,0.118205106406641,1.07680554116972,-0.354980212513738,-0.248212525828399,-1.23574147007475,0.161992999675263
0.294681056382165,0.815942357508918,0.680398448884075,-2.25517821892278,1.78154525412645,-0.0439705638354676,0.671936609457686,0.319910571582037
-0.348850330510281,-0.300877200438478,-1.13093289779187,0.214687163593469,5.10107997289529,-1.68425150657316,3.91165905797723,2.64740540673316
-1.1025331993058,0.634333602429482,0.0482566890010705,-0.14534844441354,-1.49591188767499,0.203333152210629,-1.43001610910711,-1.21956565156586
-0.023247683644831,0.0961179443773287,-0.273738022804855,-0.49854225359909,2.10237851802618,0.267767641878567,1.02488777637343,2.07509224030155
0.0246192131883003,0.684267637897618,-1.05359175389574,1.57862713876641,3.72278911226767,-1.16310509448361,2.13538175060063,2.73853988872162
-0.137330984232598,0.3524868909166,1.37879613727992,-2.47331070555979,1.36867845235217,0.83460535025554,0.151948920815169,1.79441517828684
0.5125376204033,0.719900750693247,0.150237584297728,0.771877726447138,0.517279042986961,3.14173420696272,-3.09222975439967,-0.0873454943813428
1.68793840743443,-0.270536278043737,-0.848260496892988,0.822376345392257,-0.246765795916218,-0.482108415749063,-2.31629859891217,0.496561534022291
0.555991151986788,0.0434695255713436,-1.32565074853455,0.0828123225914204,-2.1510533057532,-1.35368738632113,0.780282359869158,-1.02545767004437
1.97614651720182,-0.342739081272957,0.311772704071213,0.246717135757887,-0.446142995005609,-0.705710974553085,0.0859406724017639,-0.53160766652983
-0.472873106097949,0.503130671229768,-0.49806794835913,-0.103294028589197,0.145712535979467,-1.97265996879566,2.30526805256364,-0.403118279796092
-0.0165038837670057,0.84472119120925,-0.530425812193265,1.64056942214234,-0.624565307625691,0.0707374067158217,-0.692752616717497,-0.3355781571925
-0.350761526497162,-0.299347531010674,0.825534005442204,0.504043774823228,6.94157722915901,0.200113556470265,3.43795435185488,3.39571728405736
0.823207080898683,-1.31540476829265,0.732752196654157,-0.212517279844747,2.22048773095735,-0.00721302800572177,1.45052425729205,2.06606454761189
-0.10841187464111,0.749718037051025,-1.28890249481751,0.0263935274041367,3.87814327773272,-1.44947417545086,4.26683007417953,0.866195105007705
0.0371189044392835,-0.691082695036594,0.0866002113272384,0.870601449098949,0.558483995290186,0.74261616753806,-0.524371021615827,2.11797845447475
-2.20384569366724,0.497162591080964,-1.04594190472484,0.339070676057809,-0.677379517317756,-1.57333659557344,1.69398970885352,0.449822832944516
0.370290965415665,1.52317781275552,0.356032752690855,-0.73645816102658,2.0028597241473,0.939622922375952,-0.697621091808026,1.158794429645
1.3133470881593,0.207077938158839,-0.731198442815375,1.88427323895858,-0.0776981807349337,1.30201171586887,-6.84424686560377,0.526956019425212
-0.873871420254642,0.633319318873344,-0.0888278094157746,-0.873289730652886,-0.0104117282898319,0.145405446983415,-0.75976702866767,0.00537053064981023
0.669752310543916,2.60805562551992,-0.00543480024846104,0.459683710044956,1.10442259476846,0.089845306094034,0.811455074907544,1.2051964020309
0.52688184658425,0.70622635821301,-0.154239594787884,0.789550264479842,-0.292572098782986,0.702485760244322,-1.62805385685632,-0.968404282666556
-0.864302509385452,-0.297119787780268,-0.366909111775461,1.02198319034056,-2.34689662573667,0.341345350435073,-1.96371540456121,-2.61153749128116
0.16325055003284,-2.96833165604568,-0.813537583459172,1.72645484843815,-2.60877771210722,-1.22033104026117,-1.1971668054079,-1.19395889542807
0.585714901709727,-0.609612698166471,0.201035494004431,-0.337796511919892,0.811107628979185,0.936446168991483,-1.21524803123441,1.12401538724789
0.062893997425131,0.824910681595237,0.507669942824393,0.519748204244337,-0.881755685419731,0.728733355741168,0.859171047385414,-0.340305757903909
-1.52378029460521,1.81266488529725,0.226050910680968,1.15136830029402,0.787302645318382,-0.146164152907633,0.732558962937411,0.146212235344646
0.417284277897809,0.296708523822505,-0.0774469478114808,0.684190194315714,0.0916230844585387,1.52259183116937,-1.2112062300682,0.743021804788829
1.27863825196679,0.172192128289627,-0.914157929960032,0.981063415966378,-1.8188397645098,-1.55670217091256,0.15891872530971,-0.800052405237962
0.361247092304381,0.0351489748173978,0.560876979469562,-0.820350620429949,-0.163912244700028,0.462136049310385,0.666666847507599,0.814351659319578
-1.1337445132159,2.14388872080522,-0.417772087005918,1.26222906703789,1.51719736878492,0.59933687174989,-0.517203488493696,1.7815534878495
0.298290965876605,1.05152597875461,-0.215127350092364,-0.183678056070522,-0.635118350654704,-0.894721839196647,0.565864400343447,0.650979611319882
-0.101451301844751,-0.170765922232206,-0.475613755673604,0.211706380764455,0.047835552933939,0.770957925993319,-0.160864168348549,-0.361261839235893
1.51904808671028,1.42622532242221,0.058232841339724,1.45984368239195,-0.513895184771444,-0.674582764893506,0.788938928560942,0.152582056018233
1.14587123791012,0.0774213901317736,-0.207160990762638,0.788110584163742,0.799779073619205,-0.165495166325317,0.993934001561821,0.298954302088075
2.74719202092182,-3.05762373121589,-0.531744266299395,0.875956225071941,-2.01910195676199,0.0993076138546317,-0.975030040310607,-1.93138484995021
-0.758784376320099,2.51127020504858,0.395907134417841,0.142279824452416,0.237276976521352,0.317487632278787,-0.818582811050545,0.543010151143714
0.591044496653791,1.33253521139797,0.0545481139615609,-0.0453594980284808,0.746110494904733,0.369856802629551,0.576092526361248,0.616426339219119
1.74539304371107,-1.25340965188596,0.0793905785693225,6.10322697996907,-4.99088109578422,0.501737966839597,-3.87832433891903,-3.59365299354115
-0.0722900281652498,-0.904832988072212,-0.41199343299354,0.00765894097250858,-0.517774956216486,-1.59160707810334,0.798404843047908,-0.0389381701118537
0.420698934136853,-0.40705103964958,0.104278802825848,-2.98272694322326,0.504893324231658,-0.100470868429269,0.403201893660253,0.309182533125988
-1.0701033891697,-0.699599682878601,0.821771827674989,-0.841171711704918,0.00474356803119727,0.400641784800165,-0.653409067856576,-0.416154062236411
2.04524291559159,1.0026977961322,-0.561162093062603,-1.17794921526109,0.393466957161323,-0.514960660178682,0.252730699144797,1.83369753706142
0.389059593048858,-0.173625896341924,0.722396573295776,-0.894113626025036,1.68241486950981,0.208614357344562,1.96353440588689,1.38518318679399
-0.343437691143288,0.616972966135018,0.730032939029387,-1.5652003937237,3.47097643301887,0.804126905528852,2.03551478951622,1.3755897447577
-0.0942173468540846,2.34630064418227,-0.985973826612515,-7.00480224667819,5.68422760896131,-0.957149727949243,3.65464174009812,2.67338164687873
-0.906808661856834,-0.85240951843584,-0.496128532775977,0.0544610488434143,-0.0389495454789412,-0.372909954116812,0.14424537642523,-3.42797685216547
0.137284554065051,-0.630461752363121,-0.00965061399342646,1.292147911043,-0.880128586975219,0.604693387198755,-1.82342749016272,0.693889628909717
-0.827566893752117,6.37360038480582,0.48678094586682,-0.89260456426373,4.02485147721549,3.42087396768719,-1.72137118407273,1.58703549013348
1.2054958455109,0.438593777051779,0.848843719546284,-1.36024644806129,1.66742010545805,1.86807226233771,0.520920806825975,1.77991975922255
0.493238448419789,1.19412012183026,0.744133592174464,-1.18547868210431,3.02787998213521,1.13714878780755,1.31883223847983,1.17400732884245
-1.13975967070624,-0.944454048559497,-2.82034918063338,4.67816082073729,-5.31925123256431,-1.93013269978142,-1.90857068916863,-3.78609015451813
-1.20225511573653,-0.28382604229781,-0.695199715359269,1.84000348698646,-1.21238763753207,-0.110597960621629,-0.17290995275645,-0.821884749058354
-0.659790579131123,0.908089587596601,-1.01264679488121,-0.283441504590238,2.29786979360227,-1.77330374432445,2.48064923200863,0.444982514245429
3.18498226620707,-0.117913479294509,-0.0583100135749401,-0.244704989065469,-1.04926729119165,-0.109053663334446,-0.669618842902868,-0.747260140743551
-0.52997944994309,-0.689747232579159,-1.11702098352078,1.91986370521661,-1.35417992868663,-1.10793413422868,0.233420193665351,-0.422436180365565
1.91453096965302,0.124999327810323,0.937653188043705,-0.283166883445595,0.76574613042857,1.65975047253259,0.128985677269766,1.36983469780069
-0.0284564291790883,-0.0095919468864604,0.807583116232898,-0.527646590768855,-0.48003110786555,0.524208184439391,2.11951770675331,1.56902970059384
-1.62390305662315,0.362006971864099,-0.5014619469005,0.159562639464699,-3.38792374083485,-2.12014286136358,1.08562573659899,-2.37112190143374
0.649385219048182,-1.10566905152312,-0.607569770206608,1.93694472696211,-3.16346790586368,-0.747885749185908,-1.71601037223417,-2.50887321586546
-0.595957091847863,-0.841404751611533,0.736410374983415,-3.09315348870928,3.62940110537552,0.602419194896513,0.626278783191396,1.01803042676428
-0.73403022965034,1.37541466421269,-0.319038636434471,-0.520448958039526,0.964237435199125,-2.1760147783044,3.23023485983989,0.382752516518646
-0.774676340619827,0.00106922463323464,-0.708905531324779,0.791524113748488,-1.72746119012696,-0.685659617187745,-1.22097466975647,-0.843407556228008
1.24563487487822,1.49552370091893,0.537694463038801,-0.672268541194717,2.038151853119,1.03880846752048,-0.634508230380943,1.78225409580387
-1.35955745250479,1.3905082384069,-0.62994801816851,-0.838682816710348,-4.53811405374354,-0.666742003741967,-1.34498684436281,-0.803167848014881
-1.68086720986095,-2.04870371072332,-0.70293919719481,1.09548884856954,-1.99678862643537,-0.467595785956811,0.207252281942501,-0.868655530023661
1.2112160612499,1.33129255208517,1.18991953318144,-0.943166404570291,1.55586037963363,-0.559102699490023,1.16819023297478,1.36585488662534
0.68051109130138,-0.293518822964291,1.19738119255438,-1.19583303019011,-0.331998505561539,2.68810007302861,-3.2993989084452,0.65346228995824
1.25038077942678,-0.0868239409877581,-0.0343213337296577,0.442089475423831,-0.361181001636751,-0.460296034424482,-0.572364983379613,-0.568495971563548
0.788467146110976,-1.52268563971956,0.0311827454450946,-0.654056508680286,-2.59638902271989,-0.554899866287533,-1.8905862395005,-1.1300682178488
1.46445115303844,1.07473332730761,0.643258144701711,-3.44888549591433,4.13267531223578,-0.443408562760266,2.9362591017717,3.62556261019388
-1.47182017049734,1.32999555441015,0.18061687322708,-1.51168266704961,2.72926284707903,0.275835648300313,1.0607336524981,2.68379112599886
0.743418117057252,4.14621842429545,0.548001349970624,-0.862578553759165,3.76583678210311,1.83891152951843,0.732527475659312,3.42752781378176
-1.27193320286736,1.72129070755325,0.611495668166007,-1.43304706569283,2.08324900046195,1.36322210696046,-0.262845145501867,0.81448451425299
0.055350292201755,-1.28647424841945,0.600777149591568,0.548641918262668,-0.774354639909366,1.78379869798988,-1.63855421697564,-0.331604605098941
-0.273623642924722,-0.0945423306511135,0.496599179851635,-0.381300966441478,-0.662072399900921,-0.162793711153212,-0.0772948916847052,-0.391751793183865
0.597771152117693,-0.724701764671925,0.869713340797538,-2.80151863213957,4.55659436801861,0.8546973516878,3.12266842222463,3.94990085315001
4.3476112804988,0.0745673008233382,0.43015503263883,0.0239952780819823,-1.72478274260391,-0.671644604601771,-1.15016571174883,-0.914918967988344
-0.533691077253398,1.0285719482246,1.23145431187725,0.562734556587326,0.472962947563199,0.961910669641611,0.58236087442033,-0.343249417460201
-1.0536945558471,-1.42005827246309,-1.27416422551895,0.11377740344915,-1.10651286053944,-1.26412102858248,-0.18111800014941,-1.26623095957931
-0.184213711459601,0.493219331441924,0.436496831082856,-0.0974706613370578,1.57831574003454,0.502524049467427,-0.133149406963708,0.333435017890677
-1.51074961520811,6.199347317076,0.692914649630151,1.67892444474627,1.54954705129335,1.8011673869717,-1.20500758514328,0.582955034640506
0.736493875624145,-1.3662347767214,-0.162661434490002,1.08006887028175,-1.58770731036416,-0.282287950465354,-0.926031558954389,-1.7470999953834
-0.710416433732391,0.755440117990986,1.01951405867817,-1.33720972081274,-0.0231205642358014,0.810698682403388,-1.8959874194383,-0.0742341280375189
-0.925446125036434,0.468596228499671,-0.318696927515207,-3.43528770273793,0.0991442489926664,-0.673234943344803,-0.542834370269571,0.0593909569079013
-1.33287683514049,-1.39512691094254,1.05790870204273,-1.5578585160952,-0.336157435834016,-0.0381759921446674,-0.9496352807413,-0.201144464452402
0.303780547867794,0.0697402530538095,-0.997309528270288,-0.0592432360333249,-1.64068727492802,-0.94237621591207,0.255163235878735,-0.95424655580558
0.830394153076205,0.920638234320955,0.63230470312283,-1.49467577664473,1.89369258617963,-0.50085462777403,2.0032720229258,1.48919382539605
0.65084766631483,-0.150665544915083,0.73987896009674,-1.26435009939727,1.50168839098822,0.514019070755543,0.207082356519988,1.74999413513692
4.96735951167087,-0.0865149892460836,-0.840795371348557,1.91258584170808,-0.707309901419,-1.38071690870681,1.25054277492501,-0.246230770596113
1.73709079927877,1.53850008536142,0.00310425929486779,1.90717918150798,-0.609821568077445,1.37241806664781,-1.21615775116756,-0.660127175420195
-2.61398319640231,-0.314048677282757,0.0125752864120577,-0.00734104650311687,0.748946014676092,-0.352131846958822,0.71623221564861,0.0511515588415218
1.43554228581173,0.788452632587118,0.0153895246667884,-2.61305458348443,4.16602543760158,-0.583683091401154,2.55838335903701,1.92358808047935
0.38866902583311,-0.0561434328858535,-1.05176958587448,0.914275295023161,-0.800410859409568,0.317397976347248,0.21974819083407,-1.25806256341008
-0.146951742344418,-0.0019487184088414,-0.356901854471533,0.501533910767457,0.438198418499483,0.0732240224514645,0.929368901425502,0.568083521371382
-0.0611002536938755,-0.697907910805769,0.0289487942322356,-0.272032870957504,-0.0448303594100206,1.27582712615887,-1.39961400979337,0.873315690645406
0.814246264659692,0.815004507008173,-0.798561232849805,0.520225960665615,1.37884203188698,-0.468993113901081,0.782953570373369,4.05816026981488
-0.494261596413933,-2.75922666561013,-0.836251034059211,-0.4249689271569,-2.81645051724038,0.0762987043272743,-0.300612032369029,-0.681279106920547
-0.0614616136420287,1.36905480170435,-0.0509706055196444,-1.39352901043355,1.93530009075627,-0.229402725551738,0.629566520023091,0.141455726746944
0.347580031370467,-0.581137689990943,0.618357203878122,0.889692558127541,-1.88528985555671,-0.422317224044879,-0.697038302992581,-1.13261787763512
-0.200627614041008,-0.450985607855966,0.366340286196789,-0.831751248535764,0.743397590358723,1.39745822170042,-1.23375920906286,-0.16269947430499
0.893765266578075,0.0786617218297047,-1.10148456873753,-0.375277195143986,0.701134636160543,-1.41935568799319,1.21918846198175,0.59235963130471
1.19515038905739,1.04135453282691,0.58239389431503,2.22018027635293,-0.378336993439112,0.485615232761627,-1.10116695833826,-1.01798896178475
-0.537703910738093,0.086785383178066,-0.558104627221299,0.335312879521119,-0.722191192820913,-0.768129598553069,-0.450894440294553,-0.433427409615855
0.521834817842381,1.22439393650928,-0.178815854390008,1.61892512109985,-0.391309776003291,-0.862092043968825,0.625757775921947,-0.952180376861791
-0.335349299100888,0.575455839506159,0.644617998924443,-1.28579012551806,1.99624527793727,-0.16042635471837,0.958905143368041,1.2507457015313
0.163409903050492,0.168055674954609,-1.09596751369686,0.296990892480717,0.570440917969568,-0.877278178835565,1.16377307462904,1.07926966989188
-0.172466559178751,3.70528771995517,0.198442483052193,0.671660232648147,2.22538877289225,0.974937795035972,0.00464484384385022,1.1983710014952
-0.336013809227852,0.0114080291581266,0.525218212765014,0.134317682444567,-1.06793726072792,0.155753248544707,-0.907509556792799,0.493299689965025
0.299431262707412,0.727878064818694,-1.31531693966539,1.08666956293814,-0.993698945112873,-1.47082494556931,-0.490037985945412,-1.82603142341246
0.125136638794087,0.916296776896685,0.291355180302236,-0.040316696220068,-2.01608688221339,0.266705156088118,-0.842271829417145,-1.17376795747078
-0.43875262145938,-1.0891982811901,0.865140002805359,-1.46621710911312,-0.0235688585550909,0.569554832425071,-0.227429925649512,-0.515375759886992
-0.638880476152647,-1.8340693559622,0.526742432472235,0.775588137177412,-2.09951404805623,-0.422957061368751,-0.685937561393584,-1.83866742362206
0.609575277022845,-2.56622721983314,-0.0514005758909731,1.14180478322025,-1.34857457719766,-0.823965649949096,-1.34142939546364,-1.20115557914765
-0.486671811350294,-0.892247618102453,0.0747850970390907,0.329047459935718,-2.7463676185439,0.298904821250846,-1.81983206424989,-1.32183864679897
-0.134015969801745,0.751704249300889,-0.0620784637362884,0.250503447072281,1.50975611040294,-0.812579821090903,0.892587710458109,1.54171636589546
0.623720084290586,4.53664796030132,0.860896423512702,1.48754817881678,1.08907816539895,-0.861060256728191,1.62480946552455,1.42060649758928
0.0695726680501958,0.180557555221573,0.142472487346038,0.359129032459545,-1.25099016425062,-0.553920835794862,-0.62092252772054,-2.07660472542231
1.07389718758847,-0.185493824667219,-1.21679055450493,2.38296461546435,0.0677141173587366,-0.81890150219835,0.704149867896244,-0.563443474816249
-0.0663860229878604,-3.25828479596513,-0.537378259552018,0.670170311521356,-2.6035808097359,-0.622049538607802,-1.47119426298262,-1.12721190148576
-0.178394747693874,-2.55951025588785,-0.491437212541171,-1.16089383519523,-1.37670306683598,0.0830495219585924,-2.35283969492753,-0.146917707569586
0.857557605096614,4.87390519451721,-1.2941908796784,-0.185883400449811,4.06700735762984,-1.50841482054906,3.02958742716477,3.01730483617956
-1.52797227901952,1.33539787062971,-0.990603509770366,2.3441181924245,-1.30131940685507,-1.51393406722485,0.296624708007671,-0.594362533514405
1.62428615860499,1.16066703076577,0.931508926751061,-1.15449861038396,-0.499753384470218,0.838155713766266,-1.91071613019766,-0.489667531957931
-0.924644457233283,0.626993584939134,0.228850810617536,-0.17779801128229,3.75740771798931,-0.287994465519063,3.5653833749489,2.50498885158783
1.96474604536345,0.532387331018689,1.30012966672983,-0.30622657353623,0.572019813406754,1.46282293323407,-1.01704350488688,0.400223385917473
-0.413130756723654,0.495999881879963,0.623388342760586,-1.47590273676133,1.59109828641964,0.490630711673661,0.0125978428495372,1.63976646598097
1.34329617733972,-1.49653014689178,0.798295046126327,0.909541829683793,-2.96535460968062,1.41323222027444,-2.89882418192151,-1.74762918679491
0.145687336271224,-0.679789021909121,0.0982248959587872,0.90860862136084,-2.35251752598248,-0.420094465931715,-1.1092612451249,-1.40022831643278
-0.0739016093466815,-1.58269316964219,-0.90421426230837,-1.00538422677501,-0.278366941693438,-1.42645703947439,1.91114896283095,0.0321994465402625
0.525600110961776,0.271294019376467,-0.256085949073772,0.334683031193877,-1.02649481332024,0.573173291135458,-0.301795352897032,-0.69926235451837
0.411000570223054,0.454346363014214,0.554894247743193,1.08712278260177,0.58069224700679,0.511202820619702,-0.188382104514225,-0.284734027844183
0.536086017652156,-0.0283969572015546,0.376399192385372,1.07563853013967,0.751135990967256,-0.00231129031019306,-0.0746056280558648,0.340914235916725
-0.286357760048336,0.0454621870031281,0.25665145203348,-0.805982358625156,1.19548964015819,1.12554270491072,0.968945764216541,0.964418749760688
1.06285043483273,0.820107538833289,-0.415121284029616,-1.18006631462434,3.79640755292159,-0.451706547462489,3.03766328761252,3.29098553071858
0.445022542241751,0.353587823816569,0.827849774018674,0.102362323456844,0.581073521759041,-0.989181625221043,0.610820662930055,0.17923495546737
0.267673348508346,-1.41600707553807,0.199733117776379,-0.700598661823499,1.83070576711871,0.166503227634262,0.752830660893446,1.41108381468652
0.783416582729042,0.798449694601824,0.675567924184854,1.84863390778606,0.203800485345026,0.467759091079447,-0.348831456798445,0.630009004052884
0.609774248890795,-1.19135441092491,-0.176540088811034,0.265501298007912,0.821287642088732,-0.014456668285086,0.970693075394754,0.502083206186807
0.929595088106484,-1.02516067509364,0.364835383507328,0.68500184794241,-0.507413480001908,1.36132474907275,-0.615473963262326,0.830861341361973
-4.49501607825436,0.088574547631085,0.760832900624846,-1.7367433077167,-0.175493536846816,-0.0762940043064664,-0.362865948242037,-0.43092631032599
1.22788372966434,-0.456432061923719,-0.789384612918357,-1.30138989376772,1.73483622260386,-0.123913404009744,1.25741445758486,1.36443950705791
1.60210898469899,0.347557081394715,1.36486608390115,-0.135736723560156,1.59792206988266,1.6280839332445,-0.958724352874002,1.33084244584066
-4.28022046276055,-1.08544026561475,0.918004481059887,-1.05467660287453,-0.266604613873646,0.266464897976492,-0.834117556748163,-0.572845706419485
-0.647585263556157,0.524403014195774,1.06121349908698,-2.06739681488195,3.83423343813525,0.298016319731945,2.97493072342388,3.25633807060727
-1.65501154467861,-0.00194288921403838,0.241038690020567,-1.10005658525802,0.253930441363174,-0.24445644520017,1.08766340374656,-1.99753752674107
1.04835477924389,-1.15386409015951,-1.22503342767707,-0.845406306054999,0.899793933861283,-1.27821970504012,1.486008419056,0.0865867981050986
-0.296919533037205,-1.00512282109506,-0.645105876115736,-0.107139685585894,1.55650931219339,0.0953876561606941,1.40641107531015,1.19962129712393
0.0708347677282652,-6.88895209557182,0.367979399255868,-0.57672183540479,-3.95854475632351,-0.521764635178039,-1.31432726223655,-2.5892864404012
-0.722190736592833,-0.445244884752804,0.320438759092986,-1.19557621281772,-1.00992645798051,-0.223228962637573,-0.380751488091717,-0.318790344737239
0.0592635333374334,0.940264545688998,0.519625535901257,0.384507324744213,-1.72070717068237,0.52669540199871,-2.49214980507272,-0.906536625410286
0.433189724804388,-1.74281111369528,-1.09886184808488,-0.389089240641351,-0.0248459191451,-0.20812673249731,-0.810570829396678,0.442441484458702
0.778836499228745,0.197024818261279,-0.685106069243287,-2.02970711255165,1.97578992853029,-0.596557772540761,2.79071984454805,2.70718213958353
0.000476904058585742,-0.560051561390771,0.239308440421457,0.120252445251238,-0.0510513141409495,-0.165807495445831,0.286649154347346,-0.417739704033156
-3.0475127773171,1.3057426051369,0.442455280012273,0.377197435096709,0.589261589887916,0.382687276251556,0.549885103102876,0.769218229352413
0.397783586221138,0.19132344380098,-0.319476999263587,0.373843236760331,-0.0606037023180066,0.387523852572867,0.10988774581562,-0.353449762229768
-0.486369750229752,0.0438105855027343,0.0407520429051096,-6.14732962309747,4.67020353563271,-1.5794491686461,6.24016826326378,2.03209661888859
-0.973486534833085,-4.99002464836373,0.224236925505245,-2.09166038323243,-2.24488876926241,-0.456436382017364,-0.555561029151456,-1.64329653868704
0.745234044884219,-1.46022886659409,0.624788410078849,-1.92017230345261,3.78816152333173,1.57680613798108,1.10880970682385,3.78803651394807
-0.712269060128054,-1.00374474754291,0.5193500609929,0.696572081644648,-1.32995456826885,2.51952923824929,-3.36200761610943,-2.65494897079575
0.571346510688005,0.00384784389580019,-0.125749469463947,-1.07692269718154,1.92913183758128,-0.586360314030822,1.09287380555514,0.180340713796333
1.56970857133445,1.33604621437901,0.540851309226209,-1.37834109290796,1.33634070367144,1.42197905173948,-0.333032895779254,0.254764480629483
-0.956016631407504,-1.21382042346882,-1.03760903013448,0.0470067026138521,-1.66754616064548,-0.778081062994299,-1.84593845192085,-1.01832199310355
1.35603185177824,1.47015860925153,-0.033867211649457,-1.33018965442125,-1.30330949005221,-0.43458246031661,-1.13177962005055,-0.30495426329979
0.0640069476040035,0.166381596161358,-0.0200093655457413,0.116589686115163,0.462797353649183,0.300634318167797,1.34174223147795,0.324552183141301
-0.552952451110682,-1.3834005123249,0.28389880613324,1.07427195982417,-1.21108098418714,0.342272547419069,-1.15996623985344,0.18263086046218
-2.17080975226712,2.07745244431479,0.162813461637546,-1.97505590218176,3.23914100529175,0.0266858759427436,2.45721961387666,1.63300646427832
-1.33564522706713,-0.229664934795241,1.44542940638442,-0.420184914169457,2.06086627519564,1.44975144414951,0.999210965358113,0.764044421142106
0.0716570409665677,0.770397838362389,-1.10491143050258,1.75323272335031,-0.490298814591146,-0.0554421500291352,0.548494980253935,0.154402906937184
1.12882770311398,0.966067664918514,-0.406520097756809,-0.388072136087537,0.720804278774284,0.325093638224612,0.580831945387274,0.232747324037089
1.35211382478128,-0.394082859714333,3.67386007159169,-2.2753639910801,1.08406232540584,2.87309201039126,-2.06524522921799,0.765687468878207
1.11694583365,1.6204756138768,0.252856534023753,0.351154531238359,1.33019455372178,0.0195297915380245,-0.36356923510242,0.120703095463659
0.739974370299071,2.0381868897473,0.00024995419068588,1.65853958428531,1.14246078184849,0.0212632408321998,0.210735267288711,-0.272663164362588
-0.539391477186681,2.37484798356118,-0.130610201996061,-4.0447417028268,5.68130840220827,1.76332904155616,1.19705345140664,2.9037956354478
0.284148464905913,-1.02933285168862,0.0948344584930556,0.4329398169751,-1.14476575743504,1.28125110578623,-1.03883206552447,-1.03536241235464
5.44221333913361,2.89157019003576,-0.632946460351966,0.550621135409882,0.241723485121448,-0.853666286795335,0.0317539256610011,-0.0177214649798323
-0.0761469882734113,0.120614884865775,0.212675501298909,-1.17432203095237,0.306655663224511,0.182717991283654,0.856137387848641,0.354891215577997
0.262246630106948,-1.71054655270694,-0.0656848124179156,5.40829808324856,-5.13506008034857,-0.0679547694844052,-3.29964491599141,-4.11174977591921
-0.481561920446973,-0.0338839743060882,-0.241823182238431,0.775137786497282,-0.483466106333224,0.349708029214138,-2.40891366009799,-0.217777675866004
-0.221622933702918,0.706790817368997,-0.122103793506462,1.30035866780301,0.5057368428488,0.219028890336022,0.160071508981647,1.14544556703997
-0.0900129578667852,-0.361268158328072,-0.340140399018065,-0.595079373161344,-0.232477599561394,-1.52963988356378,0.876860832174215,-0.125914613383799
0.313742125935979,3.70648082785725,0.642676751727977,0.843381144217459,1.54821360004334,1.19511059811631,0.80845459930167,0.742538056213349
-1.04689034281573,0.773481053691536,-0.640400860733967,-0.401506552117688,2.05333248190458,-0.00501967125272806,1.67216594626141,-1.05108157454847
0.31759728131506,1.28989986495121,-0.200279557734625,-0.236599255859513,1.73380949782148,-0.439661843685484,0.955072953674807,1.50439978239398
0.387810499596524,1.67482864492989,0.67024874385603,0.128292552025328,0.177936549186568,0.945255723514891,-1.19384985411306,0.466331561179271
0.641092435873008,-2.09227757091298,0.183173549180056,-0.441497878715683,-1.49154147287303,-0.505321989282076,-0.240593711044861,-1.54540247502515
-0.715433345374641,1.20049327224697,0.0649093032063881,0.18543203697127,-0.712353013540125,0.40274534688459,-0.799157933562443,-0.757757395613079
0.673351306446912,1.36724729975286,0.760155922050343,0.888024035000606,0.841818112199724,-0.0349662960997007,1.36811475770179,0.0804343865967877
-2.11875228952727,2.77353446608415,-0.651245856789379,-1.40385656922142,2.79172002473283,-0.42271160036832,2.44875063829235,1.14649194840051
0.870921665425868,0.479983377894232,-0.0364238330424703,0.785654489004193,0.464653810796783,-0.38897244912794,-0.71696277243809,0.2574304165565
-0.892419339787748,-1.10943677930962,-1.40183142730904,0.379482384935531,0.0781627894918596,-0.355655010860248,0.399128441873944,-1.01360818736106
0.472194801842954,-3.18587823460636,0.00368005640852284,1.28346759738817,-3.81640111172471,0.950970360070262,-4.27791753105752,-2.0457360638885
0.548707232620257,-1.58732134519665,-0.214737178701471,-0.597878910794352,0.485103734640995,-0.974219452090217,0.867090887227545,-0.422909092520286
0.234608184190784,-0.805853211408382,0.539800472790995,0.84965021371642,0.92442056178106,1.42242898099749,-2.03786815976837,-0.264469470250475
0.97973007628693,2.34403590682945,-0.000274722981940333,0.486341079170132,-6.00217182190573,0.234154734012722,-4.67722891122447,-3.61233840351917
-0.79963362100879,5.58234359841139,-0.808890474407252,0.0349531567528591,3.20710945310541,-1.37961873690969,3.23649022601336,1.80898448849965
-1.41242639463798,-1.74770381863183,0.392435996764985,4.50129969352191,-4.48482233569502,0.977689109278481,-4.20722266126502,-2.46120392879032
0.709587731680288,-0.0555540217415391,0.698558275852735,0.818970366220842,-1.19287699773954,-0.100974768928541,-0.700787932877164,-1.48879878787172
3.94018461151581,-0.161534714958884,-0.227257100762921,1.33819054749102,-0.593152517187788,-0.578631218520056,0.776466118078936,0.302904064912985
-1.08430429426562,-1.15137234028505,-0.635625830213788,1.41771885406453,-1.35756767617687,-0.701575307628518,0.60428836488946,-1.12619802730966
-0.033556849055856,0.301584064231893,1.59616394088199,2.93134576300547,-2.85172603005655,-0.0521011399929874,-1.27752128754533,-2.71540257997962
-1.31097094429038,-1.30047600519579,-0.849457277005861,1.89949464410834,-3.66314627955925,0.206666273406864,-1.49558316516128,-1.56667413721316
-1.04637884039691,0.0719273356956748,-1.09501028801511,1.60050554691436,-3.08289351940327,-1.83353358073114,0.286947343253738,-1.40543805245645
0.945021629408175,0.930444842432854,0.939740575613241,-1.46093905321039,2.64557856109726,0.0443800232512256,0.440598643170847,1.53850979260006
-1.0956989654662,-1.26983182413162,-2.20886675883815,0.347043716234674,4.83126951144648,-0.724324392322687,4.03340699190254,3.95029844909505
-4.31324190216007,0.679212160762416,-0.0152971971114719,-0.103330850684058,0.447436471006429,0.271449996710266,1.15451706411686,1.11349257786063
0.0269169247863035,-0.337184990118376,-1.0649089965256,0.0269776920318159,-1.0164195027843,0.178406330903449,0.356540738083031,-1.01684000511981
-4.32381412431482e-05,1.23954607136021,0.586759569224204,-0.241577794297262,-0.15480303442082,0.301908317525888,-0.369759501976824,-0.0931450151203498
0.323797938399108,-0.154057172158834,0.616199319376081,-1.24493496283902,2.38495705399726,1.13475978246646,1.69814007657156,1.86583656807781
-0.283350247773497,-0.632854877564219,-0.874730035160692,1.45258564778454,-2.62103716539383,-0.233243090656689,-1.66888580284369,-1.63224137611009
-0.1735004473009,-3.38074131088479,-0.332785061647004,0.704603297515656,-1.27046330230265,-0.00468504570697387,-0.126634394735838,-0.811536784781166
2.55692763718263,0.00465672821726765,0.837222877573095,-2.34463635613374,0.64401359775525,-0.0974994822681555,0.831184192108515,1.57826125267444
-1.134709333287,1.16229806425703,0.418059327388381,-0.813216756459381,0.381035725102647,0.429201464882087,0.341575299589615,0.736433002517928
-1.82455656450631,-0.48655754237389,-0.533785023227775,1.03275532978001,-3.14930447452002,0.44081373770627,-3.12547442692709,-1.93459217026361
0.253571305769606,0.629834276452953,-1.16633519031879,-0.826529078647531,0.267114331477229,-2.34043275373502,1.03271652761627,-0.388092699793279
0.160858478151792,0.835116283271927,-0.475150908735715,-0.356315088494335,1.81998734666962,0.000528135693434628,0.638996043358876,1.74356907039939
2.05754380916396,0.591466411250202,0.539616364694588,-0.743611532191597,1.8701386065987,-0.109790358901034,1.75124825393593,2.24139940125382
-2.72733550215387,-1.68628700814697,0.690658544948339,0.312108816293213,-2.38240833431316,1.11437590379884,-3.28800225097452,-2.54985464221424
0.0862927029777047,0.536027042404493,0.097783562623889,-1.59516007037396,2.18028622837055,0.0784274821217881,1.54246778824073,0.642133196101078
2.38487650844507,1.56882776890118,-0.390636623142151,-1.00634158517331,1.322669889775,-0.10575188145952,-0.165772511913299,2.35561349875861
0.56672488634941,-3.50266998489275,0.191006632455223,0.540012453535246,-2.4152179506278,1.10881703889497,-3.3167826582448,-1.82540508921929
0.414962837032461,-0.32220725279024,0.855521418372852,-1.30856836926908,0.823404736175726,-0.0706678471377667,-0.37952461537706,0.690380427590282
0.582447182237337,-0.0914639449948338,0.216163165347118,-0.709255515235806,2.6790683257653,-0.234828468741646,1.76121726793508,1.55018868524043
0.251446199829296,-1.22130047262105,0.414248998508806,1.68478403309422,-1.36611996879586,0.0104393353537941,-2.09340614496974,-0.324854063555318
-0.0576777009011818,0.908779550927731,-1.13634048876438,0.11636585827463,1.21460224443866,-0.925548157252786,1.4610791717717,0.734477215207123
1.5490951836136,5.31969138944827,0.481992287304542,-5.99608839510507,10.9778459127029,-0.140866705888661,7.35424951682647,6.46080282554304
-0.0789892642902512,-0.356473561034808,0.100418840446245,1.14728852548161,-1.35713912720354,0.869484135111747,-2.30805437626879,-2.60631267552113
0.782484770566404,-3.55256388545912,0.849660221108659,-1.53443477134938,-2.46777790656122,0.73855944504466,-2.96070516782561,-1.79879271760461
0.182139251808771,-0.913286884264609,0.760531018616088,-1.79336108474268,2.48108946614195,1.10541134973384,-0.445753747528715,0.754856209289324
0.67970998822343,-1.75970270599687,0.404597703459446,0.467702465372554,-6.94671647455234,0.264173381738698,-4.64738674413849,-3.7929099276086
0.167761624455442,-0.554662591952134,-0.196399048307411,-0.0135452329854497,0.213156466402072,1.18307846445846,-0.393216019922529,0.0584418687574292
-0.190975356142564,0.519724190491902,-0.882629942955713,2.67013755545427,-0.805106307005932,-1.00114383774013,-0.0171521475166894,-0.422670192446704
-0.0467807233325239,1.59095571614305,-0.72464850905401,0.0459701361541694,-1.75840542965856,-0.748352465333547,-1.63768207624627,-0.53636003372855
-0.608027349118452,-1.6343475222641,0.00987753817143036,0.155583831783101,-1.39551878707497,0.635760865107461,-1.36708659988248,-0.761824407114528
-0.00328580994224953,0.146353885787168,-0.0529162695780843,0.0405097438634786,1.25839315492573,-1.14461893112638,0.44838041159238,0.771500675318168
-0.478634326153942,-0.290481945010566,0.604078543862439,-2.22413885932555,0.768546284048818,0.0523493815217906,0.328862698730508,-0.743323576230167
0.768782495349202,0.186875454458007,-0.990460615291219,0.32671333832296,-0.85648649312875,-0.486636763885707,0.021175981898927,-0.531662008960432
-0.239092783189886,-1.28294933278647,0.151604802630928,2.74417250503639,-2.99322475671011,-0.161909490535447,-2.42913193896769,-1.52498721631207
1.56460319548415,1.20291977325201,0.791580732981458,0.238046503431041,0.220260298163097,0.0114640876876803,0.125328454847033,-0.388969139928395
0.273471798560876,-0.83220581015448,0.888726594433618,-2.6527978639149,1.79848748034719,1.13182160370436,0.242610264066989,0.673149720641757
2.30249154854627,0.117253978037613,-0.383234203343496,0.3910808230388,0.697989800794574,-0.0188427332377208,0.702472950071021,1.01037896951332
0.00558052423354434,0.0402934801267098,-0.0801502618911967,-0.241368814458911,-2.60143043564507,0.301838156049269,-0.939361308965184,-1.61895413831807
1.69863266298346,0.703302003187916,-0.391546042562953,1.13205654058209,-1.44018596284765,-1.04006067656108,1.57124361110855,-0.889246121597189
0.470534966520421,-2.93141795637061,-1.57407725830323,-0.515880320682725,-1.18129435578497,-0.485525527594671,0.598625492311568,-1.95464247580625
-0.921494334388965,0.508180745862587,-0.775868006791413,1.08908966599698,-2.4495492987812,-0.753276924615729,-0.143421454344765,1.29770661463647
0.934462399968164,-1.67350005574719,-0.231159424869885,1.00691650140334,-1.54304837998675,0.713356836127541,-0.594370494563301,-0.295857430855066
1.5384710262162,-1.85474332332287,0.355910584154697,-1.42426153551781,-0.620274588424385,-0.443468509814514,0.818315808985502,-0.88924755004742
-0.666286550603627,-0.952138149480817,1.15653854141715,-3.71394966099526,3.33569973018346,0.86461897553856,1.71905619226267,1.57260562017371
0.242653669831565,2.28237384532437,0.238706906650774,0.0760834137066945,0.270226065192861,-0.372928383801758,0.970146495988577,0.32730298330461
-2.24019790648385,0.46968858960398,0.641315626885797,0.10448138417074,-0.27407650342191,0.460640835478653,-0.766070521484136,-0.0280291848339713
-0.694046807093567,-0.606235758682732,0.445388398007105,1.50752476251948,-3.85225069119631,-0.573376463958266,-2.22623623947755,-1.93803470223844
-1.08820483813351,0.5843704496586,-1.79365613723403,1.4494226180605,-0.212947311922956,-1.59124170405534,1.91761682168796,-1.73637572203691
0.278304237411014,-0.314832672245663,-0.504613044316527,1.59589236476473,-2.7599979456605,0.273755691937086,-1.44208141068631,-1.49982128635849
-0.0478020203559526,0.398505393096507,0.200916954653502,1.60885840451267,-0.94174610940574,0.0912689166901142,-1.2552421524645,0.671224619539629
1.71189010932119,-0.903739013833438,-0.0468257137182529,1.16560045216835,-2.85746590336089,-1.07155992674073,-1.98419569095101,-0.704676921151737
-0.24059066501748,-0.858112142899668,-0.292185743844786,0.625801797131233,-1.56757126876902,0.499963720987905,-1.3804372792248,0.0421968662318576
0.530346183982905,0.765988852221523,-0.529172065683833,-0.255517268507172,1.18954239236821,0.209088587826761,2.70417815271601,-0.237224075140981
1.15185368754295,-1.25959509917442,-0.68550317411879,-0.957473459200602,1.16988708702043,-1.40661412306132,1.40306061786256,0.236084889303681
0.94325201109162,-0.586207844069331,-0.0765353341578948,0.096685465168393,-1.3464012750806,0.649836713315889,-1.48211268052746,-0.401717191828905
0.242894657289054,0.25190145820321,-2.54845539308744,2.62456447658234,-1.15081779973623,-1.86106119217058,-0.273542515695067,-0.701282048932149
0.998017860220708,-0.211546478278562,-0.0103043338823467,0.873389589923806,-2.93301964861041,1.27150405816403,0.159000402310549,-1.75921501751524
2.01755943189139,-0.0277617492724428,0.548081892736212,0.235665062762752,-1.70571780258154,0.40693413925155,-2.06569083257822,-2.42033457546965
0.0940341098285754,0.992135882229444,0.0354753444721852,2.48698250223067,-0.813376610882449,0.394537958919481,-0.980009338538181,0.510098233430744
-0.678822244865232,-0.086893903132051,-0.742954953615574,0.00398165991568367,0.537570407779399,-0.354321375583561,0.195150117080103,0.9854517117039
0.782377642517462,0.601129546045074,0.45761283766171,3.7285774614248,-2.37228002782968,-0.331650804066714,-0.636625996618868,-1.01898814855543
-0.375037525179808,1.34842949026457,0.541278335394553,-0.410681938980566,0.259270325392578,-0.916442030465818,1.09980192487101,1.07048781590502
0.770033485858207,-0.467766635124576,0.311981426899537,0.607025233771379,-0.524388892857166,0.715869908803402,-1.77936985779661,-0.19962558112643
0.442347583075722,-0.400790044327428,-1.12065666046858,-0.106600610651017,0.877357394268419,-1.50113815092008,2.98082726202291,0.758311050941139
-0.0422477422634365,0.276268994045229,1.16816942240706,-1.01480412350896,0.343594926241845,0.268597463942623,-0.383473431669636,-0.135706330705807
-0.346460505111046,-0.596600872503351,0.256247804581332,-0.156369224563914,-0.804934640188778,0.71473737822057,-1.79231568670407,0.256877260542556
0.760863273184569,-4.273013286593,-0.804691708069052,0.36913881325134,-4.01791718532353,-2.19721417045146,-0.982927579656868,-3.00874954197267
-0.740955303220884,-1.41694967120909,0.820531655688914,-0.529023376467442,-1.33052622450165,1.15153170125576,-1.99761233400278,-0.492055360426846
0.811055578422403,0.77481202419789,-0.418246913670868,-1.2183655926034,1.72062185738135,0.309770500362653,-0.00536388886912975,1.16835684910901
0.0589343509330944,0.950146104845332,0.617848111741766,0.31670493550141,2.5892278053018,-0.205220028589415,1.56318253245284,1.43399566851165
-0.504823954727786,-0.0516981357753104,0.37813618470379,-1.51573984260868,0.361872829753287,1.45813212891326,0.0165641887186556,0.0256996852772616
0.358588037808887,0.957590645014946,0.253733744611218,0.150004923273211,5.5978415661774,0.445927722680075,2.76972640206068,3.17003906301828
0.0958880170040057,0.590568029171298,0.169156018932881,-0.347842800461576,1.38112486432032,-0.325337648245662,1.85586485004261,0.829734657748105
1.30031352422163,-0.239809954544067,0.985930476466485,-1.83962516689252,4.34765052933438,1.13366525143317,1.32761639796316,3.09793807036724
2.75790821600619,-2.71365074535763,-0.429711047079884,0.657302873970574,-1.6818007831016,-0.516133402417521,-1.14510925407882,-1.38676392090428
0.0238370023335151,-0.62373126656717,0.350548759550682,-1.5514067966788,-0.100886057805335,0.324718294426698,0.562981250019694,-0.0510174586590118
-0.000436998255699442,-0.39627318366052,-0.23318906396677,5.40611692822665,-4.16566062825347,-0.228515989614396,-2.13757238767646,-3.81109290075333
-0.591113506952337,2.3546600595898,-0.105391500980218,0.844843897259509,2.39276590463267,-1.03132843409543,2.51019317151038,2.07480914779603
0.316974087841461,1.57327127892046,-0.0609184297405392,1.12432708393263,-0.417341863959942,-0.772815365868705,-0.684902987487742,-0.971736813904786
-0.138472707687877,-0.783269981365882,1.33301417479583,-2.19795995087757,-0.0618808516939735,1.42010525989292,-0.0657734132144563,0.32943121323372
-0.912995234527805,-0.612931298611207,-0.797764669800744,1.14167908231488,-0.770750264853254,-1.08015552555684,2.48325306929307,-1.03346453512915
-1.44941158573271,0.973296690583727,-0.0693264087179409,-1.23113847937286,2.42527137368833,0.14990088933536,1.33355469227652,1.45539790236569
-0.144306042125959,-1.61356446235727,-0.371416415200475,2.11775846210923,-3.44111320132406,-0.282135952422666,-1.96813135989731,-1.31122454632991
-4.88450223284234,-0.89330758625043,-0.339623045406022,-0.016297480790718,-1.35003501655916,-0.540948517414305,0.215725111376374,-0.040434415784657
-1.10060280316009,-1.04549757690693,0.845399192136764,-2.79086444102682,1.6357889138868,0.517725775386857,0.254624146706991,0.0297871401244926
-0.24228887038086,0.75775622583848,0.089575121384044,-0.587279561929561,1.68784433884057,0.774775664533477,0.82933759284796,-0.173535502167091
0.397120134170499,0.147612915904498,0.703843713805827,-0.549977192822932,1.31377957261343,0.773028098536685,0.0284100420815528,0.766732953783545
1.06747846187832,0.610723032129199,-0.261940759297179,2.18551165978488,0.814593244700568,-0.692514021665255,1.5653703076213,1.42641603440077
0.702693331873529,-0.455814647651334,-0.570287169504866,0.511856832016677,-3.83314820014177,-0.217321486785466,-1.95814846491667,-3.38488943954605
-0.132190392398091,0.0319052194861453,-0.490490765356055,0.46090612404886,-5.83332035290022,-1.11877800136729,-2.92596807764997,-1.34600201135328
-0.115032365662062,1.13319419652577,-0.133442922273938,0.615901850080911,-1.18613481211312,0.382046191081614,-0.162279719906161,-1.25720682270789
1.01271377846099,-0.83220123106603,-0.710614210212415,1.24588149068367,-1.36324871964841,-0.0874552337150678,-1.81927859370819,-1.30040813342882
3.92580053459501,-0.395936866228573,0.00116255680103759,0.266871065099835,0.713041462245475,0.62596998173177,-0.474950782708459,0.840030716504066
-0.853536624914327,0.802763997592697,-0.103060177386065,-0.378627850611033,1.39487165370169,-0.752452659968457,0.145734913168916,0.222932983082757
-0.742251958635937,2.35419489584417,0.57298580911455,-1.59028825650248,-1.5827984777767,-0.0181134466377856,-0.798103672690827,-0.756643823570943
0.8474897452864,-0.978323123315186,0.316896134717701,-0.106377109346324,-0.319089783939701,-0.105976348431824,-0.506336622155088,0.432141662280563
0.0249504848679908,4.94579274266245,1.03327308191151,-7.45201755812412,8.8873010764085,0.42943623046994,3.31124258018792,5.67178311737668
-0.0244344302002139,0.683749279828034,-0.629711457933251,-0.134253422924611,0.0287412352522518,0.840466481833207,-0.180512858164454,0.516672874696061
-0.0218491604890267,-0.649864996675115,0.837766222414738,-1.43855986759021,0.55392501554246,0.172015135932713,0.0536357760607407,0.224361245413311
0.713871585566289,1.70395962510042,-0.620027548657131,-0.805782065506319,1.55986590001276,-0.483923881594526,1.7059272115324,1.75160362852098
-1.01319338309463,0.266518136580771,0.442899107656406,0.695476609330575,0.38297613758537,0.49153520265927,-0.889298347132275,1.14679075545075
0.285575572567909,0.957309558196474,-1.19771131190766,1.25325550861362,-1.66641266770739,-1.53063818419074,1.15582711172514,-1.64924605374021
0.638595528971784,-0.815621078086959,-0.525513041172251,-0.715657770046093,4.29931142534681,0.525025966662102,3.25783940518206,2.42417596511606
-0.208481102398368,-0.613746075687861,-1.35359028961461,0.509016252518553,-0.987558389492166,-1.51336187949419,-2.45552529126414,-0.666573056939526
0.794782035853787,0.451646635260885,-0.397992613597112,-0.548903634667375,1.40331724651352,-0.9165291811852,-0.593564874756457,0.61387506995021
0.548298402083866,-0.512887561173407,0.67863035699859,-1.39398380184141,0.218126060831708,0.476112651316569,-0.0622938854234011,-0.87127489873305
-0.342989336283811,-1.95426687110609,0.731021407241901,1.1597785009697,-0.321936763162802,0.314660810639023,-0.923105743227227,-1.06173624073162
-0.0292628827181093,-1.73637218514864,-0.593351914168519,0.356585062739537,-5.56123617097934,-0.427749466837044,-3.27881832599166,-3.73765257591401
0.96517370514186,-2.02637742836666,0.343430985829846,-1.44108019262616,-2.3825205003919,0.184859510751706,-1.34545890438746,-0.954920942836783
-0.0289024179650631,1.00732824367001,0.638851700282494,1.02140369604424,1.32979546464041,-0.533941859387386,1.52374358711927,0.261624497477617
0.0728979472620546,-2.07066056992882,-0.182691493581032,-0.150687948289867,-2.24087134037728,-0.504128573264965,-0.772505409706492,-1.32296177844588
-0.319707461453978,-0.330888655666147,-1.17773302331806,-1.44144208995216,2.12696579025937,-0.925401030412695,3.12925127384618,1.26515214509494
