-0.0903527979448988,1.10568527622162,1.14581493450725,-2.87343574769771,3.61989315323221,4.94292580097912,0.839366986139168,4.17159622344499,-1.66258635068239,0.365831323090897
-0.249375728813376,0.965092881764827,-1.23226285145073,-0.747000284374431,-0.499512900002757,-14.8098826065896,2.86450156740831,-2.24934981059893,-1.77106024380099,-1.71853443124476
0.664466990193914,0.788626951450395,-0.804622215902559,-7.74534521448281,0.98032893482257,7.52314844701247,-0.954912468019103,-7.63874496434517,-0.539863821217524,0.768025281790765
-3.74088592685701,-1.38076646337519,-0.693908470501066,2.15439440757286,1.07642086024428,-0.816955416360441,5.82687959944524,-4.84943792807227,-4.41915481042646,-4.61797428108758
3.71857358550453,4.47444246129518,2.25748407748155,-0.896719384154084,-2.28056630423404,6.29986821213242,1.60099131452664,-4.16445892886369,0.0420659906518905,-1.96876431800963
1.67360558307417,-1.81205818525605,0.462344507737401,-1.06551169895572,-0.720396495841113,-1.36049046330749,-5.31275837254876,2.83185447605094,4.14325689591105,3.84077037004801
-0.205083851804619,-2.73683713287094,1.93572373921667,-0.0800062086337188,-0.715961692443621,-0.805451756305105,0.0353679250114123,-1.14993143036454,11.1094816854338,0.25157540861968
1.27958817035381,-1.44013404355204,-4.00957169327289,-2.32639261701667,-0.815084175303084,1.8871310774176,8.0231839853858,-0.961447460238873,-2.63411028085353,-4.8496018015276
1.10261786954702,1.02185952769497,1.01904432580916,1.28384716334311,-0.238933188053732,0.99971626923243,-0.224064198365066,-0.68953270357229,15.696531204403,0.276358698613106
1.90485626987774,0.485634900300382,-2.76905675104342,1.76464920640839,-1.44673908263089,0.435370820513329,-2.20903692668601,5.56265450613866,1.00961303317276,2.78124117213575
-0.911658042440865,-0.775645254985569,-0.981730775203266,-2.22383846874841,1.22887778844133,7.60418299768988,1.53556837207335,-0.957227828804205,0.135465546035885,-1.79679552205324
-6.32922774015624,-5.25256447710806,-0.661394223072738,12.1375682421162,2.44956587539083,-9.16392035200805,-1.00455924774417,1.20599821050014,1.41946760515394,0.902605142120693
1.75811985829907,1.50964479984794,0.828376058144382,-2.20425122244631,-2.03132922273719,-1.84826903990179,0.597056196947011,0.679106525701644,3.53060709469017,-1.15379586105463
1.34274540511486,2.3838742305869,-8.0091893334179,3.65859400888137,0.575680740201402,-3.19604563620192,-4.67231533543437,11.8480921568525,2.4644699947387,3.58840360068051
1.12282494432192,3.0420750831469,1.20629818318431,5.23690390664457,-1.98429641663971,-3.71760301756243,6.2745390163868,-6.83900628715026,-7.35349946772502,-3.13056250447861
0.445334946790788,1.04451849731036,-1.1277359249251,0.47264999297312,0.527575239468555,0.321310426946943,-0.00340313788327186,5.99753684642671,-1.00897733789642,-0.779578404494177
-1.91033159483805,-0.468949535999797,-22.3531094452353,2.2149010416517,1.13316211866977,-3.0725060321077,-0.0145684300389289,12.1221176955777,-0.079589375052213,-0.4101972308892
0.720976777229333,2.46025424284819,0.828413973004884,1.83801714981442,0.892193142249208,-2.29025839038871,0.0512443076719765,0.906126985032354,-1.87691091032692,0.373065447685182
0.487158436338164,-0.223257551243585,0.504906652970802,2.08403451585534,-0.437769162113342,-7.80048966748673,-2.11577405882775,0.283459903492052,0.295240982575825,2.08338077826041
-2.70353900925224,-0.455536324026495,-2.4227882097426,2.12587659257797,-0.100866174924254,-3.00553899762955,-1.30133317220477,-8.28907911950269,1.5113386843258,0.308340194464865
-0.809764508117522,3.5430379309749,-4.36819030479763,-0.85037349443596,-1.90408641265684,-14.3213019701422,2.40084500499856,0.99048786353971,2.7072456422928,-0.910210918638782
-0.913884375842285,0.929621642039835,-0.838579171629428,9.91721797979626,0.0948798776339436,-8.63890841574513,5.65944381236309,-5.25168320599502,-2.83165700804126,-2.98868147492594
1.50300242182634,2.6246170979678,-7.24714319819165,0.0262955127605187,-2.3801104853993,-2.73143409363817,-1.06538738291967,14.4001595265574,-5.22968644463725,0.651025569176211
2.06272083838633,3.53032616045421,1.08737790823525,-4.07623170802188,-1.75213849705131,4.26387139585825,-1.31532762735626,2.33975865126495,0.185455183797471,0.231104570345605
-2.15571415703405,-2.96833177095641,-0.403799776418518,2.79792364722166,-0.0751066024620135,-2.55113535169201,6.58103175251754,-7.14888437084754,-4.06954797145887,-3.94362896693642
-1.88632489243675,-3.21698719928202,1.48930044500492,4.65438744854319,1.71545427933069,-2.14238562150695,1.31540771338566,-3.05176244219657,-1.63035959383159,-0.782982877510532
-1.88405967001638,-2.20276712203016,-0.67686474086941,-1.45192584177279,-0.294720715695741,0.122340197949653,1.69292807499464,-0.879508326793344,-2.52751408370515,-1.16113591173356
1.27425488146944,1.20707161796918,-2.66674579635872,-1.72391557335789,1.02304873042202,-0.0185964725762433,-2.38542365904593,5.35206531899175,2.10818135211804,1.51357919103048
-0.430211804068377,1.07322361253717,-3.42937163631069,0.113437469784298,0.193264743481035,-0.0091986979115618,0.81013373927977,-9.284213792988,-0.483812966041103,0.558223675350136
1.81711981128621,0.72225714706734,1.96400204448295,0.411143287084515,-1.21356630751235,-1.58698084822162,3.57167339978596,-2.05529619004793,1.17997053423177,-1.80054463500171
1.12573358655855,-1.83099317226327,1.48702152893666,-2.97070363198396,0.241408158131438,12.8655116690317,-1.20950143734487,0.184692519872799,2.08782099401982,0.698914442351461
-1.14813625821865,-1.01896439289707,-0.000697397345512726,1.35864055054194,2.20330032875569,-27.9752895063596,0.0052904483520519,8.5607526751892,0.0167522743636172,0.367218116343443
-0.237849482314702,-0.9167615698115,-1.93806319791054,0.559764527684748,1.55733721601072,-0.76236207717765,15.4319726882678,-10.364001334486,-10.3559466611625,-9.96597430259489
1.33461587108924,1.2413965532404,0.575901608056907,-6.29146623138373,0.956935925381189,5.24102427275606,2.8095116004042,-0.871735792854399,-2.71591895587514,-2.17599384033923
-1.32934014046536,-0.913017342804087,0.966902627001442,1.62407941455624,0.0624167507471188,-1.03986410827999,4.06886221107627,-4.13219133580931,0.131974027598947,-3.22756749540022
-1.18152857003846,0.0668928101040465,-1.36540842573098,0.154588929381361,1.43555334387777,-40.3840379603366,1.19253082258629,-2.54862127519892,1.73562919370769,-0.679774967840261
-0.847849906238099,-7.28289341257602,-1.05962227925158,6.56460568745903,0.827372712739623,-4.89005816192953,-0.584179912089035,2.61393892969383,1.22768580882581,-0.506902052961386
-0.494060286022353,-3.03017520326847,-0.184537391420418,0.0869364539837743,-0.840196440463309,-2.01477811353114,2.19507178362703,-2.89405334758606,-3.14439279225415,-1.2445086313867
0.981061679905532,-2.6847127378629,-2.1321317699176,2.74578173657,-0.658678857033412,0.283907350222083,-1.50270635707554,7.72795878576022,0.0619268786449424,0.907576219483721
0.912316674560477,1.04521470797484,-0.556774233829339,-2.78852120111915,-0.329194596145099,4.20938543100055,-2.15437397414495,3.02719829088068,2.31122167434567,0.697770667989035
-2.92714669509269,-1.69601405909628,-4.81181736312504,1.79404995382423,2.85566797995929,-2.09976375902336,0.992273699441969,3.70482847391699,5.94552815474078,-2.8104548663691
-0.307752535284952,0.46032258456799,0.870072912447481,-2.63016978024177,1.54680707582816,8.91454074806467,2.38059348979221,-5.23356711225365,-8.09927305749108,-1.09192773655034
-2.07776751356526,-1.30748877654441,1.67300621018346,2.70663124230207,0.702553049869623,-3.4248900243483,3.3079519060228,-3.89339798291976,-1.13072559548772,-1.26590962708004
-1.1765784644867,-0.321330294175479,-1.53074628458343,0.261256766032407,0.218565918338778,-0.829203827661732,-5.23529006834144,6.13223294754065,3.8690805159652,2.95183930766462
0.55477669729295,2.01903386935902,-2.37835139498863,-3.28181485690008,-0.485795550190484,3.46904771143375,-0.95534689433435,1.81247341091177,2.80557947013557,1.43914941012656
1.84228662479005,0.474200791093789,0.856873226205183,0.876450135626245,-1.81338645255381,0.251400529560044,7.16316106983414,-5.76671342038115,-3.03727465508581,-4.31994877926233
0.867407748740061,2.29685778809209,-1.33102644209588,-7.4677111757523,-0.632773369720926,3.3363936203534,-5.13144069719156,7.90546927674937,1.78989694280182,2.38315978799367
-0.737339508265223,-0.0135933849290267,-0.00849773177607199,-2.42037694862318,0.307722279495556,4.53108632374911,12.5472716142203,-11.4383397411709,-6.8085713991283,-7.17273014651627
-0.317906315397531,-1.89632515072187,-3.0731649459652,0.299835171553255,0.192094416914206,13.9584117603139,2.82684563678988,-2.85757331121115,-2.80824010626436,-2.10300605719452
2.85494336307589,2.35206963498462,-1.82459112589114,-1.86131181872228,-2.8735423880118,3.50111631677806,3.75936480065041,-1.64461833283827,-3.39379921640581,-2.71375715238712
-0.307307857779424,2.3620230311681,6.29778563849692,-0.493955991296468,-0.18780166764297,2.8642602178409,2.46407319846284,-7.20638507283585,-1.77157177050391,-1.38916145665222
-3.27707738287934,3.56691999290106,5.45238313305522,-4.86024345140786,2.50310934598295,3.42912670105908,4.1297872264103,-9.8036159025229,-3.71481045240026,-3.05886810305745
-0.408192938969381,2.63871698551635,1.31360509869465,-1.41052210649028,1.72722368264288,-2.59678668866154,-0.731804320107357,-2.41405137983845,1.27886629007241,0.313227535252321
-0.783399012678494,0.0980924155270395,1.15303050347876,1.06835974103008,0.731970300431461,7.7854458449448,3.38556543027226,-4.8450852118555,-1.634348032159,-1.56199105387652
8.59727015823001,6.90880383052317,0.441584584340299,-5.8433746637434,-5.87738609773482,21.7654266354945,1.26338004189679,-2.03403876054574,1.22911119121049,0.118890690778967
-1.5894933153552,-1.12027679825669,-3.22661089848667,6.30242332026777,2.46682079713246,-5.78736498401998,-2.03665892799549,1.32792887416108,-0.784090959568314,0.115912733188061
-0.759488125972372,0.41896899084346,4.31542278000647,1.22963732682097,1.56304144577084,-3.80412931992212,-2.33086921632444,-1.79828108037481,2.52317057054523,1.42954571774006
3.24125198169721,2.67055038356825,0.125033042009305,-2.13120780975343,1.93772436043699,2.6330791920977,1.93503904403069,-1.21259727965408,-1.1657053606436,-0.245504524523885
0.937189404372066,-0.767088893582312,0.696921488886136,1.53374739734347,-1.24675719325091,-1.47197413712283,5.20809320736402,-4.79153675273737,-36.537491272496,-4.13076233637751
1.41707106315535,0.428999466964538,-1.86716681966558,-1.55973610037129,-0.824877037715764,3.42885834911302,-0.109103029006136,19.3496224587236,2.39925929685394,0.192333961941373
-0.908492419947199,-1.10197819572414,0.856468551965682,1.14145207406563,1.83606524892077,-2.84532664740058,0.871568072486447,-2.95973924997852,-0.411195372725817,-1.08754012354695
-1.51322486828452,0.191223796756816,1.39097400474782,-2.79532317758504,1.5383664603987,1.41686484244398,-1.26185988784336,0.901602167401524,-0.448008009762148,1.1675276371092
-1.20834073887076,-1.38683253594081,-0.511104787888332,1.12550036552676,0.38742439183755,1.64292945829773,-1.90376258554596,-0.167347603863822,0.647138244494653,0.364197235886564
0.725121002926242,1.99568351905916,-1.45587144126224,-2.75516830171789,0.0723544547134666,2.36172481334663,-2.68064582402111,2.10300439374275,2.0734690521854,1.21407939944722
0.755768754608058,2.01407274779346,2.30695576069098,3.09456258769703,-1.45191892090911,-2.88601988538199,-5.93399397886337,4.91188137881027,1.48073374800314,3.61049652489888
-0.307764110293846,0.98918633928418,-0.201275628353291,-4.30071076075835,-1.780781086394,4.55248117933696,-7.9606357483068,-5.32715551353761,6.72846801999655,5.01070006415734
-1.48819983233282,-2.89163003775724,-2.30015016437172,0.433424869759306,-0.537671530945858,-0.961095836827577,-0.890567229371982,-4.0659816440208,3.49936652267409,-0.424049663568077
-0.571880680796764,-2.16856850236698,-3.63605871768377,-0.855932082506311,-0.143767553106971,2.41585554755967,1.3340471558633,2.14037273227074,-4.03796087860215,-0.692621375939903
-1.13715240749602,-1.23953683249657,0.274288132458525,-10.3204609685916,1.36111151601391,11.404727464144,-2.40315148319206,-5.28499085115036,-0.0822142700619843,0.980172131545738
-0.01974157177458,0.567424239621209,1.26730951071222,-15.8097935615174,0.925779771976541,9.57528895214538,2.54880057538807,-1.32893338073295,-0.06743677959688,-1.36813311587944
-1.15113936221515,-2.31918822243775,10.7209112726164,1.74202346673709,0.237720848031505,-3.39425232418368,-2.20340503316127,-6.29832668167073,1.91304994119523,1.73082394023111
-1.1048838380732,-5.90674108787065,-1.16876907737581,6.86169820814827,1.58491693011729,-10.510224774244,-19.7475410070251,18.698024740322,13.2886524274323,12.5600852341361
0.150393403314859,0.140488728767834,0.978563266345124,-1.55676565072377,0.777684209835259,10.5119291400433,-2.69963401463951,5.71405179515236,-0.345423812344146,1.76513842989106
-0.97617706524002,-4.04136986286613,5.83074289797539,3.39892967244884,-2.06135349644252,0.210365323260785,-1.59953587155574,-2.19295694552591,-18.302570903901,0.955019965373133
-1.07723911101876,-0.64796584346764,-1.59451826071876,-0.513583297622228,-0.783569901715508,8.43687990237032,0.026617535102209,-0.392633747648185,0.986955544573139,1.09688588461418
0.969335151689142,1.33670192575146,2.31044474540025,2.15614491796528,0.100995383093126,-2.40882593849454,-1.31631923592216,-1.54738728337372,1.94474821206007,0.173634379591262
-0.243785411813693,-0.356798379700406,1.84222847219431,-0.21304401977149,1.38543225044881,-0.350335038628502,0.992118936167675,-2.24607603995953,0.022686069816238,-1.89113365009153
0.213491781988106,-0.372886118858624,-0.636005230787028,-1.23268713486148,-1.19642159465134,1.79795856602142,7.02617330802328,-6.57816605642599,-7.77542264200309,-4.56828539692282
-0.109807669587972,-1.73821205164061,0.463057213043766,4.56135825582607,-1.21613906264095,-8.10487162368656,-3.65192084482736,2.32237017955115,-0.328268291890887,2.16062613234004
8.64307400823054e-06,4.96212161025449,0.0320805036037398,-5.68250310619296,1.17435913702995,3.57486478545751,15.5494258436577,-9.77811076150105,-7.85348078840983,-10.5653006651065
0.610955254581403,-0.100812232660476,1.18084509866108,3.05092938435977,-0.93808376302298,-3.182587298072,9.26599202182829e-05,-1.51126362300152,2.19094087958401,-0.824843917757627
3.83271298946579,6.1330467771564,-2.34205652222966,-4.00529298774322,-2.7092767934514,2.36725169343202,26.3240491009642,-29.4777398230776,-14.7618821286709,-15.7704810098768
-1.79483467622266,-8.0258091385165,-1.24818991081294,4.26091853320848,-0.345302131203958,-3.40769865598452,0.543271893754766,0.138181719442393,-5.55516703725315,-0.706721434211828
-0.010179687688991,3.79881646261053,0.617790322197907,-1.90246711726483,0.102532699271804,3.67867739354055,-1.43360035179701,0.387897485280487,3.89238684254955,0.860356730948912
0.0730189428427884,-1.20823634736249,1.98713052660901,0.959149531732752,1.20594882136743,1.59490524940009,-1.22004877933375,-1.41546774646959,-0.848325994113203,-0.122479763516971
2.28346836217763,0.828442841728502,1.1409281550203,0.00709729461997621,-0.410376772285588,-0.629675871276528,-1.4686110175505,0.903131360986499,4.82139846169826,2.25845682266031
-11.3522740827618,-13.9142609275643,-0.877878280811346,13.293731532993,5.36536131941888,-11.1306870822989,-0.924476727967928,-6.0136171890795,5.47683248486215,-0.109942018855573
1.02254393727021,-3.41520255063457,-0.166390620670526,-14.2159470318991,0.332951391593102,13.8689145234142,2.51360472049235,-0.501989711708521,-0.136326142471452,-1.53355907566458
-1.03574036263164,-0.27118244681069,0.725314360731849,-0.486806997672307,1.38138903521438,-0.735036895646247,0.57010196047807,-1.62951393449897,0.980499405837661,0.0756466690420226
1.15336826387101,1.19419023587695,1.54934172339577,44.4078724577998,-2.1811197245586,-34.4249791454376,-0.19163976269312,-6.69797212013499,3.61049170947795,-0.0322420630768153
1.33619566501002,0.456485755967987,1.97360934065716,1.22389279586847,-1.20271065510124,-2.44848877818066,-1.46844647749509,-1.95432351450526,-1.50322334488149,1.79672502832539
1.18432087669621,-0.665778097906314,1.32315127150213,0.939629112772517,-0.413963786957571,-3.14983114858841,-8.51668527047307,6.5459022503245,2.76977977848775,5.11513197515153
2.34940359896078,1.40437721454235,-1.56177639398213,2.69198325376727,-1.87247019966652,1.11812816493462,9.5391791901637,-3.83353964184794,-7.71694794843284,-6.2430433282025
-0.813513541974541,-2.41710954403477,-0.0424656743736935,3.2353994516243,0.513056239601828,-3.56971639488778,1.02584503069556,2.06310718714988,-1.9859134444278,0.246671536528896
0.187061883926587,1.12924551611653,1.40609640774601,0.128406025650363,0.504375659409748,-2.20772660437961,-0.436392335891749,1.16054060866361,4.75880337645843,0.298617917586925
0.67231575528561,-1.15443340083909,-6.88822360575051,2.14596926373077,0.324518118165852,-1.25099743018334,8.4698927714573,-2.70947988094479,-4.79463994350585,-5.72764785274994
1.20962561820358,-0.0734634022159085,2.09118726812709,-4.93668080752978,-2.00004397305602,6.00949564385769,-0.629751460072676,-5.09396944174915,-2.63397875961762,0.400888787488559
0.652547008283373,-1.42488040953999,-0.576857633188971,-5.81955893092399,2.87791711477219,2.16860847413158,2.29026822564771,-3.27660797417145,0.360004952594383,-1.38950704689536
-0.369076590884833,0.399929118734311,-3.9710583124339,-2.45454477824113,-1.32288986738699,4.7838032804699,-5.19690987596902,8.37957604470053,5.77995012778572,4.0741223083564
1.70324989181331,1.12598539465248,-0.0526911591140983,-1.12082633818245,-1.02818899295588,-0.292307895626516,-4.03418381212719,-4.60549794370557,1.25037371067295,3.17733953160039
0.345052099514398,-1.81400123593451,-2.30520914862045,2.52068223863322,0.166377340020336,-2.77334205390573,-0.236097070724307,-0.387837820509931,3.56300163989177,0.45809707814653
0.940502962971434,2.1920106736812,1.47373733812294,-10.880557502515,1.64512955312346,6.25529536122816,-0.154289410185094,-2.86904616478714,-1.78354694229941,-0.967467663425215
-0.417030126180323,-0.500138690158857,-1.5806523385812,-2.81942096793007,-0.0867089339680145,1.81810760512101,-1.9881323338682,2.58892708115307,3.32551812950169,0.15672988249819
-1.14400212159537,-1.13554727444971,-2.33342743815994,0.902280307990308,1.97383636993625,-14.0869960862854,5.93538818011092,4.86401142608247,-4.99004278569637,-4.27506256801916
1.40439258574746,1.13480220638336,-0.427513179350856,0.348785876032721,0.0332080322789224,1.31540360498141,2.03504713103551,-0.477772532207085,0.483217256342692,-2.24038720900628
0.503291832756838,0.0518913388732584,-0.937268615103206,0.596985821445204,0.78361299494348,3.8446296502843,-0.852410320608336,3.69732615395265,0.389955984155818,1.5203297857514
0.562822620182627,-0.0219310305020971,-21.2412780328683,1.81295267363562,0.698666656620141,-41.9745680469839,0.342289587239923,16.5600767804206,3.28151930484065,-0.0382544289635804
0.635683769574511,0.353284847288122,-1.51274314262106,0.822875533636038,0.721846815085874,-11.0949707151721,1.59634308636566,4.26682984264442,0.88783777418109,-2.03708194550218
2.94739054994785,3.92427027000602,-2.23806157245673,-7.13778796614609,-1.23324022325958,2.27894554073169,-3.57608207452332,3.30509124829893,0.355408996633565,1.78350298216171
-1.34402967622997,-2.82709878519798,-8.91480383315608,1.93912788278285,-2.47690748148828,-3.94136864032824,1.10028550362839,7.19502384712427,7.1639832580998,-0.31483112418792
0.784499231017795,-2.98795632507724,1.927085471826,1.31176343824396,-1.5980216328286,-1.6338992376688,-3.59112179194807,-1.4331393134632,2.15814985392794,1.52715772599785
0.841645817392813,0.777962845877215,-6.45448664448889,-8.99797122234911,-7.11369427761391,5.47183127545931,2.76116377636139,-9.94706185045093,-0.731468909942595,-1.01311685895313
-1.44764776246347,-3.14854567201098,-0.978022477765139,0.462510578776793,3.24085249239195,-9.1342498153141,0.253811053710623,-3.24789379673625,-2.64279611865046,1.14945156627906
-0.994223742129719,-3.78374600230958,-1.08001492580996,5.12465290800607,1.25494273525203,-4.94131933375564,1.23068308595822,0.645902904245901,-1.57715943494011,-1.16824767884659
-1.9851685310568,-2.62529802389746,-1.05190373076731,-23.1277910834008,2.23118199953086,19.5990006311965,0.849876458396525,-2.6290314046617,-1.7992037860728,1.62164944713847
-0.837419959977826,-2.20329051788848,-0.0125380107031626,1.43753656254443,-0.0253959700974058,-1.24740691069068,2.0334606378112,0.814947623641397,-2.49330876540111,-0.540473065407062
1.53490195465551,0.808855628593677,1.05527503006094,20.9023159719677,0.109668012919588,-18.6563923029919,-9.11246223584193,1.94418773034172,6.01776561556745,5.19484113862216
1.34351396478204,0.339583118864894,1.56382745986961,-5.78326634459173,0.493266556833395,28.5500947443184,-1.12872617408374,1.26229702812012,2.23360235818251,1.12464485750294
0.76828438928951,-0.807372013422533,4.09574783094056,1.760267444872,-0.576775127714339,-0.24351923156156,2.10835463229629,-5.66885206283578,-3.4275440845648,-1.38498524716382
1.19093485491762,1.27049423489137,1.84563586584966,-2.64218935943583,-0.242858496214625,1.60731531995344,-0.617450878508754,0.964997195933862,6.50273905016762,0.901504986636873
-1.2580283859704,-1.55667956129843,-1.67710736905686,-3.48458261417515,0.708806042509173,21.3828182285275,-0.253454505021038,2.6265111528437,-0.29271727842838,-0.059557449757163
0.286216376016727,-0.280647997771419,1.52849452562914,1.52111683966949,-1.51771940112386,0.0198751810326381,0.893935777754238,-2.94933698756451,2.1977230374626,-0.442868941240632
0.39752542474825,4.0852975854865,6.8452418368074,-6.93221192370609,-1.39168820760935,4.20554190429298,-0.765748997642909,-5.02855317748543,2.37831510926027,-0.556093088918685
-0.874441291668708,-3.20188239449912,0.747968110612889,0.916011960962797,1.13195786866378,1.39361338434412,1.22719722580304,-4.29249364044353,-2.72469115860146,-1.78580993983852
1.09268203755399,-0.738672086069377,-2.18477445192796,-1.31467177363497,-2.59849657545982,-1.1954120829708,-2.98403031917912,6.8542995523841,1.56505503810735,2.92367300220708
-1.74736336815046,-1.62577561902219,-0.0673848699988017,-4.1650220642501,2.16730462401377,2.96588048965334,0.0435902624737668,-1.45710338388019,-1.07218954101773,-0.424017125516845
1.95691678138634,-0.796198072654066,1.28654413872115,6.93038121863325,0.153436846031479,-3.86569031956105,3.45335062646821,13.3933761674195,-1.59855916909393,-1.90004489869045
-0.132887544043711,4.70400509330122,0.250992619597491,-1.97767851723775,1.07392764218897,1.15590416988577,1.35683871088686,-3.52918156981285,-6.55883071294803,0.0351832405249137
-0.940764533686438,-0.759648907978638,0.737797747626496,5.99744058028946,-0.773857272435054,-4.31007221549559,-1.47761969286603,-5.36170522350214,1.88536557687701,1.07562280110138
1.48891160467992,-4.22378937494703,-2.21731019600973,11.3903196540111,0.196602333875421,-8.98533524509001,-3.02311064964535,3.3659194768446,-0.440268259969124,1.03303056006908
-0.554548162445958,-0.512781066160186,0.202337683942756,12.1076099299904,1.36517684469843,-8.30872923729825,-3.29269647454626,6.81679623700609,0.085571394994685,2.82862681430399
1.09420084150669,2.26380602491818,1.66203174116204,-0.210495814885837,0.33786258701072,-10.0627935441953,-3.73851810442859,1.66778028344249,-5.74117461520798,1.69117320411464
-0.286544974149549,-0.229020850558163,15.5304756369129,-1.7365439535455,-0.140076827233462,0.98925435111814,2.45433726915234,-15.086584467416,-1.07184183996096,-0.633102601466595
-1.55301034627504,-2.75845316249238,1.29057626041424,-0.949303143692518,0.549202474050209,5.05433543766866,-2.32663104928572,0.449051269390032,9.04316104410606,2.58270812086559
0.298396577137903,0.478959711723865,2.42692649593333,-1.46739341828638,-0.775078450005779,9.80945280023695,10.3835519494047,-10.7096774554308,-4.19131755990555,-6.7820518277537
0.825043302388767,-0.38418775012764,-2.50767724879098,5.27017575670085,-1.15284361279572,2.53593993257542,-2.17217941102025,3.76328683465385,0.597198636489959,1.11214420161039
-0.75354877741723,-0.197564930747725,0.282086006543038,-0.604069726781266,-6.06289808083982,4.2337034396685,0.493369266367793,3.42984134643956,0.782046920160552,-0.673027044589
-2.39140536005563,-0.78022783608436,-0.34916516594053,2.50569032899701,2.71629501122435,-6.53143869654009,-2.63969083741038,0.107122976608595,1.19004946857313,1.4592002740352
-0.74736546286119,2.73476617807237,-1.21101522067875,-4.39720862535258,0.801870722067027,-5.41169078488043,-2.3064092156484,4.22219472777541,2.25231620152004,2.39380146378155
-0.27447086213514,-1.78262035665182,-2.0698466971167,-0.673654917856144,-0.002820041090276,6.96731254454559,3.63147290948024,-4.12394900119116,-3.43133539287865,-2.50604782700083
0.372400628322343,-0.45583862116863,1.91710987362846,-1.73976111498755,0.0989963682771854,3.33187729077607,-0.395371352764119,0.784050435612444,0.50012201509202,0.112776653156166
-0.150900296613981,-1.41025075357875,-0.497473632001185,-0.955143356409798,-0.229833329892973,-0.376080594457675,-0.0111843703252834,-1.53412180722235,-0.0852104068707409,0.879264154859316
-6.69157781400992,-6.84471681371817,0.65234160834924,3.94383664394611,3.56321348706073,-3.79864396822771,-42.1145140976371,35.9917293528717,26.1790064362033,25.3017581674922
1.4837214357478,1.3513688056132,0.654181188273324,-1.74975604285041,-1.36720497154225,0.691360820539857,-17.5592857169537,12.3222829734027,1.85161416603057,9.79065747825832
2.03818532148123,2.5312396455771,-2.02368637628559,-0.413819353821137,-1.63776049074445,5.33500294601299,0.0531543250678051,3.66127828979982,10.6775695894695,-0.223052015790365
1.25791527064777,1.09986960252542,-2.83816563170101,-15.6079268453454,0.210768973464446,16.3170650891308,2.02660995607569,-3.84645257258917,-2.81450318518539,-0.888242302608164
-1.35958016624991,-6.1366143167023,-2.81976487734511,3.94865087806964,-1.06608599662918,-4.09709880676042,10.700357409308,-8.87470764131823,-5.15396652852635,-5.70717652883101
1.11081960197668,0.659049967317196,-3.37761619781785,-1.28222737639199,0.579441303850835,-0.275430928603423,1.47925981810604,1.51849671017992,-0.391133034087978,-1.42429931628539
0.682964063397054,-1.71996544038535,4.88762377802095,1.76996193347994,0.0961607930515871,-2.9495087697604,-14.0389003868606,16.0042852690189,11.8974095562212,7.43588174729483
1.78279721340678,-0.785386278609986,-0.0720795827616073,-0.272192274041913,1.08891154113813,5.29738349152958,1.75144586777883,-3.17877060814263,-0.584938294472866,0.230638527965899
-0.421718835267726,0.610465269964005,0.476135161037827,2.55166971436747,1.2568978112261,5.17071622097376,-0.67214195702058,-0.403201933900169,2.76927502179547,0.536482158244983
0.93164862008166,-3.03244129415735,-0.00593487885334939,0.906657238674894,-0.336336439659013,1.70269052591976,-1.28180543784785,0.251436965713518,-0.42375689124542,1.1795303869107
-0.566517118946886,0.53066975995197,3.23145646647989,-4.17545170434848,2.20337326614292,1.20928993710576,0.886726278095685,1.04610230846189,-1.05247372768805,-0.551372048174897
0.45140592841318,1.10552177103887,2.09071304366769,-0.80418316959821,-1.80632851405926,2.59754543874717,1.45075589655317,-5.21690234757093,-0.868993409830685,-1.68544927574891
10.2417027093278,8.00698524103009,-2.97971306027548,-7.3853837534914,-5.85014184531711,5.23625066004465,-12.7451645765786,17.1695022832277,6.83365097374504,8.36461480828104
-1.34088734096535,-3.09488947327307,1.1048803443255,8.18066941693479,0.435693505101392,-6.05120816040668,-0.285223401132884,0.689122702103684,0.228679484067337,-0.168590555160756
0.580417365643781,-0.698537937785388,0.263714262352701,2.07885337341638,0.35471342825777,-9.91150318928429,-3.65358880209086,2.34005151605128,1.94483965450072,2.29929201747426
-0.299707789143627,-0.023010256134154,-0.523116432481063,2.04440886094932,0.241029633692866,3.94187908944317,-2.56878501507433,-0.408636146544385,23.5887810515019,1.26272511995906
0.504756262064488,-1.23031177284667,1.30530780193649,-0.379891016567538,1.29881750034188,0.970084665302914,0.630703397090988,0.111192320257904,-5.67447500070885,-0.563901679516239
-0.513591278216952,-0.189955680854864,5.96341976453144,0.683998435121768,-0.603305808847944,-0.585199091483983,-1.12858787140282,-4.50912200405568,-3.17238310763665,0.920972491272035
-0.665222550572149,-1.04236347672745,-1.31994768528979,-0.455838788014946,-1.6918248953672,6.18236763697268,-6.41098236172652,24.7783690907395,3.84780739686645,2.9281832208521
0.238452164296041,-9.00380872746051,0.797464724748306,8.91937020994141,0.880670379240398,-6.03500269976317,3.43422654577769,-2.24244155722397,-2.8786062861429,-2.09727984752215
-2.57643676192774,0.0432412809732701,-0.333060239389751,-0.780447782286447,2.75752446147042,-0.875728277111632,-11.0654193194522,7.72620293256835,6.55546567649851,6.1549557299256
-1.45260542105448,-10.8485112905791,-1.66431148997856,7.82656917003471,3.00364858808311,-7.71356794641977,0.311551839464848,2.5885346360638,1.5088812937128,0.0162820129951139
-1.35857677547701,-1.12792973877334,-1.17453785031373,1.90242279613015,0.726066550283175,7.2562325527207,-0.129490728882756,3.4619927977672,-0.141023954529783,0.866721661293909
0.268865955139762,0.00616291762468987,1.50197759659131,5.30990056225694,-0.19163082158351,-5.56185050896995,0.27667426945114,3.5978617100786,1.09029045657977,-0.568134525219366
0.144804038549589,-0.923742175096117,-4.01237485156251,4.81199269075916,-0.519321299037838,-4.77207569793375,-0.656296630025394,3.69293342681241,-1.24444060431498,0.928226583087898
-1.68543424467081,-3.76394486072308,-1.59940861839824,4.57875908913621,1.40409341704855,-6.64518506970085,-14.7046653944264,14.2240586103028,5.46789124862832,7.93844246527619
11.6267313780589,11.3122272225868,-1.55201112434433,-8.73853850466539,-6.51874939400824,5.67514544788234,0.413925008736785,3.44710459657128,-1.98965326376933,-0.777474547038242
0.0978615897853931,-0.927028251155047,1.92471820426027,1.49988964403067,7.05168249563079,0.943314079636643,1.46467862450716,-4.33074684930527,-2.60414076109772,-1.96701268990774
-1.80021545032782,-0.126108793296819,-0.0104438674808708,1.19627562919907,1.68955728963052,-0.196781743350224,-1.73885735496553,2.81546219294367,0.551678065727688,1.08812415544287
-0.0633471425048085,-2.86996649541262,0.407501569185974,5.30649228746027,-1.13205794295255,-3.89925174632136,1.11332991624066,-1.43455994354387,0.382386919373252,0.405528787044662
-0.119278625119432,-1.73080910789233,1.1851723397524,2.79451491496836,-1.63788844080082,-2.50387922140346,-0.866249461525483,1.03141900334589,1.56475766613521,0.497359731790732
1.34107489409124,1.47746538131662,-0.454376905380216,-6.01278216974923,0.683305180622086,5.74957074000522,16.2303960475337,-30.3939826656515,-21.7153113035582,-8.90640840187009
-1.25627813331405,-1.81805142343854,1.24533251322374,20.5315164002726,0.941540219051365,-16.3775895247315,-0.132698022654688,-22.0549036798041,1.53570360953768,0.00971781071339674
-0.164376958505227,8.70933903133052,-2.20286693507104,-5.16759154345734,-1.35756601068364,1.61101616048705,-1.7840561304625,2.81587185127062,-0.800609604261652,1.10004144696361
-1.2981365885634,-4.50686322510376,-1.35874980358963,4.93361944580041,-0.807822366779641,-0.894536596585726,3.11988275647391,-0.798510014827591,-12.9512989959342,-1.78328772155266
-1.61689912911631,-0.807243285995504,-1.17380606320275,1.8805394613375,1.40415167122315,-4.59273224504805,7.17704127369357,-1.87110491989317,-4.26673168783332,-4.51620017415314
-0.0239567600711793,-0.0115054876908631,5.90555016172612,2.42511082466002,1.12851198662145,-5.76434724978766,2.01424724110814,-7.64155893505678,-2.61675528848449,-2.08062058026881
1.38412616734896,2.86269572461407,2.36776625609188,-2.48303702615628,-0.654238211597214,2.4878309651048,2.30675271423319,-5.19086303870464,-2.53568789232255,0.0561703582714548
-0.993777142970119,-0.313246066887636,-1.98048957769113,3.05210315761925,0.276064947879786,-11.5468984257955,0.996682939541094,16.2259614997312,2.86954282250192,-0.312052497478717
-1.66544013431089,-1.35820834067675,1.7715424295494,2.87579589373485,1.90077329651514,-1.97104280797425,2.00143516055908,-2.07382666089627,0.539639094072447,-0.147908056421811
-0.279844244739842,-1.39821032371963,0.90672537415846,-0.81654398080212,1.15979113877404,1.97685504121462,1.46855384332042,-5.52854125208974,1.51629408366037,0.506848716826314
-1.24392999727488,-8.17256590200083,2.04560385928711,-4.45364649389903,1.97503975404634,4.27772531394947,-5.85705507522453,4.27762811921794,2.57058640552289,4.62707951301294
1.00499335112869,1.09454666858435,-3.85420619143078,-18.6475952456702,-0.0299384559845869,19.9051926425904,-7.19907954479112,7.9270664257605,3.8067585548241,4.32205262194441
-2.14798455934865,14.1229823818993,-0.554092944674335,-11.4988668400869,1.74954804075961,7.24057582681798,9.4879324210012,-6.4994063361323,0.774836786108735,-5.68627021355134
-1.46661061320763,-1.18068157576322,-4.88353728014245,-7.56255619252293,1.71455437705644,4.98235862830662,2.01619481913238,0.968096207987311,-2.04529930410275,-1.64781994135445
-0.636485566650705,-1.0265533322012,-3.53163059125979,-1.9297828665567,4.21320052668634,1.58602047957778,-2.26621429431838,5.90553294143928,2.58974838639904,1.86464725072958
1.99082110580363,3.38639712349525,-0.425658235039612,17.3832637308811,-0.0846163370284374,-14.4315484910127,-2.39120242257803,3.85265491426851,2.3416337693779,0.450181915223083
1.34412603341171,0.624995956503616,-0.543249253905463,0.995086709981788,0.652782732566897,1.29327598243061,2.58987861377444,0.267861779659078,-12.2943935289964,-2.21882733765562
5.3277411773647,4.22707703230984,-0.465542969015045,15.9739051714369,-2.73224042320369,-9.44306934130973,0.00506602366818273,-1.35195663570891,-0.411749459747045,-0.00502673364250366
0.841247609228734,1.98516033491455,0.754587568453002,10.9852896160915,0.517482084691848,-8.45110710527125,11.2555593767439,-11.0852394944969,-5.98969137516302,-6.37591053159527
-12.7746134892296,-11.5054344554524,0.620133083125808,11.9920731894619,7.5863149110085,-8.81571129932625,-2.03129689586808,1.65492319406856,2.56299337508631,-0.23655371208898
-1.04554199628392,-2.70889055585352,0.782263836461907,4.45745414236854,0.634190261682403,-2.96701404374847,-3.61158818030926,2.19087164008387,0.292381888464452,3.57091084893057
1.99021946558125,2.00063835159272,-1.34269042782056,-4.56916362908198,-2.84500280694843,5.2495700994456,-1.95015738617882,4.08662441449013,0.851838809921892,0.752092958116746
-0.410269410832382,0.834822825938418,2.1483704588851,4.29994055000861,2.28290935796561,-7.0201554974491,1.57115132148848,2.82850546573677,1.36296119995714,-0.19991612012547
-1.11771459728026,-0.267060399849958,-7.5544979952607,-2.89404391185222,0.0888902753164517,17.9753033172047,-0.899301290471769,17.1888467382105,-0.569948931742767,2.15511719756231
-3.23153419009422,-0.633297231264623,-2.82026306924743,-0.985159532347436,2.92249746222857,3.34750783934264,4.12469182466362,3.10581836322929,-0.482698827173608,-1.71746578262157
-1.10773202792391,-0.531354672640928,1.53330302831972,0.890165115503073,2.2611461040037,-0.771168594816074,1.57343529631153,-1.0619555754886,0.76279084824091,-0.813512862434758
0.341148297376069,-0.868405428658594,3.45507938997168,1.21984646220507,-0.0822159238265622,0.134876921198101,-2.60899464486038,-18.3878895808851,5.77891553200952,1.6987561741226
-1.19212250544184,-1.52205038955533,-2.85207729659493,0.928968619523778,0.00416833977790676,-1.08498150782483,3.56380894900965,-0.179187900070551,-0.330617722066464,-2.98064328653328
0.396046606514185,-1.9084417773881,2.07147517309476,10.9140429971883,0.438088747095098,-7.37815792731782,-0.0299058961825717,0.69406734195903,-7.92286414939053,0.485039463548679
-0.885638459494452,0.721298555921563,-3.02840882047252,-0.20490309692288,2.69102329769761,-8.22717051057705,1.82408400261994,0.464370463035105,-0.687168300835751,-1.46043197353467
2.15742845509224,5.87673052237858,-0.50554891943717,-3.07243644817565,-2.72632949110759,2.6872013653992,-0.0590722607643024,-0.67304342329373,1.04281015769167,-0.083492277000648
0.683159263037462,1.57699191910949,-0.35906266399771,-11.132421736045,-1.70761048063243,4.01193401449864,0.791592719057369,0.582053939269694,4.49621392285415,-0.587023339310394
-0.36476141268432,0.134889100184895,-3.02079133156369,1.04386166981847,0.26303564957839,-0.697246965831198,-4.50753621443143,5.42676066805272,2.30573143869778,2.86398694895353
0.163609543742687,1.79647143574004,-2.34530225322201,1.65065654060409,-2.23604988959473,-0.448302311221139,-3.11714684404105,5.49699484311334,2.03524969069739,1.87893377089468
-0.631201097134076,-1.46382556166971,8.26165079377188,5.22940198670368,-0.267426914665525,-2.81163299632877,-2.539893466767,-3.06792214815637,0.210373984731089,2.58769737761424
-0.775457911080414,-1.43126660157341,-1.1007099220019,-0.858064842180211,0.86174568617096,1.24009789926424,0.628565623216594,2.14544110046411,-0.975116664009856,-0.0629100991534437
1.44121317501242,1.56284298756705,-6.14787182000086,-2.60479272316355,0.240696179715575,3.0087707178285,3.3375633763964,5.84195496173771,-3.68724297142422,-2.21382411413192
-1.58471830571401,0.298641310500626,1.20186837054772,-1.35111676372165,2.26927285970766,7.68508655072218,10.3306140566232,-6.694824530766,-7.63631284441187,-5.96627643876635
0.425437175984101,0.555982614381077,-1.51052792086134,-4.10031663919093,-0.767394419036115,4.25162026905117,1.68515305231722,0.398998880706315,-2.13619141069716,-1.8521877966969
1.46448976692875,-6.99884764671018,-0.771914712248791,7.38477704128089,-1.24153007068298,-6.63112503307177,1.04366789681027,2.72715063137659,-3.7768890647747,-1.04726780409636
-1.1463265310984,3.78271389722818,-0.0448141212005212,-0.849951226097024,3.46721259504054,-7.30048570962506,-2.45273340136149,19.218719774082,-0.150126888220335,0.497826895146513
0.687031867535197,0.547015313021535,-8.77464385963436,3.87482654394176,0.207988425281815,-0.887773935862028,2.77303526201984,3.71701032878853,-3.65751733396562,-1.00588690205968
1.64871665931904,1.65010271551467,0.81443889949687,1.44539304710083,-2.2014168196695,-3.47816802725492,10.4122398503234,-8.00983672234984,-3.51758376395261,-6.23249856057484
1.10866767648688,-0.502617102525465,-0.331902193058056,8.46898756756642,-1.81908937533614,-4.99597709751106,3.05150118583246,-0.324481120073855,-3.67987051106961,-2.02275411173023
0.76113834311452,1.76647565108156,1.67176497908833,-0.706796138830871,-0.680409043258498,2.80541217055586,2.54105918603247,-2.55233496736894,-6.00593300843502,-0.902994268711523
1.5681383040578,2.908119518111,3.42855328563597,-2.60415938240438,-0.638896709987538,1.21747617102485,-1.48181538192291,-0.122839608876514,15.6927397517927,0.229705006393599
-0.523339444341141,-0.975571627401726,0.758383911822475,-2.42159727756391,0.636401783916489,-11.0489225396664,1.64996926614134,-5.08441746955205,-10.582793623435,-1.47784290621838
-0.860071786448486,0.212417000338677,0.816982272269406,4.75647415958679,2.66512133960699,-2.38880441626034,0.838708011234991,-2.30755864033454,-1.42044789799629,-0.36554453061219
-2.02317294360126,0.145843500677318,2.39327225315148,-2.74081296115571,1.47980706412316,3.73440845053987,-0.751492139971694,-0.354738956475166,-5.5839853353163,0.35984095759975
0.635858520354129,-0.819493998224706,-1.02827533801158,-0.515604121302275,-1.84904516543703,0.604734807015759,-1.07096754632381,8.76062383193131,1.66477137832096,1.51522357904702
-0.0354284159172585,-0.569566826882935,-0.503130546478598,-5.13891587621842,1.21296249611867,2.00918190144322,1.50781835348988,-5.58343038520587,-0.58176504939356,-0.764923517806145
-0.258633237016849,-0.703957114354853,-1.42183464269534,-2.06689575394855,-2.77133307865054,1.6264557996245,-1.2441677285928,1.1722265986333,-0.680855846153488,1.1490358337954
1.19532008846132,1.87753704051275,5.31468675095265,-2.67593150526259,-1.17502339860913,17.6875103817118,-5.80056573625708,1.95724785770496,3.26097958342598,2.99135309695143
0.962742779956708,-1.43434800353515,1.40743632300382,5.74195782054253,0.861586791081674,-5.21842018396448,-1.24870661916063,8.53322605582431,3.16353840801707,0.541037346732286
-0.159576963904561,1.84007813233131,-1.0947533294872,-0.633513776430261,-0.713856710363589,1.30476455854485,0.223404237993456,-0.305611352045779,0.0736627836368307,-0.114672433802167
-5.45115513057788,-2.19977999231829,-5.08784864411098,3.32590019166252,0.452793004544698,-2.17531422626792,-0.80562208049949,4.96129918241915,0.487177906275756,1.42096640889612
0.791131429944456,-3.04440945640338,1.04014708324848,0.0814376670725134,-0.983080105791433,-1.52439142131527,2.6163087021313,-6.75167315240899,-2.72029617911355,-1.95554060876133
0.0716315624489917,1.14169216973369,-0.92649639638999,-2.25668394296796,0.759478431882065,2.50755800586309,7.04722031211291,-2.90677877262959,-4.31267861513235,-5.93873717585052
1.48002289409359,0.614986001933272,-1.49671153933076,-2.04402569789901,0.478307492740421,1.06656439785725,-1.59631903061018,3.33646599916526,4.30123724719777,3.09697886191822
0.625739717143836,-1.44849328267258,3.45939416372468,-12.5547873293009,-0.175579968395824,11.8455501761197,-2.6037326787159,-2.46009759799732,-4.42000665592459,0.97711766137516
-0.114889316250697,-1.25070380826523,0.632391315038255,3.59870251906235,-0.1863513363787,-9.45801981043113,-2.02245731361726,2.02387583312401,3.46022934315274,1.21827059043551
0.46075486149861,2.57408940281784,0.0146662708550392,-2.78598572149866,-0.7583344409179,2.18794719147004,-1.38552502282588,0.324523709950654,0.903129781348668,1.34031602949216
-1.38488679072184,-2.83469176144922,1.34494104896218,-0.16825028707041,0.620246351449411,-0.630054558867673,-1.23885762044025,-3.35234776075428,0.651219821318186,1.55024287858733
0.340445970919219,-1.38833514917517,2.5192725242024,1.78138635089028,-0.086703458263316,-0.179441172597885,1.48578312241839,-3.25451770514291,6.05873130258661,1.78097728180631
0.00726956891656916,-12.2283987513915,-1.17173198654256,12.7904580563417,-2.02959815966292,-8.90343495424677,-0.952804328634511,3.25133674488343,2.22871227907746,0.884299908185451
-0.153446261911143,-1.02652885034467,-1.78076170841768,-0.904648140698936,-4.27664759011224,-0.865053513352261,2.54822510882103,1.40907106775694,-1.95398385911785,-3.32433076132121
-0.167021016747419,0.704153072764597,-0.929100332735596,-0.459593953706684,-1.1021482035456,0.621517969523762,-7.53961977246934,6.67273622769395,6.73741828461244,4.66542819747062
1.57819034434809,-0.465440657916667,-1.05290447112196,2.25073258353383,0.248798632864049,-8.47522191432613,-0.199233062341001,5.14553768477391,-3.51614248052069,0.454821172698163
-1.55512288817599,0.230423440774776,2.01158095691792,-1.50815334053607,-0.762170891740104,-0.14339689596357,-15.6231137883641,11.6380110923118,8.1166510985912,9.38565344822169
-0.72190754924812,1.05755425997589,-0.521689704516046,2.72060147592445,-0.802870247440468,-2.18047557959578,0.103153574707842,-6.28213220818796,-0.272557506132431,0.160607955621587
5.53924679422452,2.8855523067255,0.526790112848458,-2.38552631180149,-3.69883166451674,1.07144984443046,-0.708837741119859,-1.70679084065706,1.71732529661377,-1.83042588794811
-1.05963273274988,2.17966983644077,-0.0596507332729394,-0.108782098519344,2.00732526279832,-2.37715392375075,-1.47017642356235,3.87180887033096,1.61770873043516,1.14351723440458
2.29455340072723,2.65502060006742,2.11912429826608,-5.7451685369187,-0.333909581591181,-1.35440247086585,2.37000638534534,-3.34157829721521,-1.63149278602475,-1.02966247975242
-0.851283595137886,-1.18422293496754,-1.36543355572265,-0.303245656790478,0.641295166618,1.24494834451022,-1.94802344372141,3.06066383181602,0.192833138339201,1.51032978010189
0.927939214880635,-0.155865362388603,-5.97846032972955,6.11884074792687,-0.900183558492157,-6.09187491865958,-0.535060264529474,5.34221611539477,-1.45521126048981,0.850194603533827
-1.73847568044426,-3.58541064201544,5.41655472429559,8.48182538447563,0.576421892014261,-6.57543035937974,4.77013140622107,-2.14825714535182,-3.59524030452814,-1.85265131399915
0.117112750120565,-4.74817793502976,-1.30923075917429,1.07093107905199,0.245858574256588,-6.64417872944744,1.67467839642905,4.72714935205038,0.357011572452703,-0.751070154239605
1.68225149169947,1.91317116544917,0.842737476102751,-17.6744349955719,0.175508666789443,15.4876902668677,2.44518128316209,0.706012940721125,-0.095495886906763,-2.41040031808337
-1.27423121009814,-0.531382493748556,-0.538627652096573,2.97397796468881,0.0654017576663102,-2.14483425340629,2.57715645264184,-0.729374382152489,-1.9086896271136,-3.5045621776507
-1.34073356454046,-3.96247219342439,-1.59612849164682,5.38330819871543,-0.00615466063793924,-3.18109489888086,6.53954072476218,-4.62694707728214,-5.3869175115536,-4.50203474666446
0.331635915279628,1.91374839640834,-1.25514874722678,-0.492627638577854,-0.91135153772701,-2.17141614366889,0.00435757092367545,4.3245008963334,1.50851220488228,-0.157198815432989
-0.73974717841268,-2.04063707907547,2.29838821461625,3.34084071399411,-0.337742365689083,-2.8143521518319,3.26998829765955,-9.6611604537465,-3.64566983284981,-2.96383428452839
1.27578052307185,-2.59553619362405,0.842348555204007,3.80356047802372,-3.10793023298793,-3.64536826864027,6.37471582578089,-4.20158997601319,-5.33638708780933,-4.44505220342645
1.77610461936091,-0.877954655159467,-0.587352215042581,-0.219105372722504,-2.34288144875199,6.40965613858897,2.35422873638358,0.75624764389513,-0.421553509387223,-2.16480166524162
0.4794130987757,-0.35940837605696,0.99654381531895,0.287734423656719,-0.267948711926774,-5.17675633359392,2.43120585930167,-1.10036713467928,-0.274706589995022,-1.36396860564558
-5.77445502438714,-6.84602785809683,0.000193147298250041,2.76382076449071,3.85320788956673,-3.72503706605591,1.54550409609426,-1.86621411161735,-0.690527443700164,-0.934693662211286
0.307544545348617,-0.486072713081022,0.795122503885391,-9.11096669082861,-0.712537344595495,7.69024658371861,-8.50708688307585,7.44053579960876,7.26410985603233,4.78296038240705
-0.0721551049311824,-1.61161993480258,-1.94767289207219,3.04037930300888,0.644566084273462,-4.53080074787891,1.38215227210291,2.56219014906433,-0.993898672897589,-1.13235875393239
-0.807683199132873,-1.8173310877568,-2.01727567769894,-0.504799803760201,-2.88664484579598,-1.18774559468609,-16.1799538244523,16.0098953748719,7.97561973200623,11.0610465301051
0.410737482767515,2.1678296091508,3.09060252496949,-4.69071046377132,1.69593358854277,5.07138258292541,-0.706890812679675,-3.6986797054753,0.251310583888981,1.18187592423144
-2.33783972115627,-0.983471476165722,0.721714055977139,9.79846567169414,0.279804372830625,-5.99269889569259,-1.28920740381387,2.82894697864473,0.339021448191743,1.68175565436179
2.36084000363519,3.26760739820964,-1.26088622121763,1.43951337203573,0.0910388701826179,-2.80213026857335,-2.71029287220637,6.74244899301141,23.1003362026208,1.32898893664821
0.459235793033346,-3.85605373599751,1.5815266001493,4.880144237672,-0.556559270707652,-2.65461638111807,6.97185709542594,-4.84964768570992,-6.14064485558773,-3.18865561183012
-0.0178431187639696,-1.5764689275097,-2.12227557154142,0.467008011973944,1.9143267020087,-2.59785934360641,-1.75391941770193,2.33806534624151,1.61594560522482,1.06948559783598
-0.00223831384866901,-1.74687584293711,0.249885961462647,-0.295697638553933,-1.09674512736112,3.08592228275021,0.0514997063442219,0.820294663863601,-1.38161104157797,0.616762524770786
0.963596359866993,0.076136632340483,-1.27822354146789,6.9875275507688,-0.593201292446618,-4.60014836084638,2.40987991290511,-1.54563743493709,0.478779156822698,-0.932026106415486
-0.869188515727798,0.53500247410337,-1.2508432079445,0.914396404272227,-1.14361433767128,-21.3476899923885,1.06503343948525,-2.50494496804742,-1.39708962161312,-0.564003838263352
5.73597122603615,6.47643442132207,-0.406705452861043,-3.75287535026593,-1.03372092472706,3.12619827626638,2.33445399910927,-7.28357556652084,-2.39834383289532,-1.12953225289218
0.678420917692705,-2.20491744042397,1.50786486639517,2.88793558096113,1.57002609248952,-4.30761823665038,-4.32279047307489,1.87431842121897,1.221080625669,3.18406302618195
0.817321687443761,5.52012669734508,0.554443389706921,-6.41207908645926,1.46156776532977,7.56288625938051,-2.15751349435521,-2.32339997885555,-0.430371965526431,3.46678103503221
-3.3110264498651,-2.07765108260146,-2.15472007996722,2.16229287049681,3.83777776802993,-1.35513544764735,1.47090073185175,2.82209318528596,-1.51742002718024,-0.480490014185929
1.26774307673615,2.33108833384774,0.251942719468628,-2.06321608020932,-2.61356128351687,44.8134888866334,-11.0726521505655,7.94020650695132,8.22375474025725,5.79700877981831
-1.15244832684566,-9.32798990783971,-12.1009953304782,6.60387455407002,-1.01149176302791,-2.57299335964686,-15.1050146826873,21.1239289017787,7.15219347206005,8.68711373270378
3.72586444030628,4.57646119084054,-1.21672267651708,3.40503631690303,-1.52955162462864,-4.3128293930564,1.5430355292437,-6.1054760517229,0.212821159768124,-1.67724863544542
-5.48730661222512,-4.5048969781902,-1.97534100613221,3.34518769043491,3.37209029346542,-1.36130149168916,-1.94814625067745,4.20502560551878,11.4562978003749,1.11754795173189
1.21591634032615,-0.0489432953860978,0.127884215522662,0.828208355064311,2.29741716636419,-0.805444629906075,-5.9109772855907,5.61301631964879,2.47024892582229,3.22081901169246
-1.25771759727592,1.7579455875478,-0.917587036478551,4.67524867304439,1.73471687976845,-6.64234476798176,0.687533690417858,4.22152280917538,-2.9999046982294,-0.545373358872774
-2.00407599119555,-3.11579311200574,-1.48943788812748,2.18013708362744,0.0370076984626704,-3.22530733335715,-0.567653478820327,-0.270433365712945,-3.33164790012519,1.03263730029017
0.673834669197225,2.06749926863628,-2.55627286613889,12.4769106104147,-0.840653768793173,-9.05678385167979,-5.3894706146542,10.5620624308667,2.31179041611533,2.78647555110467
1.37688276927389,0.0635114011423616,2.0234793578405,-0.099327064509561,0.892100363768201,2.0575390740604,0.659430098150575,-2.10915560168904,2.93338983934638,-0.637145568529315
-0.495383169160086,-0.256383209529284,13.9442083118604,-2.05228697334457,-0.370393582175176,2.63002672239853,4.7050383179628,-16.5712728990815,-3.10970937446774,-3.74114043028592
-0.910449921579016,-0.173092887729405,-0.632802970957217,-1.53135414360771,2.1235997724457,7.94232794611352,0.792285195770912,-3.91033449986324,-1.13622683951752,0.660526762335269
0.858526026244607,-0.879058062670185,-0.763156937325211,-16.3347825898167,-0.0718155547794938,11.2454177001,-1.26380653857255,-9.99804034626736,2.07929591467075,0.513798967765329
-0.87493852100039,-4.15993562565781,-1.63123105854928,-0.783409289619546,-0.767258991490513,2.19222441962088,1.52870791727498,0.107923033420799,-0.99720040979175,-1.3546732661733
-0.222077872107821,-0.978569219965998,-0.738557634525872,0.654972111871372,1.32347727817313,0.831397812172929,-1.795076284776,0.382689554485125,3.09645574436428,-0.283891540770725
-1.08522144028073,-1.48442615790702,-2.26109764951179,-2.68088344069519,4.28458240915488,2.84515469731742,-3.06623114442084,1.88293259751034,1.83556815706206,2.77839369812196
0.961285008641238,0.0552698697327926,-1.43507788697663,-1.39387784819523,0.415443627563193,0.664146830167929,-6.6100785565114,5.67140402863722,4.37433536071326,4.21968435319348
0.595840017924765,1.0035235985815,-0.65688576166443,-0.325897330845044,0.101612252166398,-2.16072962971754,-1.14685696319931,0.655919630863651,6.95049915678892,0.647917966625523
1.64960780268548,0.513577901149085,14.6556733805492,-0.882929503600018,0.0267536347491855,-1.14366318172309,-0.261279833147448,-12.087449419015,0.750973009395884,-0.21255778322407
0.0847180336694313,1.13510414084816,1.06728249667101,1.98270721453641,0.48989329676739,-1.10072151152064,1.32363398879935,-1.46421740430349,-1.65922245199197,-0.774724683583417
2.14648584596099,2.92790921844085,-2.93404675146751,-0.770550247204553,-2.00069083432838,1.82767679652179,-17.4737756290241,15.4110297832775,8.44878376224271,10.4893285729013
0.474846211281488,-4.50467107044001,4.53784475565619,12.9119938583392,-0.261067611166522,-11.3641295914891,-0.465301969760549,-2.82939105659542,-5.50333292248874,0.433293400403014
-2.0694808595962,-1.50940305802634,1.44700652061511,0.81473201608878,2.72499814972348,-1.99359786162165,1.01389193175829,-1.50643254495571,2.90068998098178,-1.87686834057733
0.936154033759052,1.52229375010717,1.12451703477528,6.04000854827136,1.15496712543042,-1.20307024214715,0.710481099186601,-1.16073392004233,-2.92674963056694,0.445564479278578
-0.933495383580768,1.42287557486402,1.75951333362894,-0.611835029853238,0.487227787359932,0.0744603256456661,-3.38570750855415,2.10814893044434,0.221255023265988,2.92629987692012
-0.227234795043514,1.25829560410502,7.90533186692179,-2.38188095790804,-0.126285448513395,0.415119344761645,-5.77949136161771,-4.38878084451567,4.96869154960822,4.47685514897283
0.366749526297778,-1.75119524368907,-6.8435474699192,-0.692965487306511,0.287207008652793,-2.08222187773895,1.52895122717591,5.73287672084447,0.795809779284508,-1.36541569708419
-1.51193812583438,-1.63894225097023,2.99263666626879,0.19930301997612,2.08838059189838,3.28339949178236,0.702318361265648,-1.89217251586,0.367237046789264,-0.974427108699152
2.39421100208206,2.08612189381923,1.88113318190442,4.19703842534013,-1.96878179297953,-3.27506809659446,-4.93209313960332,1.48946633919766,6.00036815419974,2.73235948895123
-0.498865218635109,-1.91399930514114,-1.03688609639486,4.21779427416465,0.744306921864688,-1.08020581684447,-1.2070521686049,0.588692273539163,1.09333764832321,1.4569694621458
-1.60937115731483,-12.2764840346423,1.76774280529063,9.93081564222981,1.40243952020733,-8.35974281747548,1.07708128868218,-2.36277105412785,-1.85276059190945,-0.309848945486584
1.713466125408,0.319351898429244,-6.39994990445047,-1.05997466679997,0.174863832198735,0.453015121197074,-0.932691577631956,3.03714488777283,0.18903557437362,0.952759135918219
-2.78349811309212,-3.5020055571004,2.71871250805721,5.28417813321543,0.0183808289844407,-5.79403226535112,10.8110673005773,-12.9017060243862,-3.93764374711186,-7.02589098506401
0.58473089030472,-0.610864875211949,-0.589652667454045,9.86343857783762,-1.43081936322069,-9.48521600869412,2.20727790299491,1.55616146730041,-3.11374509700019,-0.690254258995867
-0.695815703240612,1.23537149525894,1.06315212455872,4.6439110532011,-2.18555950579239,-7.90559749407419,-1.65079817260977,-28.5234444770344,5.11480504785104,0.667293446189478
0.373527300487654,1.23920835851455,1.21611739907475,-1.40449329353155,-1.01996482735284,-0.132647050415049,-3.30207528774802,1.47740978650881,2.47855298380483,1.50643775733817
1.16711658606499,1.96901972765969,0.037931630547598,-13.7212714815069,0.213171870916461,10.6166467208128,-0.0465196223091168,-1.44829219119764,-6.18198055956249,0.646553132959686
-0.0464492540285816,-4.43505424670186,-2.09095282956217,27.4319634716474,-1.06361593452964,-24.5460108891524,2.36553626427219,4.59133831372787,-1.35104096075927,-0.563615895321396
-0.58572997295702,-3.112012020204,-0.958769127328515,2.4805824030195,1.52000960781035,-0.360166206098458,-0.158790568981939,0.863321614593815,-2.33898922042179,-0.483988816568011
-0.115871899610324,1.54366486359262,8.88679342700805,-0.456553712743553,-0.152220758717564,-4.4831262196851,0.200406704139717,-8.28845964788695,-0.813274314928974,1.15898072106648
-0.634823041279704,-0.924145348704591,-0.75276759389492,8.22898367829331,1.01462560604574,-9.94601582117987,-4.6601659461563,4.34524516337276,4.95587442936749,3.12549090227576
5.42285434036437,2.72840832659224,-0.174789960143165,-1.76165632809676,-2.96808030741054,3.5141669100285,-2.2091734433879,4.89519568709216,2.32313328649837,1.76410569975962
0.855427567676679,1.34045030492825,2.81853511734849,-1.06708155385139,-1.06573516095612,2.28629343468535,1.87182669844624,-14.3145970214306,0.00310548258186039,-1.82431426032786
0.535815838059122,1.57121141310515,0.920403396917379,-0.829165060779484,-1.04618519326418,2.82384326495986,2.07597531284194,-4.4099028749663,-2.72476798572405,-0.379496530121485
-2.0088419949002,-3.1498630561073,0.983356369548115,13.2876754838035,0.493893302667316,-8.47214140912225,-2.40163343215041,2.76192883362245,2.69809002315957,2.07376785804865
0.867151118586523,0.204287815150235,-4.18769324594556,1.08870934074712,-1.00562645509287,2.13367608693948,1.5899044872628,7.72178110992987,-0.153018798912032,-2.08437316543195
-1.57730687694286,-1.45588546214641,0.866194615233671,3.18845042962203,-1.18928423786805,-1.37887621711795,1.93522759105684,-2.64103976029657,-0.443600624073034,-0.823057585245087
-1.80366568698631,-3.22394408155763,-1.73662067789723,-1.11736001267039,0.30834513030143,-4.35850865834011,4.07167602257359,-1.23901514141139,-0.664558653282439,-3.32737847623371
-1.18589083968857,-2.31555437846913,-1.10417413005977,6.77324521255795,0.659472243431426,-5.44043397096017,2.03417723868189,0.286927693418787,0.546434738020948,-0.515964635057117
0.846062482030722,-0.00264347806306797,0.94818165699291,-2.90345007696738,-1.52772545454054,3.3154621627592,-0.198455697336705,1.04980193053036,2.55801514088644,-1.28181192517214
0.801308896809312,1.1743459762413,0.269002053196771,-6.09237766602417,-0.123722989816857,-29.728487506654,-2.03935521248116,-0.212574868027884,3.24304723168882,2.13574821145608
-1.28588638543403,-3.33576824576826,-0.649440722031879,1.96970645915965,-2.62353224883772,1.79405930651808,1.84776880220646,-0.896607680503631,-3.94086069519863,-1.76791601555237
0.7990464712451,0.975106202252083,-0.0842391198157553,-0.1495961952509,0.108396838320935,-10.4965356754643,-0.722254529191049,-1.28344928458632,0.577823205614181,1.50586156375726
1.29615104373641,0.51844233253787,-0.502193388985224,1.39343658550374,1.12900898584474,10.2956856102378,-5.87515740726911,4.44892721211784,5.86241408048979,2.7014179621496
1.21493196282832,1.91179414796143,3.29749234349162,1.4955481339662,-0.685374956726648,-5.24492752933877,1.45947011138374,-0.25753555095094,-2.01716863033981,0.266724173579317
-3.04198084646594,-0.99451175891065,-1.27047181575664,1.38972314458089,1.462184449925,-0.47269745932143,-2.82238961425021,0.506696345909377,2.03652467820072,2.21295041585226
-0.472684383227106,6.01480122772994,1.54658738321835,-3.09648394554949,-0.843752104235637,3.86534509634236,-7.91235857910469,2.51406253917866,9.3963876224707,4.25948688386202
0.729897123215932,-2.16876490640653,-0.694288168070878,1.08535728785845,0.452595733551463,-0.875753248889752,1.96924832936435,4.16635862685783,-5.66678511641124,-1.1160758662396
-1.4485648051507,-1.06008698547468,2.79895341021208,2.59107795725378,-0.246077099262835,-0.192384428924183,-2.7147611926141,-5.88288027219093,-1.45919207508437,1.6377599178231
0.255830462784277,-0.865887142837563,-1.32788900590472,-0.744641677340007,-0.79549725005936,-1.38931019139507,0.894544764131537,0.168751946998969,-2.31542301197179,0.226531904377838
-0.235927906736362,-0.45644226621626,-5.64073377085744,-1.06727868157132,-2.04162383371664,2.55123404272504,1.66925481605024,-1.53817025641022,-2.46518341084075,0.345722696460874
-0.958410724279053,1.94747643745697,-2.87375713914757,20.3644344194569,4.13526324880525,-16.1810969367242,0.513981242748796,2.70091004411619,-1.22720267196496,-0.362684022275746
0.000557774217296726,0.58007951403023,-0.813715299776663,-2.31990309836428,-0.00259790249758465,0.822817753528469,-1.30064335882194,2.10178212184536,16.0829684004536,-0.161528436974353
-1.72595116148311,0.940386124545603,-1.2889984983771,2.31217762161377,1.84806193772898,-7.03401600015462,1.16193930641257,-2.97782513283149,2.99536063808784,-0.407460186701777
-1.61261363417075,-1.29106652562831,7.18019648181252,1.94704609455284,0.597051736052543,-0.639838579125799,-3.29165643469126,-2.50262174079548,14.2508389835427,2.259997159855
0.593431402768024,-0.627949138959298,-0.459634814772771,-0.849137292696302,-1.29775372821708,-0.349618868386659,9.31834470190807,-7.10677778605548,-4.43155585737567,-6.20496799612812
-0.122259690680815,-1.40777574555922,6.05880676777751,2.80446682174024,-0.79917111381805,-3.05493085684551,32.4385519730932,-30.7845008025611,-19.0166095441763,-20.4029180160472
0.636082114840225,-2.37239290424361,-2.0115287355139,8.58805809240821,0.405044170722763,-4.14710045801419,1.61109825365915,8.67008514328939,-1.02233438774213,-0.434226525136414
-0.590989575749856,-2.95997355735006,-8.0089982662906,3.9987012857551,1.30324527982661,-6.47552618107838,-0.433340890406301,5.97401097468068,0.667814216109389,0.444051794129248
-1.78075875577441,-2.73848489207291,4.91744782965149,-3.30922760238377,1.39531248768437,4.33479391381256,0.373661100818315,-5.59104683295556,-0.335770454521115,-0.394229472598919
-0.407894865086918,-0.403198036632002,2.6377024713386,-3.50215019937123,-0.61536196827455,2.42524656962479,15.5901046263546,-15.550579110134,-7.73435979780834,-9.3618581783123
-0.170146260192733,-5.40456697262196,5.30850612196881,2.80095934966351,-0.749291998081721,-1.25440151837596,-0.955535062287716,-4.99711011421724,2.55510230207037,2.75975139141167
-2.79169950429973,-2.73991179224228,1.65975052753298,1.16405925423858,-0.136188237948153,2.54643296756336,2.74037724408372,-4.86644477429803,1.04045402204115,-1.21178093215896
-1.21918024918952,1.06499897079749,-5.12685658712545,-3.09659233999186,-2.17378750369921,-1.23233436018063,3.10179426984723,0.0501829363178199,-2.11807307172705,-3.0414263342519
3.85951186950603,2.68401452390123,-2.05603428863134,-2.39539309736849,-2.38320320487243,1.09250766314109,2.32601194109646,7.47730118902772,0.316176381088929,-2.72756263084786
-0.33925368390522,-0.37161004317296,-1.09033096968105,-0.444014454113555,1.23897563236318,-2.87345407936146,1.04904999770893,-0.289393491203263,-4.73661785319641,-1.50033192495244
-0.247539408063925,-1.02189634395853,1.47339945066385,-0.942976547037862,-0.918263141475731,-5.16837390648755,0.00887077320343269,-3.70899498451875,-1.07942083919877,-0.580248472514948
0.492322695406402,13.0332934857434,-1.41698379072077,-11.1573398156283,0.932199746382957,8.14954448888586,2.20832213997893,-12.6937630745263,-4.624526854417,-1.51650282408567
-0.50378050153708,2.76009025318231,-0.877182119511904,10.4099160599817,-0.20115828975107,-6.58963685691347,-0.711593060158546,2.38895121310698,1.3926111251278,1.55600602261064
3.498420038705,9.14666836016376,0.46212158681483,-9.50093069925045,-9.4595945609547,5.4752010389182,-1.22848567074454,1.50491884209723,2.57220186061457,0.694826951462644
-1.03404449433313,3.06782916816317,-6.06324556815022,2.74479695705658,-0.543311665279399,-1.14580903981398,1.44700345877046,4.6465979551331,-0.489323979607303,-1.45397031106752
1.4877276153522,0.29795875058901,-0.258366158422623,1.77352722922321,-2.64640137833093,0.363087316921285,-3.15252052479773,2.48579200325948,19.502057900776,0.998167032757242
-2.3883244150979,-0.680134837454974,-0.71711155186331,2.27409187309772,1.35236163099388,-2.20078851083525,2.11776116092035,-2.89156004492626,0.0184119802226188,-0.803133987310941
2.04311807385893,3.14755761226332,1.17912882359325,0.717196598230311,-1.15977106434348,27.9559960979047,1.28972441122162,-4.08044889236059,-10.615979238819,-0.849416602975139
0.640125730253515,0.1071989997612,-0.0571394359010735,-0.680149982547457,-0.587827656916792,-2.54162476664655,1.11072498036368,1.22516896764742,-6.28742621325808,-0.663050200751193
8.81090910349625,7.59551487944463,0.628461990558307,-7.72702674459013,-5.42624351535448,4.50315787815116,-2.52894559853888,1.52325948475287,-0.325996709624404,2.61676251592791
2.51790346695346,2.18861746613435,1.31520771741274,-10.7830420794968,-3.59739642875951,7.02480177983734,-1.1810943368921,-2.64299106422288,0.326639252107135,1.46217772424963
-0.443852613812199,-1.55936494325601,0.148541326884501,3.59225748847673,0.265791173347032,-5.22933791450954,-14.784304796453,6.77113992530864,7.5270845522167,9.39628457145844
7.06939436271941,7.51850774598721,-2.671803982002,-8.83117623065215,-4.20475281565964,5.39698597083922,-1.12654663881738,7.79975632064676,-0.96797608350263,1.34629989383551
-0.377702216916502,-2.44597704703498,2.7585885630269,3.6981613920742,1.22632799896635,-3.71251597858281,1.10811621849007,-4.91671173035691,-4.28181158618215,-1.15313319195966
0.793133798194138,1.78973621704456,-0.657880099567079,-1.11029956971905,-2.7699909788805,-2.83797561160539,-1.26626493814104,1.85609641235412,-1.24335411106409,2.18843097618926
-0.127033175348302,-3.01124573771756,-1.10977864456001,-12.9532050448544,-1.62850123841295,-1.27364301955352,2.05464232046708,-7.00034084381492,-0.495224507329231,-1.69189054373832
-0.15307727303416,-0.0476451022296468,-2.94176152971549,-0.638701517518164,1.84657345762471,0.969104668215232,-7.86933903895642,8.66963180320537,6.48160510713651,5.4388729917466
0.625725734913588,2.65795508426837,0.695076215782971,-1.66729869026881,-0.338070251660352,0.264410225356642,-1.04300530772134,0.760540314310845,-2.77070937878072,0.623703981825951
0.43769144096193,-1.83564245332389,0.0948814108879191,1.08497888712896,-1.45548596313141,0.655198243700498,2.07367703885376,1.27353333080198,-3.96409496198106,-0.661160398669353
0.00306937907074554,-0.882491568930255,1.82992293221736,0.361120180677462,0.427399984272365,0.273936698227986,1.62921799087453,-4.9183799299119,-0.25884932916655,-1.96145708290606
0.434779753051825,10.2848892512223,-2.76814360805933,-9.67306464452009,-1.69179910471978,2.9291166717475,-0.0995056844112061,3.12412931662813,1.08005531826405,-0.577747431638942
-4.15710005328921,-5.9240987015688,1.87743266853718,6.22874351989915,-2.12489947405855,-4.00685989175327,-1.79097330126061,1.61862414044874,0.38076846562856,2.20492925297151
-2.34934788931778,-1.86286812698409,-2.538958038408,0.292250034896474,0.578427954578981,-2.55242046633337,1.44237509817423,2.67875522933219,-0.555121658776116,-0.953177195856489
1.5323992232234,2.45330915158003,-0.794733540207424,8.68351687636488,-1.66838177069545,-8.29759889900007,3.21355101003051,-3.21747157905612,-6.40975270339455,-2.59627654375098
0.786954937608475,2.87058916810591,1.26211568607971,1.53315990559167,0.766964811696899,-2.35242022249739,-0.72831910499067,-11.5652273120169,2.71053858904408,0.878999376421746
0.959407761930334,3.17022611946784,-0.614445656629401,0.564603343821783,-1.62342753586067,8.01376257277258,-0.554146931988133,-0.57497414703684,-2.69907091644678,0.56344835163072
0.0755880876153376,1.34447869513726,4.26371441929402,-0.191548640279488,-1.11859146314969,0.987400469664613,2.79087310295714,-6.18096446592269,-2.55366077464242,-2.77940510829406
-3.53638720606518,-4.48057150624935,1.48991992624957,4.62246112646262,3.1061881758368,0.584603390711693,1.15936930250474,-4.04673061357011,-0.396238049187363,-0.0108706379733543
0.404347103674149,1.76179728290969,2.93010765844692,-2.99494344346471,-1.4489236523096,1.56918482288911,-1.9867467149837,-2.92499681736946,-0.724180744390894,0.275965534688531
1.09159075296182,3.40726370695277,-0.738289186099325,-2.64510079856207,0.465360052255048,3.53042224886005,1.47745504718127,-5.83096999959693,-3.63748687917003,0.21036105650326
-0.913200061431626,-2.61853804256434,-1.58207905745832,2.66143798023091,1.68639155543624,-8.17509919148511,-1.87915816931553,1.22583530749164,-1.22587129813108,1.84745343568443
-0.332205652286696,0.632418188462129,-0.760346188420746,4.60872623019984,0.328795096736407,-0.68112956750813,-2.3334708163495,4.18754927617277,-0.183803725483887,1.88406488890391
1.73967828464059,1.37324577157004,-1.26168081676636,13.1508112895517,-0.442964646999464,-7.48864020219858,3.42352805481861,1.19098953206837,2.30950627926139,-2.34535251723299
-6.30789359572595,13.1323986340339,13.0896895603691,-15.6147521499651,4.9403702173035,7.1238688856712,1.89559547564777,-11.7279361949948,0.102724375259788,-0.1930070075779
6.19706465694218,6.57717897290854,0.373730554140375,5.24873664110148,-4.60271756827692,-6.46716259860718,-1.05436329559985,-1.087147411089,1.52417737743628,-0.150946374658238
1.4768587215355,1.30557360293656,-1.70791312633177,-0.78401919809744,-1.86199803234837,2.61642645695903,-4.48546836532992,3.24314399382427,4.19472387619638,2.70747792441305
0.344727077672126,0.736651534264814,-1.27963757932492,5.50798373865263,2.45362237232286,2.59517760108359,1.00804361325401,2.54943873361306,0.52624387352758,0.377471938112225
1.33538703442257,-0.78265473524871,-2.04775162590677,0.593200582935302,-7.3016807840444,2.80656004465285,18.0519705519955,-12.6228880066568,-12.9364530832429,-13.3574667058655
1.68030514212242,2.54116389295582,-0.905326321946981,-2.36826630570292,1.1454785689648,5.77238450288359,0.432490744285503,2.49993294388878,0.800941095389666,0.67313398729254
2.16603875577444,2.52938183568856,-0.212483908981018,-1.4350753044654,-2.14778897904408,-10.0907207709032,-1.30199347704374,1.49017114164342,0.233399348934677,1.25926188494324
0.318887538712786,2.0504946564718,-1.37791438447147,-3.67856485096404,1.19665751372925,4.98186376283737,-2.44297372661593,8.83828583273715,0.176105114569129,1.44335362262985
0.173593063901045,-1.75326836029323,-0.560152834021979,3.85475269310606,-1.15735838522356,-4.79666125399568,0.171231186522163,-0.652414502222347,2.62817069709923,0.223519287794707
0.938232355273662,1.5449784997255,1.4848721262054,-2.73462933069388,-1.68244496821277,2.84772096202602,9.2495716364038,-13.0298922307116,-9.3548767264863,-6.67341669959451
-0.843127409746525,0.811302658152829,1.40128720375885,2.17562329024119,0.334303586730384,-2.62343019298513,-12.6596892633369,12.9127872492667,5.84975168974191,7.69396134220222
0.900127694802775,0.963432173849311,6.44780564932737,-3.42783799399182,-0.228779361926685,3.65526183908255,6.35893778721783,-11.145863087467,-3.35433831937976,-3.53005888770357
-0.550258726949784,3.69232246243669,1.0708907592553,-1.75005188070289,1.05087129684521,0.526720711031967,-0.291295415184014,-24.3166165561365,-1.73010729216054,0.955555923250165
-1.1782939956479,3.42646332727894,1.1278857177459,-0.743301350522341,0.566861125063323,4.07757463165787,17.1699720734167,-25.9013329539008,-11.4185934427612,-10.0385053941119
1.9232629229449,-3.54756923595193,2.15631168966846,1.1199532302639,-0.171177112284032,-0.118998427882242,0.356532411135532,-0.481667172401337,-3.30244773595992,-0.936074293231482
0.269392257934443,1.64884930212799,-1.55026049742607,3.5314853956801,4.31539420681363,2.79692638966265,-1.17281296614886,3.1323189746683,-0.571715519081251,0.279673042798118
-0.345261447287755,-0.973925315402666,-0.842151229982223,0.888863035733977,-0.710481534619918,-3.2257645352934,0.325842674566566,-7.0613571094358,-7.64530958462239,-0.162213555720705
-0.666017190776649,-2.63146954802034,1.71652147053431,2.55895444166289,1.35771466152264,0.744746392200446,2.00224230831911,-3.48878979726208,-2.62973323035985,-1.0290937140791
