0.733104692009879,-0.840092006951785,-1.13847088078599,-0.710224042503599,0.151863561158232,0.19701899765061,-0.187542219826223,0.909669288400351,0.881132507975688,1.73453948823499,1.04680524916019,-3.28161340592438,3.0869426340057,1.33024084804588,-2.21363580570081,-0.518836302153941,0.0154896362188297,1.95086656882187,-6.98683408123132,-0.827209228143589
-0.555461916576933,1.50793177948668,1.67561990740662,-0.348485012372398,-0.077072488220138,-1.65337241429366,-1.37985495395314,-1.12366059057178,-1.10366024569872,-0.192135947120104,-0.869791507843967,0.366905621387697,-0.631870334834344,-0.584471517798599,2.51380146718487,1.63726974775384,2.96542542031839,-2.17225137379371,1.02213375804785,-0.748810119075549
0.992524327439464,0.178334496459311,1.39555567754501,0.969514640947341,-0.433286361418334,-0.183932582547803,0.642319560800579,-1.2537922153872,-0.736187508973979,0.169622316535465,-0.0483808111978978,0.948835889793945,-1.93724215060744,0.942097120841998,0.377007109531527,-1.31997025131334,-3.28513317327738,-1.22269536157416,0.248653254150101,2.59341599227205
-0.284554658051039,-0.636655222373734,0.0948932861847357,0.449180708770457,-1.07036563384033,-0.319870636486033,-0.0350072903604533,0.976962717822562,-0.570337670894216,0.450342172812462,-1.48300646452519,0.109824112995763,-0.600168286255497,2.19777334462595,-2.21010160531811,1.04192450351642,0.118453291927068,-0.14394580748916,-4.29109420617573,-0.165863450663686
0.240436581925321,-1.82333239109257,0.785916730106025,-1.9701079690278,-1.06555885134424,1.06134357152006,1.34424690733462,-0.578301545971281,0.0120504038301384,2.29570335390814,-0.158983996878461,-0.0808054121853395,-1.46894494436145,1.38005115395545,-2.19798905500665,-1.48508177016892,-2.08563544028332,1.53225434787507,-4.26951057819145,1.34110793116701
0.363854468942219,-1.12313169110939,1.07424009960995,-1.39250056856686,-0.0322466630206994,1.37830812011742,1.45435989023203,0.0225169163988235,0.359104217744512,-1.17713663967672,-1.11957348178831,1.83346362452337,1.22073970844844,0.107941312837822,0.302850332743994,-0.0189305676906974,-1.19339661066455,-1.45359537539837,2.51271492102687,1.55333088251502
0.0494548302806024,0.461385995637297,-0.552849011031818,1.22367405527249,0.126519104132287,-0.32530421238828,-0.66269375624388,0.139307299540258,-0.072311995317447,0.579455601854088,-1.32740524998875,-2.43900108816844,0.424254990189149,0.253182329789781,-0.155647904846042,0.742939753973167,-2.01577508937751,1.79440264053849,0.0930000032132148,1.49654859366007
0.0172489053364546,-0.0286138559934167,0.27600360349573,0.582150236556058,-0.0874838055006778,-0.108082655378643,0.628316208985694,0.480433326927664,0.0599669752811106,0.0842054068159555,1.77483459037663,-0.294776591577438,1.26944619284576,-0.659742735623419,-0.03868293895981,0.560503722053773,0.349351985832362,0.728413319324805,-4.14067494078894,1.07362924775494
-0.356859116603276,-0.506941453666424,-0.494338215041415,-2.08532503735219,0.455717570033697,1.16183870163542,0.235624367672556,0.415081134348333,-0.118844699890325,-0.182509697800021,-0.965981264462764,0.684132863317837,-1.24732433097756,0.888553720604102,-0.904068436749563,-1.47290319634687,0.368075443505839,2.57386108899879,2.19508515476724,0.585004938513291
0.461657339762409,0.722393631037195,-1.35820554970685,0.098454111563126,-0.778928768020154,-0.0503305011998593,-0.177040284093012,-0.163192645859783,0.666130452988806,0.00568629866926946,-0.584135436536642,-0.175721133024454,-0.921497385339742,-0.75780504686938,0.318226346589371,0.835316201139725,0.229441703469771,3.10844340041761,0.735575202451761,0.273549281788862
0.711052671541853,-0.887086223253183,-1.84589276338306,0.378686556784263,0.316240119944296,-0.247486916086277,0.190180144378019,0.966925691093257,-0.501328060351954,0.511775348033898,-2.17925922900971,1.29808702066423,-0.138295680347508,0.697572497507557,-0.74027140187746,-1.12127268779929,-2.49366576406634,2.36300975609829,-1.06604930253486,-0.0851126911038892
0.351217368116727,-0.308748063230487,0.216626007153315,0.150730825948391,-0.642293324593067,-0.27495123529754,0.0255593109776878,0.617057392443382,-0.254965443496156,-0.252928138556647,1.00774968471649,0.0337207684657575,-0.485271519655629,0.400550196770006,-1.29238780988193,-2.00062702912966,-2.71397919208413,-0.980187546815512,-2.52948202363573,0.962391612038497
0.0573199255489219,-1.11440688586063,-1.16573861060393,-2.23737132287608,0.363592492555995,0.498532066666544,0.649096162011562,0.0252243639040345,-0.7687989755991,1.40556945695514,-1.65117185309941,-0.507069066666802,0.832856109871077,-0.332357762372611,-0.257604801004342,-1.88426379126804,-1.88270708171789,1.30131595106292,-0.740599552421275,0.161398268364006
1.08394488563643,0.892813388728097,0.851339367653282,-1.30582284699645,0.944781224007205,-1.37230280742529,-0.661026652775782,-0.209189984455684,0.416114688908106,0.539392262703519,2.80113455513847,0.744193029644867,-1.18712025992376,-2.46047244625694,0.832770167987908,0.970919201695134,-0.959779222906992,0.0750218585767212,-2.80621946849936,0.14282413277975
-0.618008406463789,-0.304387956095417,-1.1645876322759,-1.52263825327675,-0.738185869654138,0.947331032786429,0.471202362914087,0.0895217621608059,-0.399977186007081,-1.00218855951373,-0.875904472509965,0.999281952479584,-1.9895544734034,0.271205409666825,-0.871293468591605,0.253675910512733,0.608598955867387,0.627505737844235,-0.271580215705093,0.359487501586212
-0.387080329367685,-2.12719868669107,0.872678081500006,1.88467246563404,-1.43527166425774,2.02404821695713,2.11837290222332,0.467373074772435,-0.266841467862798,-0.997932860843896,-0.668995103298273,2.0835537807258,-0.912654556034847,-1.08883845152214,-1.65418495657965,-0.991974798181748,-1.30071419846559,-0.872306040556704,1.90150043240241,0.802747165606138
0.950843432475463,1.2570455972451,-1.76541265529134,1.33151932977009,-0.277572090398145,-1.80686305348135,-1.12181373334344,-0.0582369962231865,-0.940789038207126,0.39825933795197,-0.0417063423651304,-1.02359893084512,-0.343311764141899,0.68213376292594,0.959246225451879,1.70482963476852,0.646452437788441,-0.605869950517472,1.72295251118515,-2.65521203243858
-0.625186334640071,0.984110175270375,1.21246741188849,0.23594022925904,-0.597483305860126,-0.957842614651881,-1.13630445868658,0.397318498983047,0.369650508784985,-0.924529164967076,-1.06723950454042,0.438151611798122,-0.399374430619098,1.36097144214947,0.228443372973055,1.16836843987434,-1.05332037693919,0.267584161052372,2.65815717739464,1.83001339788756
0.167487227137294,0.488927770670958,-0.284711135743645,-1.48319310074948,0.707482014776993,0.218023846781892,0.210171315857322,0.180483937447896,0.353258944557446,0.0318571131447758,-1.17147494033575,-0.734390764332941,0.90234823757927,-1.08933923935481,-1.04058601237787,-0.162196086100605,1.59978175377208,1.53866293824895,0.481087069444892,-1.57269924046842
0.900210672216553,-0.0822163099882397,-0.291628333245725,1.00305011617584,-0.07442466782059,-0.547054673952209,-0.576479713415522,0.146445004680803,0.152021563428903,0.604421651234203,1.82363713269165,-0.0620862799555137,-0.808332555888764,1.10071899424807,-0.148642559365796,1.08676786142149,-0.720080362928932,0.189529927352718,-1.77460174725247,-0.554474871609021
-0.182966015743414,0.992097326566198,-1.59849081113866,1.06578487186324,-0.147292004650339,-0.447185061542712,-0.721695431512295,-0.42654898812255,0.32398167165434,-1.05747863259735,0.0203930104801843,1.92352795040413,1.63635021213394,0.826921392766413,0.901515875674804,-1.26190831611099,-1.33462833481349,0.434922093946498,1.40509964911722,-0.591647347867068
-0.783405343970376,2.29130511087301,1.31745224697266,1.01571830793788,0.732106530336452,-1.59033727219188,-1.49481902942794,-0.604642754344422,-0.380542954867585,-0.979863113569909,0.898960981071346,1.21743271596787,-0.0275880159835684,-1.30745993682122,1.87741852674718,2.51859640337692,4.69561033103861,-2.23121051271697,-0.257126993105269,-2.48085953228901
0.0662025569500451,0.693336504714571,2.0388627025934,-1.54652564512687,0.913602653729773,-0.55461954600018,-1.57096035681374,-0.704784040149733,-0.00683628351016025,-1.33151202910103,-0.222560644085917,-0.31076503753284,-1.00670076665446,0.0692531562992669,2.03403253778562,1.33901204474027,1.53287338910995,-2.61579079065991,2.29341228555957,1.13541117876626
-0.106268907561831,-0.627372311727857,0.478945068788139,0.202296412382311,0.893035790098028,0.824603621444924,1.51399175380969,0.373840072665795,0.492902588952778,-0.132956027108817,0.238483495822895,-0.494475759532999,-0.265577569124254,-1.47045423940986,0.638553949829979,-0.255654290045042,0.589258018191111,1.54688742959196,-1.87192459867761,0.474554024686766
0.0719694448521318,-0.552192438213386,0.408606886528899,0.920967355582068,-1.18009652987779,-0.303072597087153,0.923738448879216,-0.0376592915714885,-1.64708982967083,-0.0914210006186772,-0.352811880844838,-0.102405574026753,-0.527009273822561,1.16297075324285,-0.908646604005623,-0.0273108020084823,-2.33255481027855,0.790767275323074,-0.98278688466267,2.050061624692
1.136906599404,0.302317287560281,-0.430166359727145,-1.68029765893662,-0.68130899623052,-0.207240901762244,-0.550761726812147,1.62672806968403,0.0154658949681713,-0.281857060313554,-0.0223667552458218,-1.1140542781181,-0.717835292424505,-0.882010294556209,-0.470175125892703,-0.420688032828124,-0.563002849370445,0.695120656569038,-1.32920427944798,0.571189553978747
-0.314165288024208,-0.326964036862457,0.110633662097745,-0.772371055241822,-0.296944384883113,-0.520022710529727,-0.922535855406469,0.625944380999985,0.0699659352444464,1.6941770245874,-0.909389806572666,-1.96686796076729,-1.09739525105957,-0.250843365334252,-1.21520175358448,-0.366362199320443,0.390288459129463,-1.24752688025895,-0.444320766496007,0.812365005564969
-0.300051431305905,-0.723965209508022,1.23260028509114,0.432735929204812,-0.343364925507011,0.140361484506496,0.94453636329415,-0.607709697211645,-1.08031010107826,-0.70944479249604,0.167800993692529,1.82550844518788,-1.99660908133754,-0.99632319354485,-1.08953554723273,0.26371314675423,1.68826603091209,-0.81738902499616,0.890447088033266,1.16607147076345
-1.20904737042242,1.51863976966151,0.859579894396806,-0.727525413646825,-0.0889020631325568,-1.8906017595427,-1.49991261256499,-0.212714519572599,-0.413731074354062,-0.418869822076057,0.161653746133609,1.22312751414165,-0.772430385465542,0.90487880214303,2.30055949233382,0.178735453274938,-2.13541587723205,-1.12499694267711,1.39552940674692,3.21366582150457
-0.0467605004375378,0.626171922295594,1.20163322428553,0.600794839896657,0.0875660714896115,0.121454337071962,-0.516853183185416,0.369920080542049,-1.18309127097724,0.801979984388066,-0.308811673540611,-0.194088967989627,-1.05503567223628,-0.61577472195413,-0.198978091575332,1.59868362337499,1.98342857474566,-2.26292899476681,-1.81966114156964,-0.679744265948076
0.637496395180775,-0.217888514230382,0.60494733495906,1.31396849961044,-0.497065482311956,0.122814769985491,0.254266361569224,-0.503172291710419,-0.420550012654086,0.310370437673745,-0.626752358842065,0.480521837182925,-0.375465751574956,-0.089154415529761,0.0923155635565554,0.520020426685368,1.72821358786745,-0.0581160422300179,1.35241625565784,-1.71384093392748
0.147081860281306,2.23771691353749,-0.283380560146336,-0.676685938785059,-0.445092791520012,-1.65993981149518,-1.10541064993711,1.3111559582417,-1.14679512166966,0.271567518517882,-0.619339004026784,-0.317185852651564,0.293044996758514,-1.40771586691879,1.0583778606233,3.05289317432435,3.17747026880392,0.374149074926666,2.44856942345064,-2.14084318442653
-0.729128175051021,0.220217752220314,-0.703590545324593,0.442897402100265,0.346563673856287,-0.290538925042465,-0.751355680131041,0.0112817059519946,0.740608792257574,0.169987958936156,0.583528966404507,0.0586671009427922,0.340375365682686,1.32672055365754,-0.0473934101433999,-1.93097459288373,-1.98069000412714,2.06902818441728,0.352643209011253,0.873912134289255
-0.346793892212868,-1.37473537560734,-0.734485027580394,-0.126867158933586,1.12936666075804,0.681702474394139,0.804679367803403,0.995834186714823,0.633281192631043,1.57003137041179,-0.0319254013909197,-1.17065106723992,-1.36651448088963,0.810719023095336,-2.45065676866587,0.513859847480718,0.640704229284523,0.0734576959945135,-3.83781404386526,0.342284375022845
-1.09416309634475,-0.690350610246472,-1.4205605423315,-0.398205714174372,0.385380039223547,0.432545033489954,-0.195521518484944,0.104305632863166,0.480223229810072,0.185557606085572,0.556634744945433,-0.194505786593493,1.35723988327924,1.05498299394098,0.818584763874837,0.0717619632589277,0.641726920385062,0.954085983244552,-2.18396605257782,0.725809284423024
0.341536716410193,0.76449622520058,0.0422247657552639,-2.02242378385706,-0.791038062052582,-1.005203181787,0.195098402105679,-0.64283055907679,0.162343251192822,0.852721338935733,2.78808067902409,-1.12705669920095,1.05093740179061,0.201277552294867,0.675190801280342,-0.566590367499403,-0.434664336018087,0.350452457228119,-3.36314354956151,-0.0231815416422655
-0.354845472597359,0.525087291548045,-0.653539038704246,0.5476000843267,-0.122041220714604,-0.239975163685835,-1.31346027383253,-1.55932406894992,-0.724819720832013,1.6013015931197,0.778571695576621,-1.09005431472764,-1.47328425859122,-0.0992407029208314,0.254752577964867,0.408841510236021,-0.0471056379323915,-0.702945819457994,0.23945123958643,-0.601991815918626
0.40995051102763,0.107613775331915,1.45161686836753,0.66719865470946,0.922559175459499,-0.904130253625399,-0.0315055264902415,0.335775217095951,-1.5629807557341,0.101454455790972,0.538577269498125,0.537699014158448,-0.0617116612629117,1.5074590471961,1.2559420646577,-0.193348049143646,-2.52471674257498,-2.08634385285338,1.12576064948567,2.59432702149825
1.12300478581347,1.62322198319996,-0.528041978667777,0.615557581511928,0.626707478370741,-2.18939705713869,0.0342392403600668,0.43019643540739,0.655731750715049,0.776346723588954,1.05188362038433,-1.07507544766403,-0.863000202822296,-0.29307616666172,0.65024142839011,0.60760510697809,0.872622808456397,1.87193550053055,0.348479116936115,-1.28724681521507
-0.752370916980418,-1.38513457574775,0.0126212787347116,-1.15211200343812,-0.0401977122189147,0.105244644004724,0.374150551670833,0.77657316401143,0.583783168611842,0.24274879271358,0.452271626681286,-2.03700902942007,0.610931194693121,1.07999956432798,-0.654655580144472,0.0607991300284287,-0.480655211445932,0.749007879601878,-3.01580879646115,1.11341416328125
-0.538511348732809,1.29564504979578,-0.697276924680296,0.0787625634032475,0.813481545829983,-2.18230044379086,-0.131466559148624,-1.40703050288385,-0.344903057910591,-0.358071247732003,-2.8300354034459,0.473309416900392,-0.443325383227633,-0.915545589609006,0.538982831543118,0.0655649647264915,-1.31190897038044,0.362497229303592,-1.60398705602951,0.22092833883458
0.0367108191845372,-1.59186631042618,-0.421960967405536,-0.325413733801298,0.00973297146091323,0.476260733109787,1.43904768562347,-0.499917050722135,0.192531171406765,-0.351832891104798,0.444036759424869,1.30146690669758,0.683644717425763,2.23355535911989,-1.4484864922415,-1.0918903413252,-0.767490344550242,-0.673889416203787,-1.98875758140476,-0.0113977226151479
-0.286180425461098,0.127938414543219,0.542489722668944,-0.479952503782991,1.68826731566129,-0.452709426106253,-0.17602971103916,0.561003791412205,-0.97574449375645,0.0851723881379204,0.524932394121317,-0.251697652609707,0.651402259974276,-0.750640930265252,0.198378374802179,1.71779304651013,-0.194877648886466,-1.54719962055689,2.60407661751622,0.332914089719973
0.11464790138142,-1.86722083468092,0.333626055565334,-1.14511413709143,-0.22515303598722,1.65471479786892,1.50124927245303,-0.605412185561346,1.07637833907048,-1.31544702836907,0.741063343424747,0.861789872995035,0.201522854035314,3.28451621538891,-3.19985981378215,0.272968386805006,-2.07877734650258,-0.248987004627022,-0.393371354520608,1.51905483714686
0.286206081423204,-0.593675561800045,-0.772289879013483,-0.373851882953084,-0.0618376551164378,0.394401446791308,-0.301786978335636,0.898298636307565,-1.69391389602655,0.25533536604807,-1.05970364168557,-0.557260066427389,-1.36460805421713,-1.62259481794275,-0.188065719103876,0.52032610024508,-1.96275360108251,0.608874975538704,-0.737123513862783,0.0181956612543962
-0.766713118663279,0.43741682100443,-1.21174499513257,-0.125091259255409,0.444898215289289,0.208160935519706,-0.84251593209138,-0.0530549321367041,-0.538443000316861,-1.87455599810385,1.79675752387344,1.34950623058974,-0.461305172073797,0.63525806262246,-0.101660018743395,-0.247476240699973,0.834400280116518,-0.299386008222572,1.64504096950202,-0.492561812656276
-1.00002737403007,-0.121550752646608,-1.80861011093541,1.40099151675463,0.671907746645971,0.278686485939984,1.0845168167488,1.07615837776762,0.553468778425128,-1.24139325325456,1.95759221214065,2.23916669926873,-0.0154735842380381,-0.133304833243475,-1.44961852987704,-1.70624594144581,-0.879989753807052,0.329127639238417,-3.40270286085699,-0.304680298532258
-0.665704869534049,-0.290122255550749,-0.154316384901506,-1.07693425002391,0.0652862731058882,0.34463370323514,0.411040249461563,0.844946012327985,0.171090259439469,-2.19403060801505,0.423202658170293,2.40794126730198,1.39868943248274,1.83533637527237,2.48422938417196,0.632284286172666,-0.78754934863006,0.109913817724091,2.57016122858743,1.84484340796373
-0.104703488232412,0.932999637181121,0.313191862910892,-0.138900249568895,-0.857907135124933,-1.66974711932247,-0.61347916780772,0.0411957015749703,-1.3220188510731,-0.627845330278107,-1.35534224005769,-0.365578823927972,-1.96605569044341,-2.29505998139812,0.289080074432076,-1.79831622114116,0.311725736180997,1.05483278294516,2.39931998861799,0.593665512054286
1.1604181033782,-0.779969014477657,0.450738400528688,1.42023067925549,0.392463309593554,0.188726187929326,-0.649417060665527,0.419572288197586,-0.476749828698435,-0.240686878530202,-2.26350393867779,-0.201755737828461,0.350870401026871,1.94038649442635,-2.10286022714551,-0.860901048014804,-1.39360618534106,-0.573556077431138,1.53775730756749,0.0576110607086405
0.851681502421271,-0.611695115386943,-0.338250496135477,-1.3187732765652,-0.145063305201934,1.26960280183697,0.960521625258541,0.701374987719897,0.643083128029445,0.200590853892084,-0.371351959199654,-0.855731632089672,0.174840850656367,-0.228604827038746,-0.947405972315912,-0.674213861120084,0.894473578949826,-0.390889737103302,0.223852583444272,-1.72639745794989
-0.243646368990152,1.55529377192098,-0.546863147876716,-0.672000143087401,-0.00747272519171836,-1.7888959167565,-1.23491881871624,-0.482855611063429,0.0766915441959015,0.90467502284771,0.160341487324558,-1.64846895595875,1.23184629496651,0.882485156434306,2.02385615760548,1.05766859665502,-2.13534525172627,-1.39857957850575,-1.51667369554083,1.39418221610235
-0.337610843975655,0.938656301027028,-0.0192846834390675,1.00450067445574,0.422238234640142,0.224285463108174,0.0144617493328515,-0.226605699465315,0.854003868214106,1.22642532628428,-0.833716438414763,-0.120622312092408,0.790830911901765,-0.889359791352673,-0.468125259329868,-1.21199921767234,1.62697208110382,-1.72366295421524,1.15052747580219,-0.512792443668473
-0.697104923454657,1.44768238218414,-0.856224961702695,-0.0635100412266115,-0.227358905160123,0.374407836512754,-0.503016255245062,0.473569092535017,0.103083964086337,1.12056276684555,-0.989183279416161,-1.9527118330552,-0.320185311745624,-1.13508168598308,2.92828643342938,-0.289317757603364,3.23767486136876,-0.198195274735978,5.09955395977215,-2.33379845275039
0.886264607709409,-2.67558528475443,0.921429693019155,-0.170056853432944,-0.862735286230982,3.32449560862153,1.26713716330965,0.290138912345622,0.546809087749239,0.860186986612522,-0.582696686801606,-0.821155359130049,0.589275628817886,3.72970576415746,-0.758081400819585,0.291013284750222,0.160052387282223,-2.24430008657435,-0.267453210364441,-0.493149682918933
0.0111330952504331,0.112159235689366,0.409291377621962,-1.61686210625447,-0.280789860774372,0.569243583343469,-0.59595617522285,-1.79407202449219,0.0888900063405485,-1.77725397611121,-0.522804836550215,2.25336006612569,-0.193515086429477,-1.55204487381868,1.46047207263278,0.533274079901661,0.616024959309637,-1.38500518661709,0.609310041718544,-1.29010610791547
0.107744193367459,0.492574510177965,-0.27848304565692,0.237407653989456,-0.115896701650045,0.211287895173391,-0.352419478011035,1.33647211943174,-0.27335821618488,-0.176758822881034,1.05712682328491,-0.698795928159854,2.12379497156872,0.465179980821535,0.293763244762371,0.5376167291642,0.847744151222446,1.44976008040668,1.89507995549628,-0.476514120999034
0.252380952235788,-0.952895475474885,0.549901569833284,-1.01462244679417,1.47054394917306,0.877352736677531,1.84784759199709,-0.912751220220708,0.728808596593784,-0.0100424769103593,2.0883314168272,-0.366348190409521,-2.39851350764291,0.169242187513461,-1.95918753746379,-2.37017169978869,-1.60090819022122,-1.34735077216584,-0.751742917331878,1.16872298768111
0.603774806138679,-0.893090286543114,-0.692848899055488,2.53660416948269,0.876312684479983,0.123708113551348,-0.277018869077719,0.0333993394269418,-0.649898297267955,3.66020645473016,-1.48404325417457,-2.71432124063597,-0.898656594014773,2.15675026454914,-0.569477565823456,0.260111636105881,0.585081932913861,-0.572632352346887,-1.04388898553884,-1.78579876631772
0.619159903365378,0.304862337260131,-0.576029174129276,0.218224909055951,0.0223913989705582,-0.29033921750091,-0.690873272011291,0.249700706719155,-0.177367051095048,1.91584041015062,0.203176218235869,-0.952865166487316,2.06686328369192,2.77100785296316,1.76073345212992,2.0655370617032,0.669541770919042,1.4067773956147,-1.26906124059651,-1.72371342592778
-0.430178888737754,1.41664202596033,-0.128462039138164,1.49836013243889,-0.443215929246182,-2.47973686175659,-0.681610428697136,0.300428877396833,-0.324572964446337,1.16022342007366,0.280049824981956,-0.395914399989581,2.10709626513564,-2.38521167079689,1.11285080946465,-1.32846797367694,-0.673971284226271,1.36077537924073,-0.0129705520291344,0.819848281509674
-1.23106877680334,0.844742907697575,-1.0880994679608,-2.82718786748256,-0.161443594677138,-2.12358474778285,-1.54809067407558,0.49900497065798,-1.13868621138516,-3.01870545423809,-0.260642722642378,2.54866425757226,-0.147757799751223,0.37687696861061,-0.52716697940259,1.18853033617472,0.117406570949977,0.048731928905272,3.77160085922093,0.81895895877947
-1.13702015611453,1.52747751383011,0.472348429747619,-0.707245471965756,-0.0561305198296659,-1.12249643230703,0.215616377421096,-0.23562222713754,1.18247448479879,-0.24534775731737,-0.737930131042303,0.578309310616528,-0.288175782593876,-0.0302515599682234,-1.06866502584692,2.51966244726696,3.08650419248694,-2.22468799172457,-0.210709154715029,-0.195155264836448
-0.239869819826733,-0.491530529579096,-1.63851625286467,-0.854074496450482,0.629339156193263,-0.0248376562322975,-1.43141715645983,-0.0387260542025683,-1.34990151701244,-0.0283010880993645,-0.645076867140228,-0.722098163283902,0.392870000659847,-1.10298669043259,0.366842634606788,0.554838363015098,0.347402863516882,-0.708521680047492,-0.891437751897621,-0.102033056371627
-0.814918910616631,0.400658090287108,0.0094430345920524,-0.109041163936457,-1.05758754601425,-0.933324769514921,0.206974670459484,0.231227789086601,1.14794316670115,-1.37275137677631,-1.69395925183436,0.783134705946885,0.610978248037268,-2.28612041070638,-1.95500030808513,1.61805045857053,1.76375239822459,1.92577808635703,0.914388184520721,-0.777637202938688
-0.120889416603619,0.251823568975647,-2.16559606020481,-0.050675397377308,-0.171147323580438,-0.00293438851384574,-0.236559125677609,1.40747364531613,0.157622968667686,1.10376298970937,-1.2784135857381,-0.545942565872673,-1.73299163689071,-0.26233990676544,2.17950607822877,-0.566632767545554,1.09291859785679,-0.0697098061735954,1.97464660962311,-1.12318279034585
0.113126145393144,2.65133103508082,-0.70858311888542,1.13361033105254,-0.146931004056751,-3.01245904845388,-2.99732132533163,-2.39122114729759,-0.0722974222348392,-0.197687273977589,-0.924498785146088,-0.878810368140057,0.703751178619724,-1.48884232671276,1.451117751601,-0.0449921738005795,2.17250498578046,1.03772769644954,2.47814059947317,-1.65748958723569
-0.258607304078463,-1.93725028247265,-1.1148452463934,0.628217733891949,-0.292152031311679,0.979970380841381,0.895651385139561,-1.28646364769793,-1.5184990088567,0.403329702491802,1.5792800901958,-1.19297411315715,1.13874868787476,0.984974032651355,-2.74979794689585,-2.33693292534713,-3.68174974613463,0.870497688872592,-2.29184676731471,2.22879438459019
-0.423560936615703,0.679319509698485,0.20510883481076,-2.3182119843353,-0.970424794368998,-0.412224504826511,-1.12992984525483,1.16866156182473,0.924358946931259,-1.76047465634652,0.0873675691345306,0.664372840049483,0.817831051773635,0.071325113740582,3.22328795325513,0.371276372863569,-0.601256770668855,-0.758111126555059,3.72834193056404,0.604613062211341
0.0834412336351747,0.991056274359794,-1.26004161672298,0.677001932050924,-0.259290294321835,-0.454002803748231,-0.373369555893839,-0.735714941658958,-0.0652922727423757,-0.0608124993950863,-1.20076426790537,0.368682671102004,-0.273729193243945,-1.89466239216434,1.36961525944538,-0.789067148291919,2.1946155963301,0.0433470504185082,1.1373370440261,-1.61212263716871
0.526061442409345,-1.22491509375501,0.362290959213594,1.34994626563579,-1.21814396991405,-0.00654049042593654,0.566490582239647,1.63300650880439,-0.191456528671081,1.35271553039196,1.12725636437176,-1.07676760033685,0.468718755012487,-1.24885179336675,-2.41448418841651,1.27637950126204,2.25257017851312,1.32977162219617,-4.69979790650344,-0.455814313915706
-0.372145513399318,1.46147480432317,-0.127572382455801,1.40642207764306,-0.0503217030850632,-1.24206722682432,-0.242981116278084,1.6567304752447,-0.355576659009243,-0.700253126620678,-1.31402569049127,-1.16546414921016,-0.915526566094689,-1.1318291242159,0.158779912146554,-0.657384226961129,-0.452678416325448,0.93384945413996,0.281700322398045,0.821053291896061
-0.96622161522745,-0.843235275085803,0.0154636354340534,-0.942388793249509,-1.19421306941704,0.349806097068131,0.842484430457361,-0.593911387590365,-0.171723461182393,-1.50944993461556,1.01757378281097,0.704726793705889,-0.464652675972731,0.958137014430403,-0.767608821840746,0.20355345206448,0.224894954626432,-0.487256801664032,0.593929487320608,2.21845983155863
-0.811767317476795,0.396370062611603,0.121309984989335,0.120412849032018,0.801070713618499,-0.226505742005777,1.14714322095263,-1.20129296006583,0.54363917231063,0.452430694701233,-1.16710729567063,-0.419608433705131,1.53994946674813,-1.76411627522581,-0.0153656540443785,-2.17233373834334,0.199872285937659,0.0675157192105079,-1.16801299817553,-0.0731892118504867
-0.355203589725487,-0.0585787682572501,-1.60610012524168,-0.448084902263112,1.01715342168813,0.828644183115055,0.334658184695001,-1.15029042024293,0.0370489400754489,0.0553689491882132,0.253419332751823,0.467938850800528,0.580153607420165,-0.17069909960622,-1.01157272726115,-0.108099620283772,0.446738761871822,0.841396743823631,-0.444895044433635,-0.691385470224979
-0.882751655305856,0.722666455635013,-1.36854066639697,0.690067933905725,0.339615330026771,0.659964371988052,0.105636803021747,0.163966646541647,-1.18448293447084,-0.335222739754204,2.05842805268515,1.02601758582939,1.62215257990188,1.25766063879763,1.08748665756228,-0.904533584382882,-0.726095006271864,-1.18748774305298,-2.89096148342116,0.187673341649755
0.343026653597999,-2.56985359367722,-0.972390411792894,-0.65804392086913,0.0938987644305184,2.1263880604881,2.10064472129875,-0.995905913892277,0.270102943131884,-1.38594486904585,-1.77280549011127,0.846926092876839,-2.61225823293043,1.73118853787662,-3.52509856876254,-3.01642108832161,-0.820131106825665,1.15228731998187,1.08060589890045,-0.239398423788318
-0.055660485963596,-2.03731636039884,-0.909369124164082,-0.383514685866569,0.230225097160342,1.17532755320645,1.80724119619831,0.126819328463844,-0.0659208290798196,-0.382960899388561,0.786908981398512,-0.209197534232659,1.23878126278912,1.4019015285825,-1.21136347767419,0.807402461784277,0.316000823966366,1.28165230235214,-0.0263813579345455,-1.83816604510072
-0.0901828019464141,0.886148867802194,1.75115920367926,1.48395853130829,1.26491286135696,-1.64491881370295,-0.120638901418461,-0.246827524787986,-0.536979822594705,-0.312514056551457,0.738251389120549,0.596481216620708,0.360502580576782,0.67865679364414,3.87399921454531,0.421545913806554,-1.34774891578132,-1.71032983174839,1.94336266770672,1.45017414393584
-0.304185740970587,0.819918633651153,0.401459130628081,-1.10524143177425,-0.989118676118414,-0.27413337568654,-0.321972633950537,-0.35985665039578,-0.325337612542812,-1.46185420134325,0.602382125149649,0.250368619067898,0.951200996466548,0.188031920066772,0.917377694602738,-0.836533567101192,-2.20383780333966,0.597816576116801,2.09351355564929,2.64995195722649
-0.724855623367056,0.841422929888997,-0.601456522825666,-1.23660923567128,0.854002500837045,-1.35761832046264,-0.727839099304131,0.455644775074405,-0.17834741499433,-1.18960551695439,1.85364283492,2.09993065080505,-1.67328295016443,-0.991387815465639,0.671437968041355,1.32402531278916,-1.56078851925618,2.70312225522364,-1.94400713268761,0.460696221698041
0.0610001472602856,-0.72044332924658,0.124382343869804,-0.518147040138163,-0.420241095618569,1.12675743975735,0.853135216352417,-0.124016102961837,0.776873620913326,-0.12443686475273,1.34265746614691,0.220282894293808,-0.62269147331909,0.976767613473581,-0.815058015902984,-1.74194894581556,-2.2705719053977,0.243626944018287,-0.770116961546783,1.9387927070363
0.315019759719053,-0.962039089540076,-3.22671030464644,0.549496728133725,-0.341380587894831,0.854579835511009,0.484281463122141,0.0936080841606957,-0.694293145385057,1.79190592414441,-0.620138768019325,-0.148333780157021,1.35713815884915,0.853194628069443,0.415659071318198,-0.642830837974635,-0.124695918662635,3.07461147115842,-1.0462763447512,-2.21128996435624
0.497257923404578,1.62489324678266,1.10578692450047,-0.659869421040639,-0.517155116132824,-1.04470135053132,-1.59879298480246,-0.400510787514156,-0.223173967974163,1.1910030254942,0.451093767120109,-1.12980145474254,2.42454893721054,-2.28588604209668,1.62586597632271,0.979428130327474,1.747718181442,1.27327169017767,1.32266127334376,0.935802606141967
0.457350113644738,-1.00118725628308,0.711239865751019,-0.0381640179975795,0.674499798589464,1.16881059400408,0.364374905692083,-1.07651373876246,-0.0937887312484414,-0.527862222119509,-1.79081947010525,-0.208846009085272,-0.90492717597119,1.31549099130862,-0.0925709107613483,-0.575678568442741,-0.513675759594912,-0.00669461024015639,2.7846350452777,-0.315222375680291
-0.704386206617546,2.41670013862074,-1.21483410721878,1.52385524020588,0.904897674355039,-1.45017866276942,-1.18112291674184,0.975787817642882,0.342222210990336,0.171165548347316,2.26055383592806,-0.700220564676457,1.96334146670341,-1.38736810166694,0.997723406214114,0.934455952207541,3.0618894291253,2.01933788594764,-3.70424108059924,-1.7599374037864
1.32708395066068,0.0919469457134846,-1.14579005028965,0.917061775102816,1.00915620734793,0.279605939858203,-0.742806057909937,0.811493955411876,1.60010328476116,-0.41046463804843,-3.7271880828309,1.6033666709044,0.126490394659604,0.924056477573294,-0.922788063064055,-0.626164642081629,-2.97430695550871,0.425546249615783,2.47885575830635,-0.17163959955419
0.239201433251072,1.42147249044249,-0.0670717970332433,0.2198646659435,-0.359038384590852,-1.61623653237431,0.654992046277786,-0.441720174759005,-0.272782537665997,-0.445567317026748,-0.379073667267724,1.35316061090003,0.417048397074718,-1.1691276434246,2.3842638487409,-0.933458776536899,-0.562400512497645,2.87070145360799,3.27414567471317,-1.51485314086949
0.362584323240501,-0.434724435145225,1.54616599210124,0.787740726637034,-1.09374477062814,-1.0694119335988,-0.0480270652250835,-0.149922951592685,-0.270668916239815,0.69345536768812,1.31110664973621,-0.339819250536633,-0.709822267912151,-0.378711243991799,-0.574722938018798,-0.293105065889798,-0.568382143380188,-1.42628122808268,-2.6553275476735,-0.0554046702035208
0.125478075060716,-0.253055790647517,1.00255837300603,-0.0748498034865239,-0.659371086354149,-0.601990884014566,0.168839780945407,-0.828881094100789,-1.00391770118159,-1.65052561731592,0.0698904307868558,1.94144906990616,-1.26181627812601,0.605486714416988,-1.47075639485604,-1.84883646884587,-2.36337657160568,0.293413342095497,-0.666693540639261,1.65672186160277
-0.3926791536541,-0.211422388044996,1.00289476292219,-1.04581065304886,-1.13749547020714,-0.589870589903175,0.730174157399066,0.507785906292948,0.5422390940272,-0.307275685129301,-0.180635121149792,1.21603447668032,0.125284253976261,-0.100878168888756,1.08696018583022,0.0857003426827388,0.993957062598134,0.218264843175001,0.204592326701185,-0.522001144026605
1.64615355419214,-1.75613331121784,0.0368373118820599,-0.977610204284782,0.258888417716987,0.178656566557699,0.276254265159053,-0.727517127027781,1.55793517542272,1.28113978191509,1.37001542305311,-1.25757271305753,0.285338499932262,2.56798798788921,-1.94880135024237,1.8301574284355,1.68941822840632,1.05621268928995,-5.9195971019704,-1.36755145779303
0.17592090857351,2.3576987401624,1.8277048168847,-0.472426111643716,-1.03909782627652,-1.20798752983905,-0.880333709285079,0.92848225075443,-0.517759067853268,-0.149623574753667,-0.0247789122129907,-0.0265743622580125,2.44707255076712,-0.792862236948548,1.51115901624335,-0.627999805247805,2.55853974365763,-3.32136731834484,0.0363197879567429,0.679718202521964
-1.37107578604487,0.402170698808258,0.0311974876868412,2.10951612856317,-1.59036091600625,-0.909265567113513,-0.630527849012312,-0.427073357539556,-0.333759041368256,-0.835434259987386,-0.167699032475259,1.14563118101717,1.63844688787518,-2.24556119965168,-0.684803127301936,-0.346025046827737,-0.290947029155307,-0.743426252577905,-0.122503366626204,0.949627780779326
-0.152489610132849,0.53843307932402,-0.99208274532828,0.427737413384991,-0.073654548926943,-1.23839525815868,-1.54002860401917,0.55100085574867,0.216876005643686,1.61475810628047,0.148264860772257,-1.15515919061358,-0.479314778076201,0.151353634057951,1.47384065216326,1.53977587436805,2.83791355863055,-1.52780715794452,-2.05221457415109,-3.37133360499552
0.507947247978983,-0.0918964823519487,0.650781030369821,0.0943395593339195,0.797559923225237,1.0600455066407,-0.797499517572574,0.397848181938972,-0.472279046746181,-0.270551300783155,2.58852420542337,-0.126110721995372,-0.256302587603076,-0.133323959865646,-0.438499394077456,-0.177604307400863,-0.45766699405572,-0.888721834579551,-1.27057540952426,-0.729606926474975
1.14030516680407,0.207471841795071,-0.284206984987114,-0.00417654864926468,0.157076806803226,1.16510214113951,0.524750248595127,-0.207975159052587,-0.720287641690736,1.02998172588821,-0.00122628497776717,-0.988112132749287,-0.58982230310506,-1.42444468541481,0.556634299341812,-0.325034181770683,0.92465996572693,1.67039344174036,1.1416843126322,-1.20390471929453
0.748525350085274,0.0470538972924523,2.15259788737605,0.95250093217997,0.939813200079865,0.303295003634601,-0.52136229691079,-1.83711881942545,0.164765568290021,-0.487625779749447,-0.175967146747268,0.431880529062826,0.0440235743642654,-0.368900743325377,0.417865477610982,-0.625498925068022,-1.8001884065162,-2.86144834587281,-0.90582633220239,2.71157874910401
0.16718926375665,0.210111936961733,-0.92205634806201,-0.328480565901303,0.302922386506702,-0.41104888214922,1.55391008280235,0.612753223920665,0.572334379893228,0.796823283608012,1.91280494797763,-1.00654716458672,-0.954240407738608,1.65657629632599,0.539440339504907,-0.126611573670668,0.39694204208448,0.271967474475373,-1.43847940423181,-1.15532968796272
0.0899975392766114,-1.25732857964334,1.43984084210424,-1.00520566914449,-0.0296133638679202,1.89514998157327,0.849794859504619,-0.273928739474563,0.0280461725826514,-0.813703515382815,1.64175370394993,-0.183069025147514,-1.80347510228378,0.493374655154205,-1.04124467592253,-0.703252632620032,-1.40178149752016,-1.18590900168153,0.787779488266861,2.50250595359911
2.83797865686122,3.28237532805114,0.115152645197635,0.141225716761997,0.583922722802233,-2.32671354341139,-3.29610141864606,1.22509579935199,-0.291446212582931,1.17833514474162,-0.992275317209335,-2.22081278144623,0.507993670347124,-1.62640237039558,0.844099219796085,1.6684782367978,2.80211337500871,-1.45016854857169,0.0381481305160435,-3.27451675509367
-0.333515668423347,-0.862573018606349,1.32208610182852,0.0443391593202568,0.315083429805219,1.36106514396512,0.434441636525904,1.1624927544322,-2.17982160135187,-0.793798777608035,-0.0760676344841924,1.07747238494862,-1.32130107106273,1.07495788066981,-2.27161531675463,2.41038538046065,2.53891540736625,-1.73934384348019,-1.02029355715282,-1.33839168197019
-0.255122919340167,1.0076824294222,-0.0320474204318416,-0.797218012248156,-0.303059946980529,-1.02869748435212,-1.80484288130199,0.89082477438261,-0.850915920062474,-1.40359271190417,0.595376259420027,0.229389967376771,-1.0195061950369,-1.57198242568412,1.9052298004274,2.40337137519972,4.24249024649601,-0.172880187097247,0.00545282618974748,-1.97408899935392
-0.0879583634375068,-0.982134766052099,0.508307285230048,-1.54295643027338,-1.57179366427535,1.89365974334991,-0.00304418843181406,0.414469729090271,-0.0200692942843034,-0.25098459461162,0.28804036560148,0.518721737533353,-0.16562530189775,-0.874892961987554,-0.935431882387277,2.20537220015183,-0.673103047329154,0.0165852312273973,-1.2129623262337,1.67040234056525
-1.61491665727499,-1.02296722102225,0.189028645773162,0.906570012033918,-0.0371942058605488,0.919564745465002,0.869291981866925,-0.115941232626194,0.550474936942974,-1.82204171207395,0.746629571086242,1.38926668676533,0.165927361499254,0.794457095399238,1.4808794930671,0.139390400687086,0.243582120225092,-1.56528359429432,2.90049239752021,2.11759717886528
-1.04926493973519,-0.0267316130718354,0.500567104727173,-0.198157662166458,-0.807796275559241,-0.662811394760049,0.141759668121037,-0.682431145010067,0.634141483649153,-0.713764323009293,-1.15180635400367,0.802940891471609,1.35209371238392,-1.26596382664853,0.130228417197982,-0.530175826534609,1.67768296051454,-0.43810664134496,2.27849715204282,-0.236166968613599
-0.78208821270808,-0.10586745251265,0.832480072137396,0.380855086228127,1.17355903469525,1.62580677477384,0.0710099058936944,1.23644367909083,-0.181238588300647,0.417160503329562,1.06570943564962,-0.703235414646389,1.55189868351655,0.00196252678764757,-0.279584913474641,-0.675249393583927,1.00363818444622,-0.978245945540515,-0.242636427415272,0.614505862019328
0.198318644384491,0.278996626972843,0.685810225245498,-0.725654849134753,-0.604091519689578,1.29713581135453,-2.15661763268398,-0.263678128737533,-0.0688294932859974,0.165394932464156,-1.97805885271687,0.469687257084149,-0.798420383810631,0.759053761784592,0.382432299847107,-0.173076223990182,0.496111941975021,-1.33881711346377,1.44660280611323,-0.274687242992187
-0.897597821071075,-0.450746031368317,0.138268992332169,-0.931983682739976,0.737808319465895,-0.385046595951789,-0.412119408760245,0.720808477586805,-0.137636605505409,-1.52846073176353,2.39427886499587,0.479663275919357,-0.890081406936973,1.44837965042975,0.231482531821344,-1.72142506948891,-5.29791874307286,-0.166876087307047,2.40063025818849,3.77041518767316
0.415290731339438,1.99092401465715,2.06962063153638,-0.426269154188426,-0.0239210060470664,-2.68531849679563,-0.46009119012667,0.919505886830285,-0.857664640538408,1.19118880117583,0.467865062877092,-2.11060730119553,-0.195808156162582,-0.217907246626886,2.3438577893255,1.67115324136485,1.34641003811809,-3.19280128158635,2.51232872366448,-1.45539611291818
-0.141764428197648,-0.225413171864102,0.409770551987848,0.644391509800595,-0.380852453300451,0.621495340555474,-0.786479810184438,-0.39270361224724,0.821311795495317,-0.775268923611275,0.658503236355691,1.82893280343291,1.50546614133602,0.623712834861461,-0.0978348057734362,0.178086987072605,-0.626760837094381,-0.970247143579566,0.632363151879433,-1.26882130440269
-0.874876688422125,0.150014192261676,0.799235265188171,-0.783033230881155,-0.433267028385717,-0.239129378198595,1.4771960778617,0.145057888982116,0.12134668337047,-1.64172666760392,1.96170893143231,1.10491352943253,-0.11226250707701,0.229217203229684,0.265730491162858,0.400351934947512,-0.555737231812656,-3.06817792761976,-1.53981965194944,1.51985786028067
0.203956237486496,-0.350888240985709,0.218051405668003,-0.0727460203184173,-0.736456575585426,0.724231159365939,0.292936427469424,0.354711771594476,0.725842247996932,-0.925455074910385,-1.26851222401314,0.322238056238989,-1.06929416342294,-1.10987240904256,-0.521011322242564,-2.82180170561205,-0.679302193401559,-0.411887036362584,0.359369452288315,1.64825367059101
0.492576303210262,1.59771648807532,0.42655034031039,0.354816010852968,1.89078848340384,0.72635056678473,-0.83982827781678,-0.0399918758269581,-0.478766498030167,-0.947157612149054,0.299448054189944,1.41096352680765,0.84943064893681,-0.852718586050061,1.05889647720799,1.45128454093183,0.431489434617292,-0.258696645166539,2.05960472172092,1.18953938620148
0.784475943955417,-0.0947503014964927,-0.268589483423135,-1.05583344772311,0.313256725922643,-0.819753402645056,-0.185216485180704,0.432562392917423,-0.397836826311522,1.35212865891784,0.883282181252156,-1.90856667425226,-1.03824571389979,0.467496243274984,-1.8074587782756,-0.239829597486414,-2.50601834740122,0.971900669101211,-3.38907263488156,0.443425895414377
0.609224721888042,-1.33270616933461,-2.83633298741294,0.682526756155393,-1.22488688944915,1.69090736795995,0.622848849493646,0.63518899282356,0.399945550266812,0.572551519374516,-0.524970625070477,-0.997004093404626,1.33999340053511,0.979247302747749,-2.0685492167129,-1.88581759276276,-2.76357989079247,-0.619414032669836,-1.32694520098135,-0.841033278430615
-0.0598533604195325,-0.107163022984867,0.826574709163028,-0.0375628213270505,-1.40844347625228,-1.44628213057499,0.282367803530967,-0.275381040249519,-0.0598986948674386,2.51198271948247,-0.210424090516116,-1.55010821542505,0.188608065513509,0.879625321168968,1.14202341949468,0.379915713456454,0.772515362770668,-3.26780132354817,-2.60892004864299,0.377671863569378
0.751183063142369,-0.120697929345424,1.2873627015571,-1.45400967806444,0.487231673496764,0.0498780761103401,-0.602013550214665,0.283722412863827,0.00834672244104473,-0.866319559753294,0.510071928177021,1.08467012013735,0.988397143725362,2.50877884161206,-0.129880503054101,1.78016977669932,-0.0729074619213426,-0.374310692437774,0.228784070674523,0.677748717669467
0.165272490991373,0.579249531316952,-0.17689800956539,0.514900535137642,-0.0913722381985191,0.455385815677313,-0.970529698970244,0.44621074260091,0.236571460725454,0.363693269473966,1.24899814854842,0.785260469414555,0.173616256365437,-1.14818916971265,0.139244578835984,-0.765591706498349,1.51783171185563,1.80840939513255,-1.21085846038614,-0.490420111324301
0.150858599293734,0.97138954153538,0.0607692723948616,-0.654363045300914,-0.210420090928665,-1.38894960661988,-1.25448996030424,-0.0121112317098803,0.30871159465266,0.639149094347155,-0.32050737277833,-1.37540947379453,-2.47448634833216,-0.109286459485682,-0.0527138966068512,1.54902652940168,4.63389647852774,0.0535884677288056,-1.73725576478345,-2.53762373998883
-0.57030497986237,0.608383908930173,1.05823613555143,0.941009356342126,1.19884867528949,0.260304541758041,-0.078855769260048,0.699197306846338,0.822677375875544,-0.472853286919724,-0.307257179443881,0.337556123221978,0.360181463038041,-0.0512692518208458,-0.40438539177549,0.00931164603475518,-0.554549315090988,-1.32388413230633,0.358015270896177,1.37554209910627
-0.00828148494420161,1.27432286304633,0.947046864563037,-1.81667626445083,-0.919657810364631,0.00391693994015436,0.00882173720195295,-0.0684637961507806,0.73931953448952,0.344349931780419,-0.80667251336118,-0.812779208738776,1.14213290179954,-1.22030461517479,0.276237010757811,0.718856788631578,1.30836651070327,0.0240196344732966,0.271682069439404,-1.10357187696339
0.776147506487037,0.922505715672761,0.819362038435902,0.411076158685334,-0.41929653133467,-1.55277131324423,0.192424638366533,-0.494026127619484,-0.273745518876541,0.611398468603595,0.692083086677504,-0.736404792941412,0.611629343851824,-1.40407079915487,0.348529477636218,1.97185555931994,1.04521884263978,-1.58407092490553,-2.56708984919876,-1.10288586709454
0.291314206870374,-1.81895000657296,1.74413582214177,0.819259490259395,-0.47307849713101,0.237878929588177,3.0177135633895,-1.34861459009453,-1.14741080860334,0.219369825753451,0.489094451880815,-0.323455129106753,-0.433795542743202,-0.442268132576584,-0.063231190216437,-3.9885959004267,-1.57725714886184,-2.56039611604326,-2.00071087506243,0.634062594204197
0.818414768873362,-1.64245154844995,-0.191433623652638,0.365473512233874,0.331090680331603,2.24001194563619,2.24945975468775,0.331728929925666,0.638519024297769,1.70214805910955,-0.557909310793628,-2.66170000313458,-1.27354803883495,0.103439743166487,-1.24323492745664,-1.99088721162724,-1.12056114866663,0.644547585981667,-1.77308939161533,-0.469640348945039
0.840364313935286,0.736399840334747,-1.61327484633047,-1.64441229145903,-0.565754203641631,0.434518403906098,0.97296542140705,0.748785983571954,0.0694370030910674,-0.877579676534802,-2.00255611189564,0.263132032913596,-0.279847625172965,-1.31235165443552,2.19212210946053,-0.045332831370316,1.73352770011787,0.208114291608388,3.29858043216509,-2.47936994310356
-0.098387454127783,0.164934155694106,-0.648413755785312,0.417042902308622,-0.967729389320691,0.0780232274808484,0.393568831605463,-0.0894744888756887,-0.0391757790358885,-0.551764817318403,0.423829281162516,1.90375458457842,-1.45770923128384,-0.4798260960607,-1.14740920795362,-0.883178190511342,-0.331528793353789,-0.293805513055752,-0.460445523723296,-0.440610594830845
-1.35021420005512,2.42466473404207,-1.21749419539704,0.0155707053727762,-0.744486407410088,-0.584756286846292,-2.54532852626526,-0.135252394683812,0.125608806906335,-0.217093335010677,-1.18410610960088,0.749997836462734,-1.79237603809304,-0.482502718492478,3.16727742587074,2.62341072407005,1.81204343094566,0.812883401751703,3.2973907886644,-1.79619980193103
0.362348060532877,-1.84506034689903,-0.0812642884020244,0.445956116398869,0.042913179915402,0.559745662257231,1.80717208651989,0.652108315974151,-0.115505977686402,0.00471712047647349,-1.13061456262563,-0.730820134057622,-2.36171755128975,1.25502551261368,-2.07622944944795,-1.65281754740685,-3.44824697170854,-0.597725798361419,-1.1660595783392,2.45191471309057
-0.755822024990854,1.89281754023094,0.678089561155652,0.491941044416695,-0.06624440642846,-0.734078060697388,-1.44858038546678,0.837537687954973,-0.541609508293994,-0.418936620870953,-0.862308469379041,1.22601914477915,-2.10919770761658,-0.996476415033061,-0.383508269567835,-1.00266772371934,-2.69170020122284,-0.846445105004002,1.41770788176181,2.25777023545234
0.451380441257691,1.08498939015455,-1.26605829595743,-0.0636991715142681,1.16274120176728,-0.511415973010195,0.887515695383634,0.184924009898095,-0.501287905885262,-2.64475439785713,0.492778671505504,2.35715017960765,-0.487210705198217,-0.479080623862048,2.33259662771739,-0.819739015023253,-0.840794394793039,1.21966118384553,2.13072263878251,-1.82134666194826
1.34683353849102,0.644193666255365,1.80192753048435,1.16301727594705,0.127331221081502,-0.908743402141245,-0.602152253361253,0.209186854582079,0.776503922922403,0.699302328921336,0.124140361953944,-0.712021776752135,0.666849960393452,-1.2179510423618,0.0733697037147887,-1.55693061847642,1.5953261138096,-0.56276107510845,-0.647753574202867,-0.413341678237392
1.72007502490061,-0.352212262605506,0.140294119899037,1.05255052210366,0.531352629766225,0.120977317431229,1.01712486029746,1.08210085931786,0.151297158701186,1.29049187871591,0.153044948181526,-2.02906543133217,1.8208726896473,1.30260243040752,0.492155060084753,-0.534460770694109,-1.26107049808288,0.117898409651011,-2.28520058378185,-0.858699792836368
0.428098408613022,1.73226813604748,-1.67946729645825,0.806532347255511,-0.762502452220231,-1.41138897296107,-0.0900428356471532,-1.42055107728486,0.317759698178848,0.503431366521452,0.636102265508453,-0.570595886205367,-1.15458120721246,0.0484504973085133,2.34507256782918,0.875894064958599,0.598532904563606,-0.196283177433564,1.76584047821851,-1.69503638901762
0.141719879136861,-0.334598799688507,0.429803589024783,-0.439346264470789,-0.677848657687597,0.766643186124772,0.862291109426373,-1.47666999976416,0.0552112873661823,1.25197933002758,-2.17440278692593,-1.14125277328542,-0.412905386932556,-0.376327402274111,-0.152640352672383,-0.88800725303071,0.304359773734427,-0.599721204045831,-0.442188258113769,0.304521995002468
-0.777697668857169,0.783085751714692,-1.66383900925001,-0.0816767305979965,-0.0243376283608278,-1.53178913923479,-0.285997776604451,-1.34234869167527,0.0611224598524023,0.422911880858988,1.33241346407246,-1.23850563436644,-0.602084641310565,-2.58432361977257,-0.155823369192257,0.367353154620624,3.9443158933755,1.21955241590674,-1.7894903182519,-2.1377164821113
0.713110574651735,1.57008314062103,1.87403259268688,-1.31676078305148,-0.49216784131403,-0.885246346911153,-0.954060676548772,-0.907489545095183,0.310200229952484,0.37885520274245,-0.480932839372568,-1.16896278999603,2.06713032389166,-2.62966177483548,-0.608534724289867,0.28644546776949,0.844636160872252,-1.72962877428978,-0.605217826853704,1.29041139247615
0.110193144708064,0.549219010044037,-0.419891650226599,0.226556024672923,-0.59397595200953,-0.0507439908552172,-1.3558733426507,0.289994310636197,1.53054360409788,0.0171596363555446,1.03570781982431,0.356039287386359,0.159254732586627,-0.537143310596373,1.03350242877899,-0.187786224203233,1.9030278912211,0.392698040309387,0.690977490100278,-1.39781872284411
0.256616658045068,-1.22025443182939,0.265967559006209,-0.132854814660369,-1.11359209122471,0.97826343331244,0.787599802109373,-0.759949166703047,-0.540096014440385,0.252888668059621,1.75097893679432,1.53336552714494,0.737055773757893,-0.148652187761987,-0.767839707701909,-1.10494605300939,-1.93503665154112,0.753099825564848,-2.57847103971132,1.16615215878145
-1.09061371078014,-0.0391473105776651,-0.820238935933623,0.363382074312013,0.788953548178273,-0.335040271898873,0.834913123321327,1.3898758483304,0.832050576462767,0.0957891514976317,-0.538070386681278,-0.540803074057963,0.208358907730253,-1.8510673348142,1.41767512835245,-0.847232441056602,0.859378910013625,0.596524002751298,1.6007135298422,0.526410353755188
0.399011923726242,1.33303270805444,-1.9750723403114,-0.602944560469133,1.69084967500394,-0.594923611446011,-1.19112108818739,-0.0944483816034725,-1.45986339727891,1.75720341302393,-1.68154590098762,-1.46437101142444,-0.722837409098332,-0.909386683261651,1.48079259278075,1.58009672884131,1.05783168358101,1.75996946618594,1.05318439056555,-0.879405000953432
1.66194593449227,-0.92518727991509,-0.480146112098986,-0.180820114472376,-0.514654200852976,0.780959073346152,0.202550438206574,-0.0819928304753336,-0.307919712051216,2.0796614617902,1.66279297507127,-2.25632806781757,2.54248461677925,-1.32370494670266,-0.304975058527145,-0.858613555970071,-1.42268018392962,1.64699525598974,-1.54501838453909,-0.230455719246948
-0.811130345373877,0.632321467200777,1.06789301314628,0.285919875706401,0.383070198061624,0.52746551980185,-0.343623306560703,-0.0158438386995161,0.970953324191917,-1.86728365101171,0.678159452965247,1.56770074547708,2.04652820048669,-1.05022692871148,0.768952410897443,1.56661074763605,3.53518739524158,0.104222312484483,2.30235254730444,-1.16634813968987
0.100996392047795,0.364308875626652,0.118802508800734,0.363858311143907,0.452029753303903,0.0464980807370059,-1.0803117236925,0.37797546830195,0.599391417275267,-0.293343340193984,-1.03897279139131,0.495365622019712,1.06085436553859,-0.864304890044418,0.442084441865782,1.41595433231055,3.48625022467902,-1.67329693907423,2.94519490726056,-0.651506513265113
0.285510741956892,-0.569208978979607,0.442494480981997,3.12812319728563,1.25355016883773,-0.170177348708418,0.131903063722188,1.3440807756442,-0.153958140872663,1.58864780535902,-0.834975175953804,-2.50296116468997,-1.00444391195262,1.66831876371026,0.705100714847507,-1.86373087086706,-4.63696228988594,2.10400573950426,0.674626716470381,2.96951205546949
0.952126475990134,-0.696381740009175,-0.733986786289893,1.57442629222368,0.799181276583005,-0.134473255442562,-0.176077298838555,0.641819007986642,-1.21580514651708,1.40680668972531,1.06705976090376,-0.595816973120224,1.41357289360385,0.669204250926879,0.397811316259675,-1.31920536073799,-2.89195474045108,1.3134280561557,-1.40448676879185,0.0322882971331832
0.46609836039439,-0.988330289418812,0.690094379680568,-1.24439872992907,0.379856889910456,0.367144631227941,1.03468801731019,0.498159563498128,-1.30463124162196,3.16952265319612,1.4040508224252,-2.84164923951572,0.224256646081068,-0.923618324612541,-0.521765436949233,-1.82184947119066,-2.8464607933563,-1.73259289010952,-5.45410998281587,1.29272918906401
-0.427532433960153,-0.68366187192816,-1.90463439875999,2.18854176767904,-0.192954804076326,0.0576971933276518,2.19651265702038,-0.24661883777194,-0.20488016704599,0.688954679434089,0.109797382696816,-1.40079667778738,-0.23004662070496,-0.699469394147828,-0.657630482107368,-0.681099114768586,0.160325565901206,0.00231505343305529,1.93376213351096,-0.548401114344485
0.234555146359585,-0.952173993808944,0.60853701932177,0.33744577369887,0.163822916011809,-0.238222641522123,0.774780070822929,-0.284920866616647,0.707629633127858,1.4184869594712,0.804474508800784,0.238107755020045,1.91728731311378,0.899603625628042,-0.0987299118545726,2.02586373219503,-0.906643375581366,-1.62028027294162,-4.08665458519663,0.705298102890552
-0.136181884895379,-0.73713547256826,0.408791545053941,0.407685588741483,0.560266697644324,0.580686676405032,0.864283397083571,0.607050276307607,-1.22378647646622,-0.883782041765159,-0.297611307036267,0.165246964939749,1.0119279744981,2.01527506255535,-1.02998961426691,-1.962112681282,-4.19141956506935,-2.37918502355522,0.0119595256291092,3.01019813639987
1.22578731417247,0.163089500539598,0.287497225027688,-0.505126691990477,0.257632853677446,0.525325060682834,-0.200037915011678,0.195329357722057,1.33592564143709,0.169795942543781,-0.368230245055846,1.0179592722258,0.330689595074745,-0.198195118157651,0.249777441721972,0.345705218629261,1.1298105054407,0.108142366727279,-0.341772096480607,-0.394387649000873
1.16971956417181,0.969380882336537,-1.39698043949908,0.163212026922053,-1.38929804880207,-1.16385830844335,0.241350799170348,-0.189160981706733,0.358870837606387,0.326203612014119,1.8892212701551,-1.39861987620682,-2.00749756872867,-0.0407457529505943,1.16201090129143,1.75291339712692,1.24208655120419,0.0300398034213283,-1.43652984444521,-2.23381117352681
0.928630475293005,-1.03402280736516,-1.30492519313188,0.870809085876187,1.00804015993314,0.445365132945319,0.184919686110987,0.827154080540056,0.207917522008835,0.0566316678311539,-1.77559404682086,1.36485927097141,-2.38571783547808,-0.148803817783393,-0.867051142244237,-0.215292554256215,-1.13933413216481,0.140425147236802,-0.172479417958987,-0.487874054540577
0.419941879703931,0.0728843502319022,0.252431451817509,0.28982948191698,-0.0411464667368377,-0.0905711427840521,-0.224288935817172,-0.584248074993991,0.602113123794738,1.70691026410886,-2.8974123755682,-0.901782031086628,-0.768478016392644,1.57412929886682,1.510346442527,0.982130889435934,-2.06926906886535,-0.912171976481049,-0.581785215596292,2.3910091035629
0.0133458828885796,-0.279210642922777,-0.532637255664553,-0.00777530229864972,1.13862832677772,0.535493076788968,0.0595544655398503,0.0379315841212369,-0.34813902805717,-0.528404017940053,-0.63302839652837,0.578566768399327,0.877975130028747,-3.0140167434368,-1.61193048525791,-0.228134578289936,1.5900171841422,1.55816183767452,0.268358791496269,-0.614278303722276
-0.0944830038883862,1.19105568052062,0.51586280958991,0.146551462144406,0.295559230047903,-0.567274022104844,-1.96064197250764,-0.593624858163561,0.4849196859068,-1.2078709977717,-1.80617442050227,2.03565864024734,1.47567650587766,-0.0435792950605003,0.528632921624311,1.26837750961983,0.691118693018409,2.50715175891327,2.04189561131895,0.54484498855341
0.528148113212715,0.308448614204452,0.347328059969022,0.525932780187273,-0.204049859947235,-0.0946293897330412,0.882266428453295,-1.10086698156884,0.210863773165336,0.873881490385519,1.89067691927348,-1.36396063832099,-0.202845947487901,-0.615070131809486,0.630533707462186,-0.156188526003553,1.04755406621916,1.14836904543389,-0.860843427556014,-1.96124593685271
0.76376551805866,-2.32619984143833,0.340734539356237,0.487198095540969,-0.494604781549335,0.989128873128852,1.62132508229265,-0.48132651108859,0.382120791319741,0.994943492574294,-0.0676808783071922,-0.891553758812744,-2.33743848449401,-0.244083491588777,-1.22706974258623,-1.07944050729172,-2.70908459644896,-1.20576764042053,-4.65277254636835,2.29364483643574
-1.05025092155549,-0.743077425889765,-1.3408695637136,-0.300051443475129,-0.221559948439643,-1.19410584958485,0.352396460201794,0.63123584966908,-0.82441172572339,-0.396573220125287,1.11717998331466,0.199509014613219,3.00907519994906,0.565121651238703,-0.952806781783713,1.73434959971622,1.85398157395269,1.51990464154142,-1.08000053684072,-1.16960442178776
-0.281538127846006,-0.716599928189522,0.356368406379882,-0.367624763551288,0.374126275404959,0.812858069800818,0.389552166491297,0.496827724773512,0.611915345368075,-0.902754549355889,1.8127665075092,-0.135663705839588,0.434761137901509,-0.31184313319473,-0.0356168684032298,0.906155448743398,0.766576543584196,-0.628695419911291,2.49125136073985,0.118656225442771
0.00351611120147954,-1.37884926248809,-0.663674071120896,-1.0924796850602,-0.589115093090628,1.04451297365225,1.27046215212933,0.0304386814505898,1.31024053674194,0.989981284117973,0.801212697232998,-1.21679928649134,-1.39242856402603,-0.175598546418387,-1.69390308087915,-3.42140035709909,-1.01630746278275,-0.930475111270286,-3.7845233799144,1.12073802376816
-0.430603536100891,1.41816491765404,0.166025748758277,-0.617686528886971,0.0247399154440728,-2.04809613302579,-0.108513688088938,0.223866802342485,-1.18854888957972,0.599460014292834,-1.49676509010227,-0.940459245756555,-0.501844270483692,-0.38215729369231,0.54836294692541,2.53429648078423,2.06455650629474,-0.554334748202485,0.211112964119884,-2.11113925239827
0.305563066587036,0.183653619334342,0.608036588965832,-0.906426403170541,-0.298767903787023,0.67461206240839,0.705150784460281,0.113641967115959,-0.620271412817145,-0.193636359080234,-0.981561934617042,-0.988955448757289,-1.32140142025075,1.17004484873695,-2.09957830182122,-2.5883407088255,-4.21272176575706,-0.63748445393861,-2.01255040390434,1.3890525368084
0.538442796440869,0.645548209020994,-0.606855853893206,1.08086174224188,0.3081467696395,-0.645599431349592,0.469260056909292,0.287985282326426,0.81421834285217,0.103217024503956,1.69984864177008,-0.0748751398302692,0.3967094372934,-1.06556753416969,0.398399386948059,-0.877397567676073,-0.0461154359589221,1.50679213976751,0.345929372296967,-0.577412547704713
0.144726578195989,-0.292081317166778,-0.843405962151826,-0.687844852879432,-0.510155527334155,-0.492783182718157,0.427572775242662,0.429359624570229,-0.425847528781388,-0.337969153100404,-0.238117612149547,0.349307935964216,1.24750069080041,0.738512526886007,0.0571863821208048,0.436368880290222,-2.48160974740553,-2.49480262933299,-0.186003804075072,0.927718085513388
0.833895864707419,-0.73824200973682,-0.611089510074023,-1.37706629696669,-0.136073453463993,0.488016269438867,0.843622473521781,-0.630435355137539,-0.326110023043897,1.79023327798695,-0.648505409441729,-1.63945565175824,-1.92139430581133,-0.618129342713545,-1.63938729506867,0.162018345258613,-0.280649864867997,2.23508791417481,-1.27694142552258,-0.31491466876392
-0.672918209374875,-1.22492106506904,0.355764800585245,-1.24208238118614,-0.927831555101922,2.15719567603744,-0.251920465425875,-0.210810278381482,-0.223912942852686,-1.33199558620795,2.60361463900374,1.11381821423935,-0.578845184232426,0.218749546108621,-1.76140088164598,0.68370223424816,-0.322586442423545,-0.0575924785211348,-1.18808954500959,2.38877422686365
1.07759202971753,1.17284837354002,-0.595654664788257,0.148934722463858,-0.818971572005729,-1.10764781041027,0.660434441713564,0.191072651527499,-0.279269378248094,-0.543595612041192,1.23554190859025,0.0595862928602276,-0.511092150021886,-2.74239253777486,2.73579034288112,0.00154231124034519,2.60364698203248,-0.766644217794164,2.80851271243093,-1.25977993404901
-0.552522439651867,-0.388094502905583,0.956830326832291,-0.0960766881381859,0.496916038479216,-0.159912289973576,0.590404950539283,-0.166421396165377,0.59711810012475,-0.823034539548052,0.917662427216786,-0.409317850799043,-0.958552870056326,1.47178933036967,0.421645066632909,0.273387629100161,-0.874275190950662,-2.28293282021258,-1.29661644605322,1.50941992396609
-0.983689779418783,1.20655386133236,-0.0234042825403751,-0.207064242123221,0.481129190135025,-1.773821886986,-0.731852809538398,-0.249461380474598,-0.133182800116801,-0.809008356736112,-1.76737318660064,1.73733299848406,-1.37767506169875,-0.260687769942151,1.62712538498495,0.258832793346041,0.0453288361394414,-1.78476223010042,1.10587897941716,-0.431504847237878
0.645934272601867,-0.639941365248514,0.823335651600025,-0.213197777565786,2.10517743002689,-0.167594662075941,0.859425197927478,-0.603983510494948,-0.320019769280859,0.849858114452047,-0.721493831797353,-1.09680918046806,-1.13732574998501,0.518912023043199,-0.996798215470784,-1.80268992805974,-0.79397741941747,1.10241159541455,-0.669955731592939,-0.564992036613561
0.0866924740499736,-1.2955810902278,-1.41662920194021,-0.806401536891616,0.0608887415403971,0.91918734662774,2.14125906739768,0.011616576657694,1.42494339276128,-0.420894952671137,0.786943622528622,-0.0710751130990922,-1.67030753730055,0.210971912802485,-0.616750550094371,-3.6007704487014,0.35773177335526,2.71536787998831,0.81275233549534,-2.04481338847648
0.623501273812063,-0.455766957981064,-2.51575121170125,-1.86510995696637,0.362223267569928,0.155774358301088,1.44835525195263,0.960520278081721,0.754053030121653,-0.76198708213463,-1.21185631374152,0.836374120384483,-0.44179424817174,0.652936190448871,0.655301037397849,-2.41035585611505,-2.14602307868804,2.67854654022612,0.425621946077018,-0.443146938792754
-1.48500527065288,0.475054376415132,-0.985281239689866,0.879430826747813,-0.778052943559126,-0.21642698106175,-0.92479178792058,-0.18295381574245,0.818051060452371,-3.10684879126714,0.144802753492339,2.31047710808307,1.60272755536251,1.32531330282872,-0.228882442764752,-1.53405459280458,-2.77610127224547,-1.11006289986041,2.70397843471627,2.20224904530002
0.795075902569753,1.01530502742409,0.0526649516423029,0.961774860761453,0.873696830113524,-0.298677908782253,0.208317173308214,0.236152587322561,1.11490558822249,-0.0256821655533944,-1.48156523856224,0.032210336646031,0.126849449369706,-0.651562917311891,0.922694532983495,0.46719134220621,0.350511013698028,0.0429839566635003,2.00640156939474,0.0472319318013443
-0.762933958052759,0.354893015117677,0.777687323295074,-0.088988448640504,1.74934202285939,-0.297294529559774,0.198092849966033,0.0358490826968332,-1.06485216989294,-1.34711680543756,0.559708762689248,1.28977685405663,-0.528049857991162,-1.52525692112812,0.0568302404346596,0.634579438181091,2.51045822005927,-1.43800663803282,1.80133232221025,1.16555816263071
1.61809164284629,-0.8141918734171,0.120263557311665,-0.283652639120006,-0.0660480747650949,0.911420358228688,1.07222906310365,0.491167666440206,0.283747647369917,1.10986622962957,-0.226255649690461,-1.47526806037266,0.751186805289799,0.637583821986152,1.31238751934019,-1.54314505720804,-3.06398580278403,0.723083369172724,0.713677584618495,0.6562321569247
0.626438158017231,0.710814304829207,-0.785062712297901,0.310547837017743,0.812929301067374,-0.744363732843648,-1.02808046375298,-0.797115782196665,0.130412371412517,0.99353347191631,0.228021304550272,-1.259380180234,1.05411465935488,0.23165236880658,0.673336928081748,-0.123091499458561,1.30450227367304,-0.225864120130539,-1.90975320640077,-0.69103586640453
-0.415227379245415,1.58345408425629,-1.99355622040601,1.33844341596179,0.437481001474994,-2.30480846825293,-1.57958730674329,-0.419063922432836,-0.716335923122536,-1.9803368583156,0.462431383496251,1.96941817533775,-1.90741766151508,-1.13504652682896,1.40813317867715,0.105848781879276,2.26577196448697,2.637240145878,1.52848002946986,-2.50192996764426
0.177492882869827,0.434121953976575,-0.0358956199954048,0.691964162059444,0.384258157654485,-0.20111405183964,-0.165703541574978,-0.631908164576678,-0.481084773270715,1.9472665969525,0.394406079005487,-1.46125667521099,-0.194912110091091,1.11637349861859,-0.430180308277948,-0.417773477235677,-0.490422864584847,-0.271412439553029,-3.43310214053936,0.223044142599709
-0.194692672136859,-1.10106667943275,2.55013229842493,-1.52874707773572,-0.511896605462227,0.418794918753766,1.31375780715139,-1.65445327682449,-0.20678112977611,0.506958475478397,1.52364041893987,-0.196972150445468,-1.68726385845646,0.559522601967403,-3.03260536381822,1.31853344435493,0.055903434776522,-3.62957540216858,-4.61896667742185,2.70742013478016
-0.211887254760428,-0.490187008363552,-0.728294636897817,-0.357389900531662,-0.628087477940853,0.176735091980338,0.548941172495938,-0.586603461416674,-0.21139468931033,-0.392538993165197,1.11570932322775,0.795532251628974,1.46361228289841,0.802497895512225,-3.19261247039077,-1.35338104033407,-1.38266937581842,1.29973231142736,-2.56532097519394,0.94702423763467
-1.05340270367504,-0.13122999062242,-0.549080254854554,-0.473941703959153,-0.709015297967848,0.821528613292324,-0.663320823301675,-0.854363769277557,0.193065478384734,-0.378073776359283,1.59890705597017,-0.175923557357951,1.63963830244058,2.04826282501474,-0.0312279459907553,0.248507185514754,-1.43719065810896,1.40688771163211,-0.610157303511547,1.41075976476687
0.0262297617969676,-1.67826407559658,0.965660221663553,-0.712186915142783,-1.22171816554164,1.6644458569707,-0.457539071917048,-0.558092391797837,0.915008421049945,0.206041717961581,1.27528338836441,0.581691802546712,-0.601129306608244,0.948764405400426,-0.501339583818586,-0.226235544928453,1.02242150141373,-2.85392298351213,-1.064706137362,-1.12129539240975
-0.373458786437291,-0.653408997629797,-0.867282972555099,0.945316831241721,-0.0548578845161425,1.07017425726248,0.370037768462749,-0.147656149606794,0.0851745898920163,-0.174516870975099,-0.281701547542624,-0.840375344286324,1.30161110937587,1.13013785573217,1.86521558078137,-1.32316443334417,-3.16639140915477,0.0373186423920343,2.37504988671288,1.32247214888683
0.16664048025751,-0.925222979745372,-1.38392313475436,-0.25103077017137,-0.957225878099614,0.52330496406694,0.63668618888407,-0.111283520765554,0.22025978805182,1.03169722176013,1.23656853291306,-0.982350793825955,-1.52251023165942,0.0686453967108082,-2.01683905489822,0.76380236742851,-0.643487665638911,1.72402833948431,-3.45047438717536,-0.168528197598499
-0.151771802781888,0.116756094863385,0.0130982327217911,-0.0184474368443233,-0.619994129098221,-0.742910125573034,-0.272405332110572,0.303259470263894,1.32814892341531,-1.07926163962131,1.91767619735225,-0.0943641310645911,0.943150000969911,-0.0293053702488587,-0.425476894285304,0.185460024083628,-0.101766725898399,0.537194007735476,-0.639921530322032,0.615599824029439
-0.0349334139353535,-0.125929472067632,1.8562036082234,0.629099684517521,0.685368695040313,-0.16009947987611,0.756577864739151,0.291027552391708,-0.120564477333091,0.494345110026568,-2.4292608378325,-0.508957534877235,1.94322407395015,-0.135407875543821,0.64251476924526,-0.441522314581315,1.32772317771784,-1.61554269489046,3.21952968134203,0.0101991584266035
0.0801827699679774,1.6291199355583,2.08343726079591,-0.397270278452938,0.862995987052472,-2.01150744129681,-0.79833310331629,0.411513715893061,0.670540386817506,-0.924363630705392,1.12457743747218,1.21423541147078,-0.3489912954501,-2.29226396423884,0.609198659773721,0.391064305403764,1.94951674056162,-1.79443435394068,0.80343023194197,-1.18376667706923
0.806428561669307,1.17131695863526,0.848108161329116,-0.0306729387188983,0.889749579195391,-1.22596140229679,0.124231672877808,0.37574990320062,0.358964726339374,-0.609422340329952,-0.608745791990161,1.32279561589214,0.447853370595928,-0.481811386006213,0.32552250424191,0.124048577414256,3.01129394568658,-1.96110302325414,1.40259715192981,-1.60046401201424
-1.21562451985603,1.38174728916477,-0.32308456965158,0.997921413059126,1.17375941796136,-2.01809539419077,-1.3652923868084,-0.224342041058178,-0.613675029961819,-1.83724409732846,0.888021290024477,0.592969993664786,-0.296343336583,-1.40543520580309,0.797243908923928,3.71119095900145,1.46102117038808,1.3663120814432,1.42973864781251,-0.480618332225778
-1.07959700787597,0.810939146636746,-0.388746011167082,-0.131402945619741,-0.524748275370606,-1.6175306871119,-1.31418603093319,-0.117232836147939,-0.600822010040145,-1.4708465549616,0.895425530495862,1.39909564756521,-0.0540811832088873,1.24523373122472,0.64720113794404,-1.48252184034144,-4.25456468562285,-1.65369765853521,3.39746961887856,2.4716255226251
-0.518853590569128,0.735388121441945,0.69817741886052,0.758217677529222,0.320766833646203,-0.159266375094067,-0.688278338616679,-0.423264107737523,1.17963968851166,-1.46994056027832,-2.59915005424866,2.01883899052683,0.587684996470942,-0.597840712202808,1.13066485844061,2.64606028331374,2.28291777353193,0.0884465112608146,5.07092410340227,-1.54048142212386
1.05012088996445,0.792183273459037,-0.765178516392424,-0.895940189285163,-0.658539675258061,-0.933043476314968,-2.0728896193365,0.983219306415406,0.346371584700643,0.43492212563533,1.47769784509465,-1.25002567418397,-0.564944724923394,-0.676309289931103,0.300371966580311,1.20554044587257,0.299068810288895,1.48919345122391,-1.82307207659056,-2.4010527936685
-0.851994381224561,0.787117238339253,0.448803381503192,0.113397085380249,-0.723839225587998,0.475934587812619,-1.08063418016635,-0.422981267076454,0.109861420290113,-1.51076090510013,-0.202803703182135,0.692186881059105,-0.698551160201783,-0.472708636963753,0.880256050703768,-0.2763641582578,-0.349254397312892,-1.73067412651286,2.23174909786074,0.427374430573121
-0.894046062433991,0.287856518669975,-0.215775756421544,0.310066976949575,-0.0757342149547505,-0.535514184108123,-0.0146107232700015,0.655171506033126,-0.116594251450149,-1.47580269974443,1.36396562804908,0.721409353629847,0.479068722359482,-0.408290098324422,1.28410094596497,-0.612471721586419,-0.767159826570499,-0.990131627035906,2.01179927794349,0.576792150755382
-0.266447212375459,-0.448048994164958,-2.18729954971829,-0.0634678571725141,-0.150975578432326,0.0816274221748888,0.393031886190456,-0.691686671520506,0.468581622474637,0.58313334241125,0.139829564810937,-0.508872728620114,0.861438156951145,0.186218340300688,1.1934900869152,0.467872982857453,0.225316375112991,2.05413472542305,2.37060464162679,-3.39588199411658
0.653492598428668,0.447988557677311,0.393708158500526,-0.777149849599472,0.680208891158292,-0.0619324808294386,-1.8899028956,0.0551165756343348,1.09677375433194,1.23700622220383,-0.655205439569113,-0.725147268423365,1.83823503876729,-0.925676707171737,0.438774305657465,0.831586009067182,0.785442517516036,1.50403152699152,-1.04723940134991,-0.284009540810671
0.00901000338142522,-0.720929817987814,1.34948963299592,-0.335896061105914,-0.911161987578539,0.812004592357416,0.704362441102601,0.526963713432572,-0.131309126307834,1.51938457823559,1.30090540600611,-1.81177441650144,0.617385439947565,1.22770936681045,-0.680521795450666,-0.640470625525341,-1.28076618469259,-0.382138575389556,-3.21554072175153,2.23164762181487
-0.157715067389323,-0.637494582035434,-0.140199737421055,-1.49643550149223,0.277535866304929,1.41537892201835,0.380384299083894,-0.172309869242376,0.60194460546882,0.0343987699226456,0.111936165014078,0.182692702906968,1.04044864566756,-0.199368493981253,-1.19969133007511,-0.83987770716812,-0.68122071902908,-0.679571326631362,-1.77348999236984,0.891363556223836
