-0.871262907961072,-0.802046181209527,0.221579415968352,0.825680488856428,1.71823679072695,0.723366342141103,0.199588835254679,-1.39462973339483,-0.963967268282438,0.926257445265071
-0.429661395779279,0.441896426754076,0.120174506828059,-1.10654656329287,1.22057286785569,1.15666191822165,0.690295409546789,-1.00374860786387,-0.439174470316353,-0.463256929985192
0.808223362754735,-0.951832181397778,0.471358816083842,1.61523378396877,-0.902825334267908,-1.21103348488456,-0.499701519101901,0.954926146584822,-2.28847411025216,1.47023838657663
-0.855210907891585,-3.06949265582911,-0.359379526748279,2.09561023763141,-0.729879824952019,-1.98729863213887,1.40547281235231,-0.437400223423457,-1.27775213709433,-0.428336934716878
0.837708285937814,-0.0350450149006341,0.806862695769355,-0.770490656452861,-0.431787420836376,-0.955827174210791,1.28360705715757,-2.35936203411593,1.15718459291851,0.59580772231722
0.713022056003903,-1.51032735449659,-0.419332087153366,-0.431112411346177,0.418490592648977,-0.682123004808335,0.425633862391568,-1.09336631089047,1.37127471291519,-1.16622635788187
0.117740989831174,1.68363102384633,0.936938695550225,-1.69199971001627,0.0645593330457657,1.9185929703264,0.520881740071713,-0.153634517419179,2.19698302783433,1.37833369771123
-0.217945816448691,-0.345764132236352,-0.77531202166538,-0.0959165597084399,0.103971829659106,-2.42392140591986,-1.18785540188175,2.9508790617502,-1.07366210172709,0.945734902834074
0.883245439772509,-1.4816701134671,0.120096544166916,0.255920605033367,0.187437601317621,1.01273724569316,2.3919068392157,-2.19137304396468,-1.97394994119417,-1.02849725830906
0.144141677336427,0.225144566877747,-0.688120153863915,-0.950245201605913,-1.23377129170939,2.55697221661114,-0.545621305179992,2.10143635652577,2.73744602843386,-1.16318262538832
0.378355448823519,-3.35501778786984,-0.362320802320588,1.5229482279978,0.298883737099992,-2.39620616234981,0.352752173129685,-0.417671749020044,-1.05174986577347,-1.35602397968436
0.155144812872687,1.68450555325504,1.65946079430455,-0.438144541895183,-0.86297395612813,2.46263202249567,0.621856858006946,-1.19840919746097,-0.744296704275645,2.04613118238247
-0.443028812590716,-0.630786685933064,-0.0774069805021939,1.50634485540713,0.673945850782438,-0.361006821810549,-2.84399843863758,1.8781549787282,2.53725597039104,1.09209923525477
-1.21937149491211,0.713031264874875,1.45478288582999,-0.513900539578606,0.67781282999378,0.635110677019146,-0.788581187858196,-0.899675711561728,0.106691781772669,2.51298740565622
-0.502244795182438,0.978053785807538,1.15528256045561,-0.245784811957565,0.0658655619452155,1.30804346807147,1.51344912792873,-0.968249016158416,-0.819384028211639,0.0466072659771409
-0.528550490258034,1.09764151968444,-0.305898151055566,0.750672475137429,1.08624860585947,-0.0953096882229495,0.501088151425883,0.0115378312884428,0.0257341808245181,-0.0299742407134548
-1.12115165690364,-2.59601901192291,-0.610942423659745,3.05454380408712,0.0319634371939525,-1.26121871757395,0.77762550744326,0.424541942294718,-0.0592053424265005,-1.31240333282097
-0.732281222347997,1.80943893183794,-0.0572646998994262,-2.38242681293402,-0.640528988119671,0.506285425380015,0.0810281960568097,-1.05921403096771,1.50042020152437,0.793014426627041
0.378413026693901,-0.333956955322951,-0.696182327218606,-0.276908568490193,-1.10352271569182,0.82945557503872,1.53835428468966,-1.54185371245023,-1.25889450387628,-1.9278713705728
-1.14258884340382,-2.15772790802981,-1.31424939898723,3.48689946125575,1.8494299105178,-2.75849001990164,-0.454393873002482,0.377869167427241,3.01523037611211,1.49392593004619
-0.659147267990747,-0.500218828606205,-0.462529229671452,1.43098084185342,0.151514395920492,-0.0664264937904651,1.31267762622496,-1.32004407813931,-0.482086976250356,1.90135505738971
0.13339527557503,1.84308473860311,-0.861681111799952,-2.72786428506682,1.2054573715729,1.34503820922137,-0.194224894695549,3.08566729563199,0.681038894495129,1.38060225973638
-0.793891252077466,-3.48022596548436,-0.545136492282966,2.41086392817055,1.33349584405421,-2.19911767577257,-1.86634148666993,2.16517167216941,1.04734200667729,1.43214556929722
0.303527719136292,1.92782459312499,0.778705320010197,-1.64701255939907,0.139702719075145,1.32407106791295,0.650489376165075,-2.01913384980232,-0.745612643572383,-0.433881249544202
0.936054324951506,-0.133664983044802,0.284018345640593,0.276745638933677,-0.213155467851565,-0.527431338787277,0.720248095566963,-2.64742134782086,0.773404702137822,-0.251602596326595
0.948830101406707,1.05324372681827,-0.0975360870324034,-0.728781721940647,-1.1552262999508,2.45207647540493,-0.254235083388981,2.16276294444061,-0.995118956895478,0.865320918571612
0.15036999292329,-0.387119879264667,-1.89080377887459,-0.531587128449959,0.30346610777316,-0.0512878559263896,0.17002849916906,1.73902042462247,-0.0552907117288444,3.06956823303383
-0.52905096268121,-4.23681112484967,0.0522638802270734,2.97031285913632,0.238634933165914,-2.5353450306224,-0.529877243711766,-1.50754786053693,1.48079379934329,1.37036676244481
-0.945140489448965,-1.47047286965414,-0.246188226571346,1.1238281119911,-0.416668262197088,-2.77968338661345,0.360126529220096,0.148631286986185,0.305264454710633,-0.178250791190955
-0.635731049853368,0.0171059310243764,0.155394559382857,0.181518660753416,-0.263129496305262,2.23705249355275,-0.431308804525266,0.243116401115586,1.26000120628638,-2.15958468549251
0.156542834165929,0.529393069646399,-0.61071693499299,-1.62617577881539,-0.532337490866207,0.460441357271896,-0.680001066764366,1.25204964535627,-0.63283667759864,-0.1458488672553
-0.341549927100524,-0.705001767521521,0.00284684556800275,0.260986953358651,0.455805946928756,-0.897010147682377,-0.643617372075606,0.494557109339104,1.00301955441967,0.355254183343485
0.723878736846135,0.250293303413633,0.363050880104666,-2.18409008156831,-0.119888020841778,1.92482616311475,-0.524173933817923,-0.334895107678261,2.20221245770598,-2.61515750342199
-0.106458643332427,1.28425377153474,-0.8777646460111,-1.71905980533843,-0.0148555762816939,1.32028611124888,1.42997020917655,-3.2751412400615,-0.741679849841308,-0.50818425639036
-0.0232974341243667,-1.64905818282752,-0.81837490564176,1.43540433125622,-0.112775419379365,-1.58489133108155,-0.364426966016031,2.35380848064304,1.94872663245494,1.35554551903875
-0.265137827370203,0.870894881829352,0.0684519872340154,-0.723995090506417,0.0794844019485257,-0.655795772739558,-0.409237406974943,-0.402757519407562,-0.704728879456564,-0.735017271406406
-0.0740878101437389,-0.992373792364524,-0.463342663785393,1.09625492117548,0.199419249379026,-0.508014128231699,1.71040405273303,-0.500404320658945,-1.31378911251385,-1.67546849161711
0.0749783405582833,-2.26403469975759,-0.0285997487781156,3.10619293965711,-0.242515904805046,-1.37922220541286,-1.45233801016307,2.22789908060919,0.174073263882296,1.8468565235156
-0.359337590313692,0.728369270010536,0.842028347074604,0.137253843222238,-0.619521766059204,0.275843893293728,-0.62039844061581,-0.716821649127285,0.965187006854398,1.36579559832596
1.43601125774049,1.94687687448686,-0.168694798664595,-1.41121093943942,-2.35488591934786,2.52361417864596,-0.547372071880933,0.46696880708039,0.511332646425306,0.066117009462277
0.220887667326434,-0.980743704108764,-1.176520622911,-0.522991956055586,-1.42396917392495,3.19970131334646,2.52688612869954,-1.88734652146228,-0.789494599186992,-2.05075269703038
-0.585036846363448,-0.446123937436475,-0.632852919435313,-1.13088594349105,-0.229429677951533,0.930561650933856,-0.982043701575187,0.856881844759195,-0.972369503512947,1.45577826367616
-1.35280023528247,-1.38038324426558,1.42832239536883,-1.15981655850724,0.516297519377127,1.77276728069667,-1.68573504504051,0.482342837351307,0.369126023277815,0.71687897592289
0.0384286341075434,0.320549019200513,1.36291373634794,-0.518406654139774,0.151554094455527,-0.0793089148611928,-1.42176213104291,1.38811490004572,0.770968702850839,0.380891073187092
-1.45935320581828,-0.0950275221432737,0.29647270822818,0.762635377192286,0.699982633430935,0.221450043619867,-2.43523788440809,0.589219221918319,3.63242470448092,2.023026412306
0.707268916494482,2.22131355302896,-0.355603951409651,-0.56136054914318,0.399953260081098,0.464097321798281,0.147382175970529,1.00097516571065,0.0576232324992759,1.2017553478775
0.299539159723436,1.15889000376657,-0.679085021269264,-1.29169680000189,-1.15213766647501,-1.21740933861393,0.357208657296449,0.588260754356339,0.154222841429846,0.183834175050053
-0.994521676939558,-1.95841673968325,-0.130236654133965,2.55724196198169,0.867258516630738,-2.51463322034121,0.241019129683312,0.725133723670887,0.642349006587319,-0.812483061401927
1.15384731895509,1.225556325376,1.67261008850326,0.934441614572839,-0.369652331986885,-0.353208607281045,-0.967105428303424,-0.988702350009224,0.445139018374286,2.6299135686919
-0.461482947731299,0.250284438488173,-0.480579150276285,1.09640608985235,-0.940448094107123,0.103283409874737,2.01882685065991,0.387415630654912,-1.11091144310028,-0.357791065689216
0.68736682147726,0.484914804204815,0.781423046570586,-1.49701131508617,0.928768925878471,-1.51986789134856,-0.412186250491277,-1.11189790071292,1.32905933614881,1.1628949847329
-0.758376397006637,-1.4950590243602,-0.971539606043151,-0.112021300748285,0.367025263886199,-0.482926398318797,1.57915420733679,-0.589727774803533,0.176162859699581,-2.41383165101593
0.339787282015127,1.20154952200793,-0.943877577214209,-1.07914097996012,0.00294340470913593,0.226885168915142,-0.301333744481412,0.908728648034698,1.97484963918201,0.785649825172041
-0.677069795302004,-1.33714926562977,-0.247594795275273,1.98841057442722,1.01050626824704,-1.51200124583624,1.67985424067846,-0.751357512768046,-2.03844560460739,-1.00752778563272
0.451753091856135,0.724368625737515,-0.112114329563626,-2.04367825725632,-0.43218477291185,1.59590972284096,-0.990343401333142,1.68456922033151,0.934194191128097,-0.572028586692524
-0.61274894552953,-0.639000610344449,-0.364634007351581,1.19791968213373,0.331613384348338,-2.18524288314901,-0.394156189869146,1.16674666502791,-1.20489310221078,1.15543521985656
-0.313399194202539,0.538257204620228,0.45480262612204,-2.54374367885897,-0.539537059562501,2.77761280199508,0.542616365357105,0.227822310358067,-0.589281401782787,0.32893181973607
-0.127040808449485,0.764593361379213,0.661721831564311,-3.15112129360972,-0.370381760175952,2.21281512734086,2.75406190664473,-2.62102412226465,-2.04813325303439,-2.23703097504974
0.195649035751047,1.50142682084644,0.283904241128699,-0.201890580827804,0.483293336851376,-0.844892449706402,1.15532937165766,-2.81360996114664,-1.78672008702964,1.47602047934658
0.103113272804396,-0.746249457879221,0.159558476546387,0.349886659452415,-0.494616278735012,0.383526932718407,0.710323125500561,0.561729421924329,-1.76844497982992,0.255143875312043
-1.2562906842275,-0.0670500567940175,1.29329760297476,-0.490325260578792,1.07197060215709,-0.805556874611986,0.0564160875941618,-0.606119702033009,0.240767377684594,0.647634987960526
0.338266015007045,-0.275145911282986,0.88335184323661,0.653606913461421,-1.21703175816577,-1.39643525827545,0.294717715092685,-0.96273440785677,0.308530431247601,-1.7460968760975
1.03889652033205,1.81288701357729,-0.61031903475564,-1.43725818081229,0.220232911479947,1.01430145735616,0.636091403062829,-1.28915215219743,1.10310358108346,0.230318190435165
1.30954910126182,2.05846863215427,-0.138736145052149,-1.77929520643262,-1.79641337453824,2.20811530334867,0.633405758814858,-0.253639705857917,0.0369825218080993,0.125958211743556
-0.420097562592831,-1.45024423610349,-1.14885394218421,0.421868243687285,0.33862957914746,2.76030030111047,2.45088298306858,-1.98754343869091,-0.671874091265,-0.219598293071728
-0.603789544514222,-1.49607570338337,-0.375307368677653,1.71287722201581,-0.370900897414761,1.96253921951967,-1.64764099380516,2.32118596073513,0.830646774812019,0.94165996531226
-0.138682903420742,0.123804525885923,0.0710451138915592,-1.21109599695772,0.963663597399359,-0.238750150920702,-0.673277158685197,0.363714862366716,-1.62196819684846,-0.291146352975235
0.453173908426535,0.89960762953381,1.11768081757456,-1.60065616678192,-0.534889130234223,1.01177591645917,-0.963414332568781,-0.612527098432641,-0.685223583692154,0.00341896704828373
-0.221110556906069,-0.232803932512371,0.219210026147884,-0.77707085521947,0.183157791924811,2.42085675300641,0.0852508446781717,-0.391751035056713,-0.0914695102209502,-1.06623819311112
-0.623020227211627,-1.09874278632707,1.55487807689128,1.05807132595037,1.03624634486881,0.009594974035214,-0.661546730048577,0.11125395865223,0.0369203293128307,2.58617683520307
-0.428738840846625,0.705458212408258,0.933838939384717,-0.899168676714762,1.42269121311833,0.314211439497816,-1.86554567907027,1.14383690849634,2.02108306870536,-0.488184449013472
-0.640069702958343,-0.675136336186493,2.22143452779416,-0.0885330178702285,0.457694557476295,2.18012968340788,-1.1909274509304,0.00393556719610964,0.253926713942322,0.855777881789133
0.0135893982391151,0.63484579103215,0.132045872284501,0.156680068255543,1.2690055503273,-0.097573024662726,0.34097382912322,0.614339769748577,-0.908033046618464,2.31247828468802
1.45019935693726,0.594947494839458,-1.3520567882619,-0.640374899451716,-0.337497036470624,0.833440328276395,0.527576065955537,0.0514214027386913,-0.376080178014951,-1.65464596599564
0.794529895695204,0.97882563494735,-0.192505906056824,-1.66231085483042,-0.224227577753684,-1.26645391677792,1.99956161098166,-0.24151733869109,-1.90273575695087,-1.7493502897977
0.222073575714527,0.92511713432174,-0.539649903413974,-1.24288688712974,-1.39166868052426,0.439845840741673,-1.96179782355674,1.27912457255419,-0.371066961867001,1.30133201630145
0.792244286049165,-0.78961479143861,0.353011114431902,0.293110991962509,-1.3255142135207,1.26185450561459,0.502095560802124,-1.10632100442391,-1.23737065565763,-2.8135830216762
0.554162083433129,-0.424205380565572,0.459662496681313,1.59226480716493,-0.264772225450844,-2.38184561958209,-0.583411881003294,-1.42537246503153,-1.10245944039667,0.762152755034941
-0.521707376918328,-1.76681835690166,-0.953771249410934,1.48286027129217,1.26292361836509,-0.0886323049779374,-0.319195003161307,0.43795297948247,-0.172828686723406,-0.462978398552571
-0.736064860793005,-3.10009035417459,0.292642320943603,1.49765810834917,0.491672775294955,-0.676698902325695,-0.480155017873425,1.45869657554911,-0.640581692456537,0.732361494055935
-0.980813985173256,-2.51180490767342,-1.25400620071635,2.74500261924547,1.55388472396274,-4.66497838497867,-0.569698295565135,1.0521207520772,-0.342556277433797,0.243148945371975
0.236825258698517,0.917947421491208,0.679050680118399,-0.955666336868143,0.089053606855667,-1.37795026382043,2.48955609483401,-2.30909921719553,-1.92447964554567,-0.78101818798359
-1.61341915897903,-2.28223383036144,0.323262440804446,3.15387850475312,0.126480858705265,-3.15828383865162,0.286651014090371,-0.644312584459177,0.643650800770628,0.134825193241271
0.586629731318196,0.0790195984743424,-0.147545044809194,-1.13507109004033,-0.187862720979548,-1.15694987469107,-2.35400576006768,2.88243117104282,2.26905716188525,0.517852664244198
-0.0827843510459056,2.58424100954101,-0.397660655713708,-1.77028315774955,0.724867632414707,2.15823545064165,0.852341114002221,0.506663013019167,-0.694265780913729,-1.44394100191823
0.824806191028197,2.05299938482,0.154997049394506,-1.8152746375341,-1.65364921747233,1.46068772394401,0.87733488092255,-1.50480202868109,-1.90450799764964,-2.96643965184486
-0.903580623531419,-1.79217263338739,0.731298102495063,2.17478248073851,-0.0526614872328105,-1.87292405279773,-0.234022806854677,-0.0626223474073356,2.60865588601765,0.564394738036191
0.997085358014868,-0.137420419975958,0.400484133288861,-0.162125263970887,-0.407439491506239,0.638445330564336,-2.93255742313737,2.12708192321001,3.27890623588297,2.78575417735092
0.162332803695717,1.97426483919152,0.423535806124565,-1.37947877909636,-0.0266087718197895,-1.54489816287163,0.556387779512258,-0.79568860073357,-0.340451368557204,-0.364031407522732
0.349092420659478,0.219565894307623,0.456832920142156,-2.0868071219478,0.477807181514254,0.554152969136531,0.989521572340678,-1.14839317298685,-1.19986457724152,-2.52282373360605
0.775667866719687,1.99965847489061,-0.840457931612406,-2.7285851211852,-1.54380808925409,2.74617611151539,1.62730133558649,-0.698453777924334,-0.464075684307471,-0.0702582316799118
-0.7246521059921,-0.183456350991242,-0.494900050112858,0.956931566278317,0.132672735268156,-0.371665914238701,-0.0928445542061482,0.0268502340859419,-0.153990100240918,1.60652019096662
-1.57065505857818,-1.05461430809164,-0.74511141830529,1.44440800707108,0.726205899997286,-1.78917347134437,1.58010159148251,0.720169004807694,-0.679829708581259,-1.70018871908053
-0.418044295472744,-1.27950767196246,-1.50180446498475,1.60702251081972,2.26242435902642,-0.560531947229088,1.09657224069495,-0.317631485299535,-0.742418079091105,-1.41872713570842
-0.221105924900855,-1.15934331025528,-0.156329620756372,0.902494861372617,-0.026407354810591,1.35166295770479,-1.169338879316,2.83909226340579,1.69043622988163,0.526197157741832
1.48550957437406,2.67977329107589,0.742052171386029,-1.39429968164753,-0.575572799376773,2.48140720272535,2.11831775533695,-2.33109524015444,-1.54251939573399,-0.626500590922971
-1.08753002966182,-1.03279674985535,-1.43481957260754,0.0179698676127533,0.0649934974926535,-2.56973437065602,-1.71807155908251,2.14136204544342,1.69364643232725,-0.90700925573181
0.0757624864892082,1.69940155070402,0.00875818781147314,-1.41311306628571,0.554357445862436,0.0736395864338629,-0.505264824859939,0.969916921719011,1.40023283927927,0.0619819062395149
0.38603262470439,0.828586262435031,0.618263403220065,-0.593859427758228,-0.411124336096187,0.867988093901547,1.12005579149168,-1.75617358289551,-1.09517322600298,-1.20948483449985
0.636575227541704,1.16110184024023,1.5017965569782,-1.41433923356759,-0.241282214476305,1.5497577097808,-0.234230694019696,-1.90196365269662,-0.476508867762298,1.06889711913827
1.51831594554705,2.19911215756806,0.577792091858846,-0.482027892187616,-0.995190668584132,0.937912893497292,-0.824176330502462,-0.417706523255197,-0.327510823248111,1.98494009915617
-0.668246916460886,0.433680539671631,-0.700571296050674,-0.322958791579457,-0.163337408144429,-0.841779543584633,-1.1509390898779,2.67025790770421,3.02857972628427,-0.318548561969398
-0.200472091159437,0.783249846150148,-1.1073481074868,0.196173747242326,-0.857879878370954,-0.696576305703088,-0.274894701175336,2.49722254214776,0.774362867984416,-1.91246504213492
1.94164032093311,2.23052752076022,0.138315699222289,-2.19116003499402,-0.209308598697275,-0.427383771103846,-0.900837218357905,1.06025842801318,0.0799044030596094,2.60844622568575
0.555759631879407,0.3019286344568,-0.115007082211242,-0.881458077865893,-0.512700711681254,-0.915815685011349,1.56385606754539,0.926557794003912,-1.65786966237285,-0.676779363942001
-0.0087574897303474,-0.448004657458128,-0.67388366016787,0.16191231865021,0.289888474041446,1.30615518458812,-0.0405159827224637,0.646519527246979,-1.16327936974436,-1.60071130191454
0.375170832194241,2.10272036896949,-0.625699654045004,0.495280157308889,0.774567440460474,-0.55042500232848,1.00413598360542,-0.30946531663592,0.462982263386165,-0.983811572265197
-0.0694338938680602,0.0601537884666425,0.0142256704673484,-0.200774581385809,1.20816965781412,-1.98292234425926,-0.198090108416743,0.182273065481832,-2.20534760431903,0.202310134218589
0.319464100727036,1.08640308085424,1.02607427473846,-0.752231354189289,-0.134390012820984,-0.202197883647535,-1.05672482224024,-0.542571610831778,0.334308133060426,-0.64266290358931
1.33677819795051,0.574947367388844,0.764043902970484,-0.599070898943419,-0.0833468886451006,2.07529568548226,1.26082304626186,-0.799025569542972,-0.846743085696941,2.51232751537774
0.149880648259672,0.732721863161288,-0.94266987366798,-0.970261771294695,-0.233668362034072,0.83119370323707,1.44948821689293,-1.28010191137058,-0.399079747270136,-0.172655140535468
0.439959643878687,2.06702819314098,0.305135822451247,0.233346331639715,0.00627568454394708,1.67601986209173,-1.94197296828447,0.919203939245026,2.40052467698195,-0.0171721843895351
0.93157337440807,2.75011161682197,0.543695180662741,-2.72079805610004,-1.1243225008676,1.02259632008826,0.428615302582282,-1.10185410173638,-1.41783363770235,0.908873772162643
-0.924891250370069,-1.45360080032104,-0.0948894941477183,1.78982933756269,0.627273306577222,-1.04645292288482,-0.103104196315798,1.41866103567897,0.859090643917368,0.569658577749963
0.590001510403536,2.18846133239709,-0.0912327031562035,0.0771587167510601,-1.24582984865271,-0.230170961478652,0.636437789434729,0.595372413906703,-0.0335629983274918,-1.29359078828248
0.530145828031013,0.851755904364612,-0.432521131524824,1.29003555021948,-0.0401141139976514,-1.71543176110252,-0.895974713902008,2.06593008691658,0.408415683147112,2.1696659149741
0.416490338436132,1.13943055917656,0.360440323155017,-0.157401073505661,-0.930326319932734,-1.30655024596845,1.81327193318462,-1.57311963667135,-0.795854676809643,-0.964410772604051
0.038334792847766,-0.200299164491997,0.249296624410976,1.00750023477834,0.551344629061817,-0.984486631291581,0.728329452579611,0.501786719708747,1.9916335171199,-0.661021325152901
-0.381180142967283,0.247072016639948,0.292742180210283,-0.988886691841353,1.04204949325063,2.82297368667418,0.24153919827655,-2.67397137774623,-1.55522840353449,-0.961560261646096
-1.27793724559986,0.00300418839460887,0.127854035810389,0.691206041446635,1.56447223235709,-1.92637057609316,0.512354504039496,-0.833925345364845,-0.0270452324349412,-0.285199534291214
0.268773202998381,0.861734511739175,0.893672185378102,0.388984803927639,-0.580434943654032,0.881958545421167,-1.26769949404713,-1.42719335435358,-0.304003166802072,0.429389969522725
1.05547613172794,0.171668275138585,-0.703684952242111,0.665640034185222,0.33437928423594,-0.345813993800822,0.419565140232395,0.255157915640831,0.70572284991288,-1.25300651732822
-0.0038291114638653,-0.43678629112141,0.41009403120959,-0.103832016692234,0.258243134407691,1.01220531709621,0.0641928715231053,-2.08795263458584,0.114783958097201,-0.862440790642077
0.273378936636441,0.771734185657678,1.38237110776446,-0.749744297125597,0.11448618614242,0.223377080084096,0.305083838409909,-2.60381952672164,-0.431166139989314,-0.601923986036082
1.0544575484914,1.6671597618758,0.195838225752916,-0.478554526421394,-0.0569641278422856,0.837098758059492,0.518435860898496,-0.618548489938481,-0.739074955644606,-0.134723535432399
-1.0173362380547,0.0814207226641393,0.280577690623813,0.193682517978707,0.488186523566029,0.949032188538238,-0.952015354831994,0.814255769955349,2.7193208740608,0.482308421953539
1.73532756059599,2.21822946793511,-1.42930569864501,-2.19953619802783,-1.70724288049063,4.4630087091666,1.15770604732159,0.215735365471841,-0.586486012724011,0.877461464122446
0.665158595780912,-1.09208034418808,-0.653671921854728,1.92816084704955,-0.203766608854438,-0.770862845609259,0.270324856676876,-1.01664349511844,0.557787728691019,-0.80510668581843
-0.378741111844871,0.0616354745519293,0.0332150368436159,-1.02279713868348,0.276616555671538,0.0438985214276019,1.03809000518856,-0.492133558475608,-0.543517078512156,-0.228620596569957
-0.0894614882660006,1.99449900475637,-0.165548349975005,-1.99644527468258,-0.864943302758237,2.56126225816867,0.594190590805525,-0.0626149850715499,0.0399492565373047,-0.432973173941034
0.365741270385229,-1.17645007157876,-0.239551940303383,0.347206948161527,-0.253183397004321,0.478849839761842,1.68473032332106,-0.553379999888132,-0.714219900010205,-0.255843031631639
1.43180533354974,0.112204245091935,-0.37212026104932,1.94655269239886,-0.911146783412157,-1.99871973966529,0.259888627415598,0.432906336134014,-0.182168327164983,0.406467262909603
0.700614419857947,1.74309292399699,-0.0171280162665518,-1.08520623591343,-0.431828030531652,1.00965377668128,1.49396635641415,-1.06559537067218,-0.645148818736997,-1.06346658381246
0.99879558072645,-0.173573250231382,0.0998539839754082,1.21030259904006,-0.364990391866327,-0.723345627005518,-0.269514466959444,-0.257534479062065,1.59770087699616,-2.97263625657392
0.220539071820728,-1.91213371389868,-1.03624512652493,1.40588174761215,-0.91179174457457,-1.52140931673437,-1.7320644719185,1.81613381243039,1.3127591434848,-1.24306659703221
-0.641153539770573,-1.07946395858708,0.305407420850737,0.197217266029518,0.760164438957136,-1.21999749717811,0.46927044931689,-1.82445836575768,-0.897920142596749,0.361501588708829
1.05178690804608,-1.34095883879785,0.8878972774921,2.10073712916221,-0.880754091018918,-2.27768260960765,0.282657184575493,-0.932104773595474,-0.955149851136004,0.0240136603068326
0.649590345836857,-1.70122778070295,0.262293590413542,1.02127322652898,-0.715050781806835,-1.70063730058936,-2.49051827925351,0.468401156096891,2.96469386429645,0.648978105807355
-0.12501289966892,0.0101910182004857,-0.600476059635555,-0.117735951837789,1.2358113067945,0.133297612293671,-0.804483654288768,0.921527307276823,1.26551755640481,0.836869879110049
-0.0669980910014545,2.10151467743935,-1.35248719725114,-1.22787709933796,0.415489993742928,2.76613926867165,0.0435141396132726,1.60085960547994,0.281471265147904,0.665252234183369
-0.718809012806495,1.01749588677717,-0.551182174464593,-1.67140266378408,0.310837131923315,1.47639184497474,-0.298566058656968,-1.15943754076669,0.13244468447084,-1.75007338979417
-0.697281274979164,0.446318931007828,-0.428928190646991,-0.406284394606738,0.880759068985494,-2.56299933656586,0.184926860318185,-0.00531890116204519,-1.30136700705157,0.22868291032335
-0.734932583783873,0.248169255051558,0.0700590019005816,0.173882043600479,0.534157395560671,-2.65032741418593,0.43194519850968,-0.532858739340615,0.269964303562788,-0.992735679697223
-1.34412027572463,-0.942578591295774,-1.27906489719691,0.212974685011409,2.71562366850031,-3.29073416757599,-1.26038762283491,1.95056555522244,-0.526000641137218,1.61382420405605
-0.556099437838692,-0.36577637605445,0.907992524850797,1.24143710926135,0.555191154813873,-1.01509018729099,1.2053483886672,-2.72265852630876,0.0596054163462522,0.490933576279221
0.370649295345729,0.620731530648332,-0.076876676082277,-0.649327119947388,0.15240776067516,3.85173104409958,1.52643334852189,-2.29362410168575,-1.22551759693415,0.615550313965423
-0.0272631860396048,-1.90626078340962,-0.645413142756427,-0.0751683492875474,-0.211418122537094,0.932535536188576,0.505799650819981,1.41470417622533,-0.572531116844349,-0.971890916922552
0.107131449507241,2.58753292576632,0.00837441999564031,-3.63772698522807,-0.443496659041745,1.20222694068975,0.348248790818874,0.309238945887874,0.0417318617106473,-0.969430152677609
0.564228096475271,-1.47580660958483,-0.374439404940301,1.14020520833341,0.226063257613807,-1.45234588416039,-0.269482112334667,2.06659532136235,-0.857723831464724,0.258002476771042
-0.0117434659116634,0.290143094997834,-0.132581754238656,0.312316156951563,0.729858986012721,-0.615510269094119,0.964935623856536,-0.752700517846654,0.501552478831893,-0.505542969625775
-0.536462122604077,1.5529931158797,0.677296297524158,-0.977239901139659,0.152287777785594,-3.77359831660871,0.850557017592012,-0.204668255905433,-0.509196230372912,0.509738085635933
0.0946149824731192,0.423821355438985,-0.241939659226529,-0.468837252404043,-0.484691889503844,1.13751031391021,1.7848128486448,-0.668549743551464,-0.969329838636986,-0.0841291723015054
0.465972432220899,1.08989216808781,0.639490362470798,-2.55849783961415,-0.192988668695178,2.93622852767594,1.329068811954,-2.29734895291645,-2.46598703680328,1.53217846754939
-0.00873523572284285,-0.0912181434819695,0.47756077137418,2.05591849529596,-0.688506289569428,-1.84649208073904,-1.07462204122016,-0.323218355754279,0.999479837154477,3.36931683428496
0.367064135132773,1.09451279025013,-0.448391904230095,-0.917938379629183,0.753690662094076,2.50178894269561,-0.0724434641229375,-0.253376439411117,-0.848447837882864,1.85354499489385
0.200527121825652,0.412392675939969,-0.277217309199262,0.0807281693065263,0.572300255133965,0.755792262973017,0.332481767408325,-1.15288062977736,-1.01706962292305,1.62224290004013
-1.16262145227102,0.306708895705733,-0.179097542330693,-1.92154815280681,0.971530132871309,2.54440019697203,0.782755589886092,-0.637907078820627,-1.1477034635323,1.03868948489423
0.334416649266578,-0.724508907047605,-0.103722097109024,-0.631839213472381,-0.606539101032525,0.585301989235291,-1.0380441317416,0.751336394073696,0.778562188052161,-1.54968907062551
2.07663186772455,1.14263596701088,-0.222006724484813,-2.50743024694468,-1.85828886507179,2.474464937702,-3.03822666288187,3.68840519478048,2.21992044961401,2.66391439695846
0.242873809057777,2.00356595223698,1.02558558476479,-2.14309846586477,-0.458711117747366,1.656570127509,-1.28071354940132,-0.51163568798521,0.881616054360338,0.129747188689667
-1.81365950118645,-0.574312353462511,0.281759381880677,1.61365842718934,0.16422411285477,-0.768655213312277,0.883485993100258,-2.21238098084732,0.663393682049758,1.5408439251631
-0.540922560212223,-0.333263569475764,0.267840374313053,1.20007614466662,-0.450875819027498,-0.324069373388645,3.25032651198585,-3.7678488226553,-1.84575043567414,-2.39138803500192
0.71708786483477,0.0317155142953122,0.0637647590060155,0.823343098485337,0.622285928655799,-0.878937969543313,1.4464563362327,-1.55431091685088,0.735216440991469,0.885444638604593
0.0209934467977658,-0.695900088421111,0.277877596211113,0.343996670765847,0.555654421894584,-0.807095224277141,0.5809168545151,0.508083826008813,-1.17403820246624,-0.148517127064317
-0.157273934216315,-4.28928726658993,0.238108779947596,2.41390040863494,1.39321996147105,-0.720424827024412,-0.561983835569343,-1.18161410445754,-0.640204174758935,1.82101811874937
-0.0281222708201068,-0.777718751511907,-0.303056093925674,0.559667223490333,0.579290796870742,-2.09123287565672,-0.604455654248629,1.95069336074603,1.0874315301487,0.737357209948413
-0.467963806285424,0.79765831885243,0.93002407183933,0.18681249733444,-0.101260866213546,-1.37889049147573,-0.255399974009002,0.834353237103227,2.12583651937971,0.429092484595848
-0.00534648145473293,1.32270068517472,-1.09613345835682,-0.312460480685115,-0.41104210296923,1.83221726265565,-0.558178881429797,2.8673110265097,1.31355473293712,-0.0227876747318006
-0.285052281334981,1.07971656448162,-0.328340138600583,-0.560858798108142,0.114366104836751,1.33891067551918,-0.575500041344127,0.854133297380707,0.393756700564737,-0.29635375810027
0.42853539286296,0.551878126408391,1.81842597048859,0.323848107168044,-1.82662200203197,0.231162235298406,-1.43446522328201,-2.34969319198322,1.40178114665341,-1.30800821145849
-1.01725935554937,-2.3037005833089,-1.09164225110769,0.830205841644489,0.685471339733276,-1.00841172300353,0.377041148664903,1.21228900688788,-2.4059059061048,1.33447254652509
-0.753643081793899,-0.274931782194594,-0.118221808818642,-3.10810649778889,1.55256842381561,4.54397941048638,-0.909572210145897,0.038642754061913,1.30511515251174,1.00079245584107
-1.74477990697966,-1.91591173793911,0.7538021538661,0.680581802283123,0.783090621144956,-0.437173249326877,0.195167023352725,-2.17642825309552,-0.183917993074002,0.823417104504569
0.182397539674769,-0.187103928007408,-0.199729377959289,-0.10541721373483,-0.529831190971609,0.284923400304288,0.385222898658736,0.513339893464083,-0.5596055877848,2.6107722771533
-0.0837318663891822,-0.60343516365833,-0.230201371128335,-0.0627177956275319,0.175440529180183,-0.316309069772429,1.7346583936659,-2.24538125507496,-1.55882113015249,1.49071246252326
-0.271864838614878,-1.83999231370112,0.00289599908416369,1.19130980791949,1.12560329883378,-0.565814823460705,0.928682105615764,-1.15814748141616,-1.34037035650272,-0.793819425073595
0.886693451487895,1.09133315562083,-0.0497025563546298,-2.96411999172436,0.899457662512118,2.57468557288797,0.933548665127441,-0.807412650234853,0.409673705835891,-1.03631137178741
-0.80341343510054,-1.14563568449843,0.191871196338913,0.350971186289897,1.30764202496046,0.963942512028925,-1.43478848970913,1.35889616743427,2.29929435830067,0.639976269988269
-0.278036221768756,-1.10077000610838,-0.300484346944895,1.55405491906211,-0.742740051347221,-2.05341579486062,0.137638051812648,0.571928823571072,-0.5527218963876,0.705013571993627
-0.0295256702582308,-2.026567836448,1.31704666263212,1.69544116557059,0.219363593745796,1.65899054242058,-0.0013415758011619,-2.40031057693954,-0.786289032099467,2.34728520069907
0.752064713027233,1.25014158948098,-0.25964533075141,-0.452375953637265,-0.394907367053637,-1.62701592281052,-1.30379478493262,2.62643457606319,1.2687805121917,1.32840968932964
0.414698503040955,-1.49166588282833,-0.432347790677624,0.696692136181048,-0.14126547964826,-1.71842071167267,1.51978197902894,1.45429521758899,-0.000750501755911653,-2.10154925453763
-0.236879060389413,1.00067340984602,-0.55817167146929,-0.367090882521451,1.17399418093927,-0.45052546994621,1.43559033363624,-1.22330388427056,0.6210559953338,-2.71212847286075
-0.583535531815658,0.813066041435391,-0.0949628867204359,-0.574860193104076,0.687486996196589,3.10862502959131,0.00207577832679828,0.001886400133244,0.103816205402865,0.812898461833252
-1.33169130518747,-1.3111163484615,-0.965764323762573,-0.950342016157135,0.296503783640716,-1.11927444687014,1.54529504600819,1.26497062775718,-0.732814219252173,0.723423969114622
0.258338800426801,0.565323975865039,-1.61366975561789,-0.63279344265796,0.320632049743849,-1.17346675464072,-0.439506612450931,-0.0103064559395308,-0.559961504346129,-1.27292735614561
0.120670268039421,-0.365580840505312,1.0000760176652,-0.580258497035806,-0.214339694648904,0.0108981061870531,0.0909355932190093,-1.69217102100594,-0.0995455913446955,0.0105700019337649
-1.11711631969775,0.0148920196893081,-1.16820032982791,0.281015104156156,1.65814360162619,0.265171657980489,-0.306435358829728,1.99884060509859,0.623615186181137,-0.194295496819954
-0.0567796080593465,0.336167068937262,1.0517379963308,-1.09109334304951,-0.146110514648609,2.37586845305761,0.528251922995932,-1.30288538363748,0.488473596418334,0.384099713348216
0.82843702290979,-0.41080943872782,0.0430623378638134,-0.287495088489618,0.411402858028095,0.954897426340407,-0.684623450026418,-0.38491351758949,0.612564954655099,1.10211641826167
-1.01289526813556,-1.53328769128282,0.718341397218464,1.34398825255907,0.528829483893429,-1.46947147140274,0.759315278989509,0.0153893825012742,-0.89777415300544,0.121788680857748
0.854515575896852,-1.26470983193921,1.60575410863097,0.153880219679351,-0.665008833680042,0.973510351503538,-1.64492986440675,-0.194906783200575,2.7924800921772,-0.836174540499983
-0.758556894925463,-0.789827303372136,-1.23306450926495,1.19804863402965,-0.931272747384771,-3.10074147142126,-2.1960159854888,2.84926428926587,1.40353139923918,-1.41356726856757
-0.364343744747003,-1.1677793682799,-1.07956167706527,0.728121413144181,-0.937125965543151,0.023657350959087,0.343470596684252,-0.640927061306041,-0.353334770284226,-2.18957274113838
-0.214144485428644,0.671675376884223,0.431607510939828,-0.418007057584789,0.316778826782299,1.70465267618331,0.0129009140727189,-0.22024479064339,-0.900635994014754,1.95306694981669
0.61922134139754,2.3282202753615,-0.233501842914411,-3.5564677934767,-0.352079919573181,3.04021760042106,0.528209756448826,2.58301063601424,-0.390668156465506,-1.79926620028806
-0.345284292756682,-1.30486062118544,0.43286141604273,1.26240614474261,1.00075529767608,-0.548787134226936,1.38387899647108,-3.12373280134514,-0.814183737224865,-0.675820442328373
0.728205366203487,0.711337373932231,-0.607659212406447,-1.38686880256954,-0.704516388951764,-0.36615767419795,1.93393153801694,-1.49067851642313,-3.15095815109016,-1.24314540792838
-1.41129157786885,-0.73472022704962,-0.324588300124089,-0.392791288713295,0.353043318403595,2.48247095536836,-0.363771971604997,0.762321150501423,-0.39132378711203,-1.95382867289173
-0.201663955539193,0.579437842685564,0.144791264548163,0.446801354439354,0.827748780532681,-2.11329980888377,-2.13558803095905,4.42629950822948,1.4357462825074,1.4947417887656
-0.628543023896942,-2.22880888231672,-1.02401287394056,1.37647514394672,-0.835884487984667,-2.20915851794286,-1.09345925612618,1.41202890394036,0.450082670575735,1.82011575751282
0.736594298807655,-0.0608322593362909,-1.17480550440243,-1.91015456966844,0.446152005613539,0.957801365224007,-0.275072814201235,1.32411330680166,-0.488272828436396,-0.307064741306994
-0.0592934588964616,0.190706467433256,-0.761039194543506,-0.766593801823909,-1.32374838406727,-0.777368014292414,0.192009147290777,0.0816271068053478,-2.71476776077985,-1.4151524070908
0.471696905147715,1.96719414681781,0.718212994258852,-0.362557986551134,-1.66579885419486,-0.323332961668661,0.768920655876901,-1.55252041843611,-1.5339609355375,-1.56901477725661
1.35316765076214,0.384757605921732,-2.16275203642279,-1.58492312753801,-0.812525839420344,1.24552170407301,0.313140002361817,0.690476332015511,1.44350340434311,-0.467989917632249
1.52202674033422,1.6236094278595,-0.0455774666913108,-0.748587243836125,-0.355790988742229,0.144268706166081,-2.53424198057218,3.52446607544387,1.60048485205748,1.76739080586751
-1.16771547208383,-0.253803196527581,-0.206125681758315,0.57217529217501,0.634444849560376,-0.867332158847437,0.33612916094999,-1.58598753679335,-1.42205521580003,-0.168059521490438
-0.387840289893112,-2.03040569247962,0.340431808992467,2.84142882284064,-0.957450022946335,-1.29394496102644,1.96186370921386,-2.53300863813542,0.19459332676663,-0.312613121548411
-0.246000096100629,2.27512642666791,-0.825148894603707,-2.52706684433136,-0.928620465642976,4.78631235578421,-1.69921057302151,-0.880723036471362,2.85676234175708,0.529582822712326
0.955926550992972,1.25216173690388,-1.32782771735861,-2.24746782789253,-0.599663813242967,2.00520700811009,-1.63726095038311,2.70711277580969,-0.325934312849806,2.38214584209356
0.0293183036264,2.1136888407837,0.648606714167939,-0.918764577983808,0.446455899300572,-0.888943354759238,-1.63733791866516,0.24458936114924,1.38930491708244,-0.432699329612282
-0.693895071287351,-0.419780605165978,-0.0225601402004266,0.961757148462327,1.37497687165734,-0.388617691278699,-0.771841652157099,-0.261201827621732,-0.595297824030307,-1.52740429896029
0.753086942495691,0.580913861326757,-0.0248034827436988,0.0145721458877926,-1.02156685658261,0.379710181161813,0.192182881880168,-1.61345424825772,0.339770136747967,-0.0129931349968936
0.455421329022147,-0.740575611581041,0.327199063471963,2.56732370788903,-0.540708998745078,-2.10143129606793,0.449323435442091,0.913750510726422,-0.262609886976088,-0.374783048762763
0.752197099190541,0.82447276834288,-0.0124404294111818,0.298088678653771,-0.123874597640086,-1.38675254829827,1.82578778176182,-0.50221741758512,-0.388961511708155,-1.98941239675432
0.0998342048959812,1.24805919230012,0.325954461926374,-2.03888053023127,-0.319336096982952,0.610472739144698,-0.783970170407917,-2.0829812494239,-0.176511048393772,0.636726204874997
-0.535197274847062,0.926887541570828,0.519256746154483,-1.12828419947278,0.553971084150382,2.06057965609314,0.526962033137218,0.868115125491476,-0.897590574262144,-1.37101915130489
-0.539892974897415,-0.51297048983153,-0.496579313930492,0.459510282141839,-0.380410780595535,-1.13122742182697,-1.07719297637613,3.23890363849433,1.7273786026652,1.83765473923649
-0.840019452772035,-1.03480750229373,0.418015080975037,0.0118927805591066,0.39119648210024,-0.226984184196654,-0.414083808972332,-0.505073775724188,-0.286898296071686,2.38239356386084
-0.48119111143228,0.567795911874495,-0.28582742190431,-0.574818068558372,-1.224440302555,-1.51075129237442,-1.34115394074153,1.83551958117166,0.255405004510445,0.891993298035514
2.19572298695349,1.43017172244431,0.290025086187595,-0.612466844634165,-0.759732780608507,-0.56887544926651,1.5876274059993,0.442234293069072,-2.41165367069375,-1.650967287676
0.0688872243258611,-0.101871430728442,-0.641128424861133,-0.401388629546865,-0.556751846052476,-0.380433247314175,1.86986038878825,0.921329468599424,-0.132503478731573,-2.05670443396718
0.257678116979894,-0.458983259808016,0.990353496070507,-1.58256533147423,-0.0158698951492507,1.37678017644375,0.126326445774837,-0.981090071352473,0.817189686238371,0.735882804587554
0.073131201417351,-2.09431911698784,-1.59923180062378,2.94771445985523,-0.0377903855217275,-1.01954913407334,-0.00820448638770823,1.20480113071471,-1.26150546605916,0.634306315842351
0.171502453694399,1.0654545658266,-0.592990075183018,-1.20130976189188,-0.872547723053013,2.73905784894926,0.307371562233172,-0.504952942369926,-1.12656277292615,-0.470101825111605
1.42700981663054,0.399238130309293,-0.481014729803373,-1.07577603226046,-0.53113657295777,0.0691177639731331,0.849434627779816,-0.579404343757278,-2.0839719107076,-0.207462197857472
0.156070823196496,0.662228373775602,-0.0336065658499363,-0.655710770967235,-0.33714239530954,0.621107495835322,2.26479839435857,-1.62293016912691,-0.762771550963452,-2.88559394241539
-1.7759414176517,-2.88989875108469,-0.332278427745079,1.6183704441178,1.18119949268757,-3.23071498648892,0.652706245228395,-1.22555792202135,-0.420310677697209,-1.30017062489993
0.95461293386777,1.83527144178634,-0.670703605034329,-0.208517472053558,-1.36247567792203,2.04185289500785,1.06025206174084,0.12500677006842,-1.68548473312173,-1.85809071212485
0.902390155451782,-0.125241214920823,0.625228507064696,1.53119482341366,0.109258338714738,-1.27415962024597,-2.16762118052926,1.47354758417253,1.48952105332582,0.952915734538575
0.70564043404791,0.248041405552008,0.127282800297544,-0.278632659093667,0.0898921598336068,-0.7318637436721,0.621284749766106,-1.18855079882452,-1.54323199725005,-0.113909477207532
0.915341933456597,1.85264204145442,0.0985826409267918,0.249801377308475,-0.517736033025332,0.277967584878295,-0.796230416320485,0.929313864176227,-0.458072785422967,-1.08911088024809
0.237835606408331,0.195397393573928,0.343794106124262,0.981420535949231,-0.67902946487064,-1.12169514261706,-1.38600369825161,0.258584243779804,0.602590213957817,-0.0378485318171874
-0.184163266587387,-0.0934106500012523,-0.218885190029548,1.1529412512096,0.046965263867036,0.764175316714687,0.547673968962222,-1.31860338380149,-0.264582220681251,1.84494221152799
-1.02461896262014,-0.513825348017874,-0.584214415077847,-0.418948798015562,0.0983610909021121,0.0646279406686977,1.81567078793066,-1.75778989620609,-0.963123778153845,-2.18353378910199
-0.160603207457339,0.0684646068821646,0.113861753097726,-1.39654703765056,1.55333666124788,1.0219545176813,-0.159186817800187,1.8835564598079,0.389046502699833,0.232413670283907
-0.27494840622087,-2.71563113815154,0.0841192141961852,1.21641190757564,0.568197986210966,-0.024012271830274,-1.59885769468032,0.893927443536743,0.553648379955282,1.44100270602033
1.33054697389794,-1.37034179374222,0.440290098841856,1.25708203587295,-1.99072026655331,1.51352910930248,1.07542752341717,1.5228434319724,-1.14962376905846,-2.10042576875544
-0.802615416508521,-0.687230042873533,-0.566796315308123,0.00777713216487793,0.672871525060104,1.1159060092474,-0.74497309235716,-0.822369320757246,0.0571687460190084,-0.42544769207166
0.204987436808901,-0.186823055125234,-0.995996884341541,1.11940712843158,-0.326488132533153,-3.02569753427553,0.19195028774162,0.0168716377408503,0.111778458112583,-0.224010647920586
0.935459185130264,3.78797651007815,-0.964911204794238,-2.97013895624828,0.591987425074767,5.30855353325227,-1.18793744096924,-0.336637034336242,2.03045810549839,-0.887716671324197
0.146534073782522,0.406700100533199,-0.261436647309034,0.787693377089139,-0.711197623120304,-0.35682003654032,-0.954790120580782,1.02931175177969,-0.779653218721367,-0.386605804058602
0.966916906414296,0.773583757328693,0.0526878745425053,-0.207224711074958,-0.296793580042613,-0.185248526015363,1.39842203048785,-0.495690548529847,-0.864857612413068,-0.879434174856535
-0.0246133281065848,-0.974509232591275,0.0669034772915578,1.7219190555785,-0.218358364690475,-1.92713128978292,4.71832663867199,-6.47809930426175,-3.01963999916295,-6.06609939545226
-0.480557131436039,0.388501518602616,-0.505111114671126,-1.50987510256811,-0.1166734002344,0.0427644714080906,1.75541764471353,-1.51924070254217,-2.03376870802654,-2.28224028460593
1.00591920272153,0.132016366495182,-0.714701121627766,1.22935191181978,0.000964692739927331,1.7377461538367,-0.953022263842228,1.23117983223011,0.0510954781168737,-1.05464043226986
-0.469286422202461,-0.353124831329905,0.183083617007714,0.228795082312338,-0.990263450207666,1.74917266043663,-0.356422473426209,-0.045725059640482,1.46171637847956,0.384047653532285
-0.386201457129769,-0.55153761830826,0.410455113593168,-0.0581287222975954,0.913752840775877,-0.827555748156045,1.10086828193502,-2.56076108224317,-0.637762502028893,0.841831343386092
1.23561092489011,-0.298154237283975,-0.28694482926441,-1.31223009928449,0.0661889217930923,4.11020259433573,0.899506295478396,-0.632795322023907,0.488344202798545,-0.37894657463067
-0.0656246287353184,0.879878930533518,-0.237956266057657,-1.43921448295149,0.336840140722954,0.515871741818977,1.19817660239407,0.078791643543646,0.354775828689084,1.34886226572887
-0.663391765821053,0.218711795720773,-0.264660272070535,-0.290394276216877,0.45093363156867,1.76745617965912,0.979636422862364,0.309492370848409,-1.58516464761817,-1.67563419067152
0.408336456839414,2.44325602325966,0.53487808565854,-1.37493831838824,-0.728579683099748,2.85061912753828,3.31175713248861,-3.32660286801547,-0.955805509398122,-2.56462048278624
0.189341699602735,-0.380302816500616,0.0378830656674677,0.853815641129916,0.353632843213141,-0.778189195906256,0.932700241533083,0.146732066244119,-1.11573776909868,-0.314766417003304
0.55093870495727,-0.83816807549361,0.998783261422352,-1.48418790157541,-0.354369377926795,-0.0880601267224852,-0.90036185335569,-1.18581388576851,-0.277610643732158,0.703263828517793
-0.649107160984975,-2.65069561148333,-0.973965946390107,2.12150632043932,0.836529548926698,-1.78642798717642,-0.57550518168447,1.61470939698699,-0.574302167163672,1.89949030233982
-0.397049797432195,1.49147972915649,0.739011476779865,-0.95320271600458,0.383007188231599,-0.291801484365627,-0.0870225389784655,-0.485800901702663,-0.807424737832621,0.552308950041958
-0.648667373016835,-1.78192322786621,0.268087842035425,2.28222576563938,0.344023444570447,-2.65328101613841,-1.9602331371551,0.391639981039114,0.543613899044978,0.210325354507797
-1.26058610550904,-2.48424181472083,0.439299052556577,2.18230953494976,1.15652335680397,-3.2579980533979,0.633561767621344,-1.76605244193089,-0.52152066780172,-1.11120890985385
0.531405895870029,4.01925647437568,-0.867197188580438,-3.50839582543325,0.055301658981084,2.63985266447405,-0.496260177571666,2.65620174676112,2.02846594800692,1.54196648864419
1.01893524726975,-0.219259262053657,-1.22451219050541,-1.26925506058539,-0.499993381211601,-0.645439477384683,-2.80468631642098,3.65064822401049,1.07945383242548,0.521373142244753
0.0680848504757836,0.429050723942138,-0.398209735619548,-0.396615621041032,-0.487225848199864,0.115713694658345,1.17670534681048,-1.80621345248468,-1.11157484283962,0.320710508337068
-0.513816667046207,-1.82027958472658,0.629917650674882,1.27535875463935,-1.13830532577944,-1.8939849016347,-1.90210483187772,3.20986759484141,0.22870145480109,2.13301777901978
0.00454402569389545,-0.335713218908132,-1.00412379543005,0.581322221427234,0.670473469764566,0.192558809261,-0.713721962142879,2.4571837861817,2.24880444353106,1.51291601298606
-0.296237702866672,-1.85620102388039,0.287298798765186,0.957883936430628,0.12215460506523,-1.17170313459605,-1.36788864282255,0.428649635214193,-0.114523648765299,1.57860706679861
-0.351231523145818,-0.455731598163883,0.0219192867615675,1.2455851904739,0.0167468138756874,-2.47501476353471,1.23857281861139,-1.46364328020834,-0.376717572892654,-0.441824154599797
-0.454022476231957,1.27874827355695,1.36478979298709,-2.81019115949633,0.042274339747588,2.43746218902266,-0.676566576607236,-0.220169730363731,1.3136772869189,-0.46584081881287
0.297542726889714,0.385945689931172,0.262690634452113,-1.38742504667289,-1.39115218053199,1.01895775124101,-0.963595969290791,1.61025715241385,1.32506410880723,0.438201315121998
-0.998330687863049,0.930363399100292,0.77637309153994,-0.23120559722166,0.885238235941409,0.212038151160075,2.73000727142555,-4.37687448972104,-2.4378921430505,-2.25658997917982
-0.317843299579908,-1.0058808938164,-0.488448094891773,-0.666381751331538,0.414532880189657,-0.535963248998752,0.475880018167766,0.698657742899537,-1.43234566013391,-1.06552945597102
0.304404750728199,1.42676644817486,0.00640080304157459,-0.949941268992383,-0.500522465854129,-2.23726449352309,-0.455844321755438,-0.711342370777274,-1.79564632000663,-2.45062016961925
-0.2958397843874,2.77950025490415,0.706544171199591,-2.99828801919298,0.718797056064289,0.972715092079517,-0.653128642704585,0.188104790251064,-0.178982590510813,2.73987573416836
0.0379568274523881,-1.0164162117412,1.2640060586688,1.69609301895453,0.0052734822769069,-2.96670924889077,0.518528752056192,-0.198730530944609,-0.396549775317648,-2.1543283300486
-0.177258791788422,0.170186256668587,0.83418179359092,-1.64122862382961,0.806941463355139,-1.46042005595515,0.143983061944269,-2.77591291479644,0.779527153646522,-0.725124114703115
-0.253919086695757,2.45709012753149,0.568905658073426,-1.35040167374352,-0.268134516002685,0.764315712000983,-1.62258807621166,0.971172246734462,0.690729675509082,-0.0072174424642813
-0.352152288771334,-1.58196835691532,0.0956921909035465,2.19634457771259,-0.273869449810441,-1.91214114622581,-1.28107334141163,-0.868978286087044,-0.699314234288493,-0.0911760259857557
-0.422512488534085,0.474789460149554,-0.0270210247359933,-0.788130249762758,-1.31403709656291,1.13671306078681,-0.584529339845581,-0.214545201061244,0.57966183967158,2.09195623531178
-0.659508931905947,-1.88477307127252,-0.10130398028045,2.7849422001578,-0.563792067691114,-2.12847921060052,0.252910220331262,-1.562129635332,-0.766012577480984,-0.554239796333713
0.679077315977293,-0.58549451515456,1.33682012502526,1.18160822587551,0.120449290321997,-1.34570041963349,-0.136999190180287,0.180288649728834,0.879894947431806,0.659003765222673
-0.997253068069607,0.953915524842823,-0.138789988295367,-0.015523656205968,-0.563565399570843,0.213330496115417,0.00642925256039799,-1.11920611421366,-1.18853206149522,1.61899095390592
-0.15532984538498,1.33701450003161,0.972292082194242,-2.53922911172231,0.442749541586924,2.31433405890028,1.78108028600375,-4.30018989528179,-0.746198188319862,-1.5883948001635
-1.71845714908733,-0.760157891888088,-0.981019464587948,1.09762216339102,1.4191304385928,-0.656970373558199,0.324169324804508,1.89154585871734,-1.17912646199599,0.0939034033198657
0.448323078523409,0.946328604507914,0.160440456683543,-0.888443349348903,-0.316636019239677,2.72989853484709,-1.04352007003021,0.209436539881524,-0.0992181613499754,0.97766394094124
-0.784940258592963,-1.884253218409,-1.10193398833908,1.6933793582051,0.084743967071209,-0.87817892578865,-0.897359318555068,2.11302360965291,-0.890541260394643,0.453840039909668
0.0932070974886211,-1.71981482639774,-0.0116305658689653,-0.357920107390915,0.712524819417533,-0.760084670896448,0.567195405746179,-0.805429229207432,-0.0564910868329837,1.98555836176858
0.657141659959305,-0.66704724699828,-0.788489818870124,1.58925701795896,-1.0815318196258,-2.52309365678457,-1.33648516745393,1.01881672944575,1.40619947441766,-0.288813401244682
-0.180601383269999,2.07934476410934,0.652263373117681,-0.869729024753012,0.335486817802931,1.68231062023708,2.68514765481093,-2.43191339481106,-3.28264413556297,0.159017337021621
0.580201605607073,-0.308544861594332,0.355222373864814,-1.90120725757265,-0.0825441547716184,0.848841175523852,-1.34894415606158,0.977926872848623,0.620048732583673,0.852389205125916
-1.17398109231948,-0.738814162571521,-0.684242926093247,-0.493951495703035,-0.217467585002034,1.91454898598612,-0.541793103640208,-0.216389866817941,0.750576620145615,0.00423979315819811
0.28213892331185,1.51081474930046,0.795850849863419,-0.866090349212637,-0.0229844771139062,0.172469774448436,0.0268430966651915,-1.44600800725904,0.143051041476685,0.555790978787057
-0.0766024892878565,-0.688802913659109,-0.829594450138949,0.59077749591067,-0.28864795637197,-1.54322385602416,0.658083187678469,-0.431814539102978,0.452089343136293,-3.12857165832675
0.109843479640369,0.228386913028887,0.340408715841879,-0.125753746130166,-1.45656558533275,0.0931283487706697,-1.57195349477064,1.28759512938741,1.68000675785145,-1.24347286851862
0.430772778981073,0.489787123147774,0.30731810450784,-0.8061601912982,-0.187689808035986,2.42593031262185,-0.0723793697140581,-1.21817166397689,0.928532743056349,-2.09255323069828
-0.348366000485565,-0.000534026739514762,0.560849007214735,-0.96506119968054,1.16950377531051,0.903625549078653,1.3917122108905,-2.1848540713565,-0.979545718116932,-0.589255200734107
-0.357123005162477,1.45768500407292,0.0150854897237748,-0.676107354668761,-0.233695394895964,1.59494034224466,-0.367414966492167,1.19382444383609,0.138655488965093,3.64503818540415
-0.9810707472256,1.23712075219016,-0.908114342556204,1.26951389585757,-0.673582044815335,0.577992954694864,-2.39166599556214,2.69368248763153,1.33880650661818,0.407711796563506
0.859376174567056,0.980756512000181,0.0141677202049965,-0.0991264833233314,0.170786892650361,1.14856709658995,0.385716093758046,-1.20694521254476,-1.14313825367781,-1.71001871489404
-0.00095953350839853,0.562360698691975,0.349654139483056,-0.66765208306533,-0.460314317661278,-1.00530100992141,0.25286421464587,0.270795360657785,2.15909407997191,-1.21916059262199
-0.398614801697966,-0.538990413585126,-0.182751817529512,0.970131726376767,0.547271316931493,-0.416597178124807,1.57431812795067,-1.10602935315751,0.886262207874966,-1.06327806085158
-0.763829494112223,0.698270972858629,0.416321698414226,-0.25485639977119,-0.326153008411967,0.834746882729814,-0.331837431226503,0.813331700790117,0.197336243603335,0.724522922607785
0.911122852289468,2.0315686539764,-0.700566500375797,-0.604359954070216,-1.52853130537131,0.381093528212828,-1.03780646081967,0.55354876591929,0.0192388785154574,0.207552944568843
-0.234642659720787,-0.728923306604119,0.252813990660206,1.00195215715728,-0.022975955595035,-0.016066051847271,-1.23489870535716,1.00776774121581,-2.69726802226146,1.48280457528989
-0.316275307699723,0.43959413088813,0.184423700755888,0.604812413369354,0.647093734176779,0.500852090356247,1.52338483902631,-2.11240900516172,-1.1213414497995,-0.213510481633489
-0.217138806823156,2.16919795041997,0.888419401626631,-1.72797011522434,0.246042575847362,1.52093441346006,-1.10409400395459,0.2912958925084,-0.0136225356455365,1.47850878437391
-0.476339546366803,-1.61073644860068,0.213934200316027,1.45702962653495,0.0679350200030946,0.000233108254371409,-0.537628905365457,-0.256476282810989,-0.23020145789464,0.597748141172961
0.874204978613586,1.76437533700867,0.0747538770268173,-1.60522406334368,-1.37631920771208,-0.0410085800498255,-1.54129398115171,1.69428022022924,0.312454904372364,0.773113518176562
-0.372238220930854,1.41304682846621,0.869317693767513,-1.57735364621434,-0.535633610469445,-0.406235540693216,-0.305250933901864,0.470248312248196,0.0996395589122403,-0.759597489871152
-0.343344442245392,-0.76001102040293,-0.644709495839583,-0.961812096306763,0.6875575293844,1.52077837775771,-2.04498776815952,1.70668702469061,0.367471606752247,1.46736846557031
-0.299506972282182,0.859736373429151,-1.67002562774993,-1.15760837321421,-0.126342243849216,2.16605024267528,-1.19435142628863,3.53120652260616,0.261725470213604,1.89805159627903
-1.06816911503548,0.91949607728164,0.742882165874155,1.38513975661142,0.698350091289849,0.49390841039858,-0.0021313231308537,-1.13988354475749,-0.182769131633764,0.702412486698541
0.619709985197666,0.0473145794942808,-0.278686520286762,-1.11706442615696,-1.20157618374012,1.5121679862888,-0.204533449382564,1.92678751953816,0.92277617944359,-0.148364761044714
1.32043142629554,1.74239377182222,-0.112660053897259,-1.96364907559351,-1.05659897223574,2.99989107049057,1.44030526792765,-0.233338787357345,-0.763412865542992,-0.349068626179564
0.0606321636950581,1.40072607379557,0.127357051142587,-2.20257768102255,-0.180218820287774,1.98567534327934,1.36235050892405,-1.55075635998045,-1.23270615388008,-1.09005186500566
0.949583022040816,-1.76716758651427,-1.08249098262937,0.678411501359367,0.240530423356463,-1.1049543709571,0.60125050838461,0.305248924543366,-0.127057609012802,-0.511961906895317
0.990794874491292,0.897761745450562,-0.484338279637083,0.486815315823733,-0.204503190726096,-1.55040509378135,1.64624997297624,-3.09225714923664,0.064053987216531,-0.259411268457911
2.21196727597354,1.01475256009482,-0.158196130931933,-1.51209801434936,-0.829982144030024,1.55665624637437,-1.37783264428979,-0.336113184991236,1.29713628155628,-0.635927568966904
0.242645822535622,-0.0135323852019553,0.385788777611363,-0.273478090532,0.490919314924827,-1.72833151794388,0.711568604578669,0.251091502265417,0.901698919742532,0.633058790088738
0.33112710020396,1.5731215512027,-0.0510279025462522,-0.299169901940455,-0.338993981225352,0.565291577925046,-1.06505733797582,1.48309998235876,-0.642857314682995,0.14128842315613
1.14969610875937,1.41106609546459,0.126805935471531,0.47167096163554,-0.778775814162254,-3.63750064730693,0.775892863930389,-0.906579082657872,0.286932358565896,0.855229738489901
0.679939222413311,-0.302825153389864,-0.555465915849895,-0.723217056661014,0.227789160382898,1.30664730243328,0.843920495064737,-0.250262208371165,1.10675843766405,0.362055991090636
-1.41233658256521,0.695269911039178,0.125927985197665,-1.1702734530191,1.81694511528088,-0.1312228542959,0.0542253880063086,-0.0927660226245785,0.291645584057482,2.29683756637791
-0.196229210319321,0.228173184948335,-0.0550275130437311,-0.592734523577977,0.725304473367387,1.51712270527722,0.939819954014894,-1.25202724597466,-0.495156479757811,0.209338407799403
-1.10726975958958,-1.24606800729335,-0.450489054478323,2.4950733073872,1.49114105828496,-0.725333342163473,2.30004098427325,-0.108476909296773,-2.67849429471317,1.31897365230373
-0.120095999046921,0.587427014689944,0.979900435765391,-0.349743168416468,0.727610634879686,1.74266024182482,-1.42966828323388,1.81463387021466,0.218563753185867,1.77263748313224
0.648765269770438,-0.0743164027087029,-0.456242233119749,0.0354168826634406,0.0078547461306494,-0.0890474803950548,1.69796427700408,-1.02883634805804,-0.522218604817474,0.0656270634032262
-1.21845031298766,-0.650169827495753,-0.675266791288882,0.0901676443292111,0.585236008845486,1.22585367596846,-1.28779789797053,1.49460880295454,-0.964196731294543,1.296461818697
0.645251688157372,0.353569891003455,0.722441681133347,-0.302596664373801,0.200909891842795,1.6636151361063,0.094237269166574,-1.05413723929912,1.20621843555693,-0.933614890339583
-0.916201584598134,-1.8587561226853,0.358267974286991,2.17518126121404,0.825020704503603,-1.91976640256571,2.15163768926283,-3.82531242288936,-1.80974611776506,0.437778698921125
-0.11314019858194,-1.71934581755874,-0.576359613514453,1.72258324688549,-0.887619950396608,-1.98350442972716,-0.801391549113337,0.435541345915266,-0.339857872375717,0.103531287037212
-0.904891297956354,-0.568001955966651,-0.603989529828726,0.00324840865340177,-0.120538727192376,-0.664926854391955,-1.73941969579909,1.09292893864836,-0.132330916139118,2.2942532232493
-0.257272115696617,-1.1431785997582,0.850140697290752,0.158962706642438,0.955958470622217,-1.78561265189148,1.26264583270326,-2.7318765070638,0.242328479117178,1.97806448994894
-0.822209096585025,-1.39620763420138,0.62464642247054,1.92209880575262,0.842810378250403,-0.922140148692094,1.56151162517499,-2.96920794105594,-1.12377603490658,-2.29270771569278
-0.96746830146953,-1.05892230504686,-0.755314568621723,1.47926624730031,-0.279883565830977,-1.75722564355718,-2.69259997088554,1.51536810599591,2.29830178177669,0.764978380950759
-0.0797249482097697,1.67264706595529,0.253022703684218,-1.62873357245682,0.0454672869659898,2.81752120845094,-0.373887487860125,0.484756656038762,-0.601690955724996,1.12469457552473
0.379609384045676,-0.299279499895477,0.700936442947765,1.18570090901009,-0.0962185573242197,-0.501211444587949,-0.0906698511843462,-3.27570325498197,0.00760020360103853,-2.03875963750937
-0.762218392221431,-0.755528602033019,-0.596403185607897,1.19984833423916,-0.0752586645034098,-1.98379369607306,1.45524288095951,-0.988794840139286,0.765159635498676,-0.36966748167823
-0.394579021748248,-1.00080050195316,-0.540040524736215,1.67855323983723,0.838111474863236,-1.27730112616326,0.343329127506852,-0.00778549395912399,0.384327698145238,0.72685357776724
-0.336550101810027,-0.842634469170152,0.0686337450006329,1.64056157567299,0.32206442999391,-2.66194302214178,-0.409225917926917,-0.501206226732641,-0.63903213935723,1.25739450252903
0.565028471004485,-0.903540719038801,-0.197227497602667,1.60719435481015,0.175661800295402,-1.8298090100079,-1.81014922157882,2.08061742090156,3.72730374277114,2.53681027351182
0.772906415905862,1.19638046919886,-0.104845806286396,-0.519381184038005,-0.869233202851831,0.720991040581372,-1.33825640938305,1.37436670122395,0.844963219271518,-1.56199885688993
-0.0372714754687224,-0.336776299727853,0.410638335997532,0.906312759415815,1.21055200848956,-2.57188797891969,1.33541606302783,-0.936360506009142,-0.615354189486217,-1.7150291006721
1.09762781664143,-1.5418974752032,-0.240814663287334,1.56101234953526,-1.50617328669991,-2.55878848201905,-0.129481433240296,-0.032960109136349,-0.0219450337900846,-0.526019974326716
-0.120089873313477,-1.40357738335526,-0.848666589432726,0.909272035272001,0.934495554849024,2.02191455845905,1.23572497475791,2.2441774308057,-1.28752705615159,-0.781260726302489
-0.741446184912485,0.71403354011813,0.0734846127021252,-1.09231519945505,0.762817945075334,0.628993128510821,-0.820178507903893,0.315057701058888,-0.272220272600031,1.0832976306039
0.359005071386683,0.637798793987882,-0.856308822119042,-1.66556793139238,-0.524945188872198,0.11069289966364,1.81971660622313,0.195417533441543,-0.738178640102377,-2.17127340807817
0.0831010324034847,-1.7124061065152,-0.754960669563101,1.52788421277248,0.242941182393122,0.127587393068082,-0.766229760372581,0.892972628254917,0.0960129924392104,-0.220886503853023
-0.655394647212703,0.804512214886693,0.984633594775824,-1.46226012406753,-0.297727166235753,0.64980825764335,-3.18481917851558,0.565601028484144,-0.0698834615625385,1.95126944025051
0.930297925225078,0.741710900165586,0.574285125582731,-1.58752901464418,-1.56869825437415,1.33980811101616,-1.66007102291691,-0.244977156153645,0.260595969873174,1.56500786279388
-0.549809015575531,-1.36338338985874,-0.658957602739648,-0.377349521098797,0.79890403945833,0.713071671085215,0.456109059170936,1.54742538434672,-1.050800769172,-1.38050287282903
0.0780712812222659,-0.125241047175241,-0.0463554745025338,-0.183289905599075,-0.471419042831592,-0.581724301924165,-3.67822491425941,2.5289545229623,2.12528128028225,0.817353152591029
0.29196998535048,0.263152533721799,1.05696607496742,-0.712017771830845,0.411230008237139,1.85107085074541,-0.623906805463213,0.0843787863805477,1.1447032675604,1.953138089759
0.0314065147317543,0.0435583975973352,0.762276122133822,-0.824245856413306,0.311693032877305,-0.377425500383026,-0.538547434505935,0.55376682505897,-0.0360125434318417,-0.0561655053391829
-0.623994504915222,0.902019918602262,-1.05798736268442,-1.08009381934824,0.895056613465051,0.183062728603788,0.956943811586374,-0.983068196587741,-0.0310916449969001,-0.0865621317302162
-0.272594523292563,0.0639832718504996,0.242602589634303,1.63340137809354,0.395006736481207,0.155761066851214,0.290111528688853,0.714103818680826,-2.00680403146055,-2.15976321507504
-0.580618380807498,-1.06092370631243,0.740399669302044,-0.170909434698243,1.57853349104388,0.0951753587361246,-0.07008007338201,-1.57652303479744,1.2476873908308,-1.48332902648149
-0.775083491590401,-2.33890196125649,-0.75148906357498,1.44920553238828,0.831726715777244,0.636140896012406,-1.22562027311165,1.29343345892674,-0.197046865171005,1.28603707403633
-1.1205284584812,-3.50125850998085,0.529870438895036,3.62908297210068,-0.0914921238189728,-1.36118393238851,-0.744209241573626,-0.186912632352925,0.337958190609669,0.638309868074347
-0.484552339508042,1.74691970605728,-0.344078962767332,-2.18655290485745,-0.698768336487944,1.82274122090372,1.0560904230499,0.754611943106426,-1.37516550525747,0.934444052798451
0.209494132156525,1.18427130195901,0.278853374809416,-0.610500059973046,-0.514151616351132,0.93329352527202,-2.26028607744167,1.15168565886729,1.37652093230324,1.25924489035312
-1.28790655903011,-0.849401808992903,0.840745268511901,1.15658785854168,0.620763294478098,-0.0521904354809117,0.989355599743034,-1.67938771482294,0.700447375199007,2.06886940337226
1.05004018088957,1.22721268552269,-1.11865694901805,0.995403875683406,-1.38568907724202,0.370856892538524,-0.0420494632049602,1.62476237665434,-0.427803273415543,-0.0059053535619114
0.482948484270494,1.2709571276546,0.23771127792462,-2.5377016264825,-1.6950323079086,2.43364618769495,-0.726869329480749,0.810743998874726,1.0640077117973,-0.300271475471667
-1.1754532558639,1.02526900386673,-1.30782431661547,-0.502782425766738,0.769457847348173,-0.113763893023372,1.86780163018744,-0.471311283375534,0.387654463255592,-1.5300050073754
-1.58999129960203,-1.86190186247576,0.0500906804956577,-0.342985874501927,0.976865136598757,-1.90445755721898,-1.97734474845491,1.38180283868734,-0.0148124116580346,-0.153873174452176
-0.605262622172214,-0.507710304071657,0.186911363258165,0.234677462331299,2.08552521384828,-1.16475035924894,0.320481516184785,-0.537999326985166,-0.626901457079158,0.530436618000013
0.139104946858739,0.750830337951447,-0.270141565305926,0.547893263598523,-0.00372885029129569,0.242392462105582,-1.05073362961691,0.506244655938251,0.789866248708515,0.934640195269459
0.0819982448647111,3.28644337019842,0.146375849337346,-3.88544128101697,-0.6168976607473,4.89016006346125,2.44095339527649,-1.89058342868094,-1.16596170073977,-1.11770895572902
0.877635957202399,1.14039504738431,0.278412274942251,-0.294229818237691,-0.211698014119921,0.718121675735679,0.633904983397267,-1.84840492866141,-0.646173950669643,0.923665398977532
0.70015716605778,1.67658743072608,0.676747508857484,-1.08724663911991,-0.439961038273687,2.3751193977872,0.442489597139902,-0.90296152604558,0.22582443115955,-0.786868463222411
-0.602177432289538,-1.03254392061262,0.342810729955915,0.857402413817556,0.271836960930549,-1.6836457483863,-0.846259933448963,-1.34230225163487,1.28018137993536,0.311201774037853
1.03191219701992,0.60021836481088,0.391913947557753,0.461206539616537,-1.49187225582467,-0.16835152870668,1.84346749759044,-1.4835121268766,-1.09684442679987,0.16636025308854
-0.253313952414785,-3.2964414548341,-0.130845496920963,2.97718632026754,-0.608563309841779,-2.46744782348158,-0.111074371527646,0.158095858335031,-0.399218226320709,1.26102994154649
0.224407185156947,1.98455685153863,0.529697425522475,-0.855774802358981,0.480240597450216,0.305914620335765,-1.31736453000773,0.247347275159943,1.28423800373012,0.113839786184189
0.454280745396167,1.37523576167032,-0.246300470723727,-1.12116237915976,-0.464174162552364,1.30281277248577,-0.506302320494277,-1.27659640707191,1.18557818565561,-1.05017947502397
-0.161804822614906,-1.30088782003697,0.326556779052571,-0.326052351356112,-0.478789182072267,-0.219210579067533,1.32082319303507,-3.91289587786143,0.0720617664508279,-1.50877477313263
-0.139799651602684,-2.32235338132988,0.120122601717271,2.19792090534107,-1.42108094056934,-0.256663479694665,0.556128179444213,-0.86306159343656,-1.94989133481846,-0.710153536515865
-0.0877293720657884,1.08358204338508,-0.191991056946929,-1.51497851315736,0.34240959781718,0.534671308121438,-1.50339340765987,0.546237044015482,2.35242980383879,0.508497820432475
-0.378285181788021,-1.57363852137598,1.20687995839069,0.892486706655149,1.05351402353827,-0.941222484103309,-2.74287116746082,0.404633888333265,1.81982587632402,0.569127675007476
0.269965142618529,0.981416491249684,1.24989098897919,-1.47571874185487,-0.0385945754835874,-0.372893255776699,1.12328727314132,-2.14885715077377,-2.18927171439956,0.881926278852195
0.486336788374887,-1.00249088689959,-0.066399400512781,2.34860568842543,-0.835908789150718,-1.55812314384476,-0.313915114110028,-1.48296043443802,1.3428250177312,0.261070045318764
1.16916806763581,1.66489416292466,0.113136014497897,-0.393794477086311,-0.920843921860235,-1.13318664168082,-0.844200023136817,-0.112137927349478,1.17404092418879,1.09438874625506
-0.73300514288971,-0.422440029367617,0.65887929776777,-0.715165288501622,0.529586423038167,0.00408595189501965,1.31758960835957,-2.15121667847953,-0.0698363300185634,-1.34525904216544
1.09479165468536,1.61521244264572,-0.134605662776443,-1.98853938701716,-0.727755641525678,2.24785932867876,0.876250013343245,0.586599804794062,-0.820281936031889,-0.733964187301181
-0.301410627550351,0.839680902599982,0.0535006230035091,-1.78212228578628,-0.0950425399704779,2.4164019011177,-0.153334662535317,-1.53115902337174,-0.351110391318125,-1.04995278245225
0.155605338274001,-0.682219448638281,0.531570186947165,0.743001850632682,-0.457734872771727,0.855689593848741,-0.759288836813614,0.384273779541679,-0.56765567905346,-0.310416436499593
0.378614845846115,1.48569384337195,1.11430231590639,-1.3998791903939,-0.314316310096136,0.731551979675311,1.89369860592875,-0.832828382252648,0.0142658620519616,-1.80110097143859
-0.0035882531061017,-0.393848444253658,-0.410758222043745,0.984880060772544,0.574393733626251,1.30438134094872,2.55185398840678,-1.97751490566931,-0.685288367375007,-1.31291268522841
0.0692560013329695,-1.5998555746703,-0.480690382162916,1.80132338945499,-0.0558431065162351,-4.03671398424766,1.12887133712198,0.79825935516854,-0.613224938252344,-0.429095121386326
0.0634406135845544,3.96798025771597,-0.34470658990761,-3.32867890545517,-0.241068274524765,1.96465771951484,2.09931846523293,-0.894217714503349,-2.8529327529988,-1.19849102104638
-1.05970882952722,0.852954764289415,-0.209043744019531,0.0858751164645738,1.56390523628219,-1.24711746892305,0.656272296768592,-0.722644425996463,0.497278533706279,0.0479047288166635
-0.00212403668858027,-0.346807391368913,-0.361597777653837,0.450438421894327,0.0702711752450334,-0.00794141104617893,2.36455508865923,-2.73482314021915,-0.756218173886595,-0.318825094666123
-0.211634136247727,0.845366797020695,0.831456916220547,-2.63872821282695,0.503429482401223,2.69519056404553,1.25843830809887,-1.897720489278,-0.725011131483907,-2.13676530955541
-0.224297497022514,-2.8139901203981,0.0323473315366673,1.63703279191649,-1.09273450407768,-1.35305801389777,-0.114107736924188,-0.917321762813968,0.201614013116904,-1.15997391910594
-0.323677226257608,-0.389197408374724,-0.0113125319551108,-1.0063854952624,0.51947333939709,1.94684692899649,-2.24462863836481,2.32917886925216,-0.292370374968604,0.76676300129249
0.00605224999137383,0.431715985929107,-0.135788274819983,1.11249377744683,-0.603167146094406,1.31533979296234,1.360846752777,0.908582762924145,0.014977687853395,-3.4476059643593
0.286085584578878,0.697492207570795,-0.48822550919586,-2.23511665161233,-1.1939548550499,2.60492232690706,1.22921831761475,-1.14047560596849,-0.866023157104516,-1.03491088205798
1.46940084618273,3.22047858810347,-0.592756326257295,-2.95552936254494,-0.256437496318592,1.47308920612727,0.900295853073198,-0.80687140133646,-0.0236921831454786,-0.511464916229125
-0.253502973978017,1.15203978561787,-1.1413613264753,1.89807411820838,0.473026118562788,-4.00364460895877,-3.36804609167744,5.26212617067976,2.36707025662276,1.96646496651774
-0.183747097849937,-1.34798302395157,0.491410514717077,0.682373215456355,-0.887409719980064,-4.22703792044853,1.28500127206571,-1.24928951568435,0.23606177025184,-1.5224014928101
-0.267758923646681,-1.14592810681307,0.707273655172151,1.34451385360506,0.13969876173138,-1.68863505876563,-0.924001277909547,0.299184109278256,0.73080015290846,1.34994531009266
0.336434080190289,-1.02001924361024,-0.475197832818488,0.299063463946563,-0.881031956142231,0.32164009214458,1.00960008910529,0.854189282336372,-0.395180734571658,-1.18666425605444
