0.0848539303749687,0.274908145611392,0.19655879395569,-0.209154879543049,-0.891444054430663,0.0668504151769014,1.2424499487229,1.23197221783848,-1.76779317501005
0.929901324428819,-0.0475695901767776,0.149112484260831,0.579238807666246,-1.04982987089826,-0.808368706728887,0.773455993599821,2.83389630322974,-4.25124650273287
1.57692906415568,-0.413580713245713,1.46156501082048,-0.0926184784527813,1.52127334633505,1.65739569629102,-1.87476785686697,-2.10532229308183,2.65727181070416
-0.0817989942291203,-1.22836583170748,1.33769731710647,0.00846821420275404,-0.269633521476008,0.981920604785518,-0.332786779794735,0.639990285911172,0.863322754401391
0.815877507463174,-0.241464846516087,0.776235065358299,0.801086316334919,-0.0911140342435668,1.4248787527283,0.63077480271623,-1.76870776324919,0.234358393835385
-0.766597644594758,-0.781823751201005,1.64204586294248,-0.215995747066223,-1.22898047079444,1.18306056084539,0.808496609469202,-0.285393896676521,-1.13898676992057
-0.158167598651104,-0.146322873175293,-1.03919773047901,1.34271545513744,2.21601318673303,-0.232996963707387,-2.55482338040701,-0.0952513759717626,2.83747265295955
0.232520401378567,-0.584277348695949,-0.116904764417626,0.784379085729853,-1.10041532500054,-0.600386658563109,4.17001079595633,1.96992337589624,-5.23822320093893
-0.268920643636278,-0.070425216218621,-0.605255021763619,-0.676983632033681,0.764193746741002,-1.63633334443578,-0.124618454006898,-0.0577156650143285,-0.26579937711962
-0.297233444247096,0.202262858973136,-0.877424737162057,-0.375750446726578,-1.67114896173711,-0.902116983434518,2.30805993203176,1.63364400914192,-2.64640950023701
0.210331826278867,-0.203577561747343,0.3156009119919,-0.189989218352853,1.35608300004334,0.562323873603297,-2.40971369831749,-1.27365295887385,4.34820071646836
-1.01536635352863,-0.11176585143678,0.335019735920457,0.171810220843267,-1.28795111581993,0.199663962322041,1.52482848014823,0.755338005347936,-1.75167882959935
0.118054382261891,0.619768046514876,0.71858261219895,0.60010334732549,1.55206976741217,0.440810342019935,-0.16513392322372,-3.25603873175498,2.18526537014974
0.7558788025402,0.732785399256653,-0.679653801324068,-1.12839919498026,1.79736745797196,-1.31753479552397,0.197732944430695,0.810776890248404,0.0639008565194772
0.729579923797507,-0.409882310260827,-0.0268192712916898,-1.08250114964214,1.99977648436146,0.113722400445613,-1.15878752192313,-0.664307264092504,1.05266260574948
0.64649171872377,1.4965094931281,-0.407459076715945,1.7128865757644,-2.01951238854542,0.542482005514487,2.88166333949105,0.589996792486108,-1.74698744874299
0.290054069541915,-1.02170873264031,0.818292126570549,-1.68797932530185,-0.209472294253077,-1.51425336736082,-2.39749321000737,-0.25973728003217,2.24227756846612
0.170199834024986,-0.41345326191452,-0.282035543811319,0.871248227114733,1.94024012342854,0.000598471071505826,-0.764867638219131,-0.956268383891931,0.776021554709711
-0.322771562359031,-0.633501578688255,0.592992231893806,-1.14197276013806,-1.56238203559811,-1.43894898024742,-0.470956707619824,2.88303148647637,-2.81148939521033
1.02898232782059,-1.42937908237529,1.16597020678215,0.726899475555069,-0.554230989954531,0.133740925654141,0.899395349051435,0.831962069371108,-0.904042049413746
0.18862813169084,-0.987649185573174,1.691543485685,-0.989846609096707,0.0131417624555832,1.24778751589707,-0.560243522945458,-1.80284390663506,2.97898494161005
0.972730866400749,1.59917249266517,0.0736857298790415,1.30684768526451,0.0288416591371275,0.104179761385013,0.41360711034365,1.80482509990397,-2.79266480854672
1.13257810470271,0.341496796873119,0.364553265348406,1.87567618124194,0.963547999147281,1.62947336351132,1.50512925496062,-1.95243761392423,1.82548546867578
-0.50814536893435,1.1694521300888,0.0203410135387524,1.67098191347945,1.53477900361598,1.47980206689,0.670423295846188,-1.50292973349868,1.2144747022192
-0.299021800396306,0.45478614987393,-0.0919065375229299,-1.6892439386767,-0.814408489327719,-1.23256036216949,0.594946516137888,0.235860725435128,-0.65401019732966
0.979939290110426,-0.872708972254711,0.16569482170438,0.820279491584954,1.57945593186168,1.70434816168609,-1.66645455953887,-2.25823794880964,4.05372148177659
0.69985178175724,0.641375340364381,0.050076764495656,0.430976065245673,1.00494297450694,1.36120459908268,-1.10111915955026,-1.12515533868022,2.12004255801775
-0.725655369083468,1.64903798356987,-0.990604428269442,-1.30661792684856,0.152462138413345,-1.35734171383131,-1.87920809522124,-0.231624567892739,-0.145637726838802
-0.627997878116676,-0.612568059240866,0.834268194991378,-0.200489765066455,0.401761595686861,0.367251728363248,0.924859018409681,-1.52307217847385,0.162148144774634
-0.74993190465395,-0.821327675279115,0.382656649608474,0.289461477746648,1.75067948619243,0.676604835583979,-1.50869694358444,-2.59771214002123,3.2873919265874
-0.237310117133124,-1.85751527305855,2.41441131264873,-0.65137601357538,-0.660734546713049,1.30419410780745,-0.441163534987578,-0.501646538525907,2.38470107653398
0.424577141155523,-0.746919192801694,0.56331933708654,0.216069324883871,0.921870050712983,-0.622426311338981,-0.141676513767104,-0.0324688043402515,-1.29718888377668
0.760689364037867,-2.65949392531991,1.4685253047586,-0.0850930425785556,-1.06477737203713,1.14932530118278,1.84773801465827,-1.07407761089286,-1.08984459014643
-0.226155158251889,-0.065201902768688,-0.338214712161412,-0.798239137852837,-0.526170877460618,-0.342145319986001,-0.0421167317573493,2.221451666752,-2.79101145946342
0.260831985611795,0.565263083851771,-0.269290006677671,-0.110347400488331,1.55727315341068,1.18196774458368,-2.01591305608364,-1.8854694560784,3.44692282602101
0.227744247218095,0.445842930774054,-0.300553728733918,0.805837211619458,-0.394992987960472,-0.720952738192536,1.62799542186937,1.48308464522688,-1.80203046221501
-0.192447726233356,-0.409765843034322,0.764149387853162,-1.26308752621504,-1.10836679129944,-0.617341405853109,-0.198502119370411,0.640594893056254,-1.79617045977926
-0.834643788296127,1.06121078786747,-0.0333859931138101,-0.410916819466975,1.7805956325294,-0.627670216589003,-3.16444772517282,-1.61223741106748,1.70469607951176
0.198683470446184,-1.20414801730923,0.978582578345613,-0.205420391158087,-1.79174696461253,0.565038271017889,1.45334847553458,0.87958179370056,-0.650628568535765
1.01285307781707,0.913612593310375,-0.64097158021052,0.693742201748384,-0.219467414593643,0.25587165490857,1.63384533826271,0.554702757392237,-1.68971839273577
-1.36776191558709,-0.0345581022053525,-0.490454506538847,-1.47586755915756,0.171268600170723,-1.19921836034319,-0.543240409841307,1.06703400324693,-2.05834746354801
-0.137890079641119,-0.77328584785647,1.04815606298594,-0.316595783450443,-2.7981160221473,-1.50791607278352,2.00041487198219,2.07352199717951,-6.02502889658225
0.789131473392527,-0.361071230385914,0.456334260510675,-1.15315861423772,-0.93846277194294,-0.608666126679044,-0.523683634682374,1.0143781740925,-0.977161002189168
0.115400564279242,-0.0878597613154367,-1.08956582979397,-0.388267647540588,0.621628206486594,-1.50040835955431,0.333600363019613,2.64250986726386,-1.86952609403032
0.191901226613548,0.462699850745739,0.293716849239945,0.76079676392739,0.302856402991651,1.54840904064673,1.05011769992508,-0.803314608296207,0.138279213368341
0.46295592603347,-1.72676449039549,2.27736257692016,0.694272159004585,-1.29791428603755,2.69100151949362,1.96108514605178,-0.793429078886313,-1.84344852070967
-0.29407504042152,-0.0982153284372592,-0.352365026800847,0.94263387482819,-1.16809547261597,-0.210967047453929,1.45578628313162,1.00360186604087,-1.20459655554385
0.555866154105043,-0.98583005223635,0.350986059693287,-0.511728653702843,1.10872912111074,-0.210730711322531,-1.42057679931396,-2.47897384983396,2.2413214406236
-0.29073626275719,0.502398047580746,0.168436056351453,-0.0409250114950076,-0.284953970256673,0.129331553699764,-0.641829714318747,-0.406930107634696,0.781868213963752
-0.0653070636729316,0.873452423132947,-1.01327778089807,-0.0220946800514739,0.274392396631701,-0.15664631122576,-0.332058915999064,-1.75818674972132,1.07519139720174
-0.0418573522702191,0.864821452228764,-0.0866349373858554,-0.305630613726148,0.733752538129271,0.785028551817498,-1.72502207323652,-0.105970549101296,2.0709754871241
-0.517607346120192,-1.03736854538447,-0.0662380761805317,0.912932914199383,-0.722523359465827,0.715477649455192,0.0126614170815816,-1.62223034340794,3.40194888438996
-0.346411591996886,-0.0292002189100506,-0.907487381596649,-0.0265772291671653,0.754363510899552,-0.0773020483681521,1.91259432509863,-1.22354627160681,-1.75212903889223
0.399650271326191,-1.55554830741433,1.16876418592195,0.324043141198166,0.596940566372005,0.0725627336872809,-0.572989804849371,-0.920894112907581,0.639329688640464
0.207529505953775,-1.80583530396344,1.60708353609342,1.77692414697361,0.856635270359138,1.47016451699523,0.90553372508316,-0.93886522561686,-0.796748323940036
-1.00347329380858,0.719494633773167,0.268638265115313,2.02505138892346,3.89722479107624,0.697176945354363,-2.16047275646649,-1.58777246863324,4.22019111103782
0.889566324860794,0.50609177616967,0.264631353825034,-1.10623007680977,0.192019102577649,-0.245046186792941,-2.30953628995284,-0.216043014210223,2.04429236396697
0.483622265187517,1.15982577800007,-1.44696669343587,-0.272429603475161,-1.17327895234835,-0.922336288655774,1.38204161842003,0.86215474394389,-2.40416420521863
0.554134751552793,-1.23402970224628,-0.132081356172523,0.288843685990149,0.154077580523717,-0.0428088306425845,-0.74890213515666,0.455593937841912,-0.59795172950063
0.208020009508894,1.4996064682658,-1.14780858854315,0.333505322977793,0.668668643071517,0.465658031029709,0.805306106319896,-0.557430915683161,-1.56359949701912
0.0798589023664877,-0.373412716015566,0.39797695825889,-0.0325873697046639,1.08750939174053,0.411420764701491,-1.37847867323246,0.577366137045828,2.14419911196728
-0.590324039974549,1.15852925393157,-1.70208132223678,0.451135940499881,0.878877303858906,0.70576788238673,-0.293951916109608,0.876903238062762,-0.686783604996453
0.241679123211475,-2.5722679185596,1.8308561669632,2.05842190569054,0.522106232706768,2.44382457929242,0.216301175621975,-3.29154435161885,2.49543036856787
-0.945857163995557,-0.408774215296528,-0.219645125090196,1.09697053783729,-0.688623988734614,1.90469838624404,1.32823821015597,-1.02197641907523,-0.087692152418721
-0.4938540602033,0.0092594115755923,0.0170556415178136,0.68435832298901,0.412635724013142,0.921091301663786,-0.735188858693398,-0.68654459069744,1.40603613349862
-0.30967856303267,-0.694198312469878,0.422763335377861,1.24209714316206,0.636036490756477,0.637929023951674,0.478561867238507,0.191110681019168,-2.20444253351495
0.755467564355116,0.838666279289387,-0.304510879325506,-0.308599435465584,-0.54964807455595,0.322487169014317,-0.28323458946398,-1.73094675663086,3.72138650039558
-0.356327229677252,0.519619452506542,-0.358001363075933,0.987509565968546,-1.30459105082802,0.0753969784086853,0.291460814001664,1.86373437620578,-0.545010551605113
-0.569772453195322,-0.914508009036251,0.351897396733617,0.906380650025857,0.953919739025953,0.590172898607418,0.152527401776982,-0.822918289794023,0.711429857288338
-0.192706634420072,-1.18234651274695,0.742633698246205,-0.384237973662623,1.55054530721952,-0.636600712795847,0.102238022020288,-0.46378444406491,-1.70793436428883
-0.911308177521772,0.015826263748776,-0.215259122219943,-1.62430293212466,-0.758641059872481,0.163518863476876,-2.12724529522606,1.12482010327588,1.81582329242653
-1.03799506691373,0.284421590198207,0.213772907431192,-1.13484673402109,0.360873259952969,0.0668854232578767,-1.09262721184642,0.952255099802658,0.552105397727477
-0.36185928874743,-1.42711874511218,0.505448339172642,0.761587610922962,-0.27185545355419,1.9512659479518,0.858117202552486,-2.19870623857897,0.672555002944618
-0.877637937056202,0.633390473677574,1.24563171383018,1.51068248533766,1.95351237115909,1.69820927368778,-0.352775149782103,-1.03224487709537,2.72748555920306
0.333189918346981,0.301452036025309,0.0180310357762349,1.00082334662765,0.606309234053009,-0.112721386290683,-0.809702784179345,-0.5856458007679,0.50680275621593
-0.963380081967235,0.775681683296136,0.172434885012961,0.244819030892252,-1.80582163753088,-0.257344835805682,1.03030186623696,-0.549065947985344,0.0443883445284797
-0.681693586658699,1.7006987674045,-1.43070811334947,0.504900410353776,-1.11574126895639,-0.0249088287936873,0.258769003413897,-0.68264567037122,-0.832062338800712
-1.06143709945989,0.487218982601041,-0.768519907029087,0.405347584841628,-0.61230621633637,1.34912129513665,-0.466065887776657,-1.01950501075843,2.34054663241452
-0.429201481083565,0.381615972015242,-0.0582953542614268,-1.11182057142378,-0.766088613569844,0.247398280988059,0.470214455152802,-0.440598481015736,0.0842812851778229
-0.303770680927392,1.27225126731888,-0.290723325648695,-0.93496342611907,0.855963773435414,-1.94794069968248,0.236000310350042,-0.858010234241872,-2.07608564767376
-1.55821968715948,-0.140482935396288,0.0413362139694223,-0.886720644805387,-0.0413694716977207,-0.999685221712865,-1.90902301441147,-0.122419845709569,0.84623462043777
-0.489827539630036,-1.23221397692479,1.02159499687323,0.822017966088792,0.646434395289229,1.89686949602478,-0.693060780503606,-1.54049191099217,1.98256605774176
-0.899808531005203,1.16761292332973,-0.275032865485444,-1.02135145862126,1.54372499995791,-0.20948721863725,-1.63052952793938,-0.1671786583788,1.54947970074205
0.0708709359773744,0.55404236724555,-0.722218477925639,-0.348294259085821,-0.255746117433381,-2.46375606677558,0.354693319951482,3.33908081572713,-3.74540398817044
0.115444582282557,-1.19110136010762,0.447815450931674,-0.444492135116007,-0.778535780465916,1.44719391595818,1.04208060432461,-0.179251389281707,-1.50143009147116
1.34475915726517,2.10988316003339,-0.61749407331129,0.957314550697138,0.414684417090868,0.618481741631374,0.753998221108629,-0.863372565807495,1.65706727783516
0.0122429175705909,-1.13237326061441,0.917332964250002,1.44546865520635,-0.113446759964415,2.387044523083,1.02808297315642,-2.18825921930593,-0.378406002395484
-0.710415714803654,0.15760670323861,0.713455307008123,-2.21583456456091,1.42203045099179,0.43263623549008,-3.66221990774587,-1.63124849237481,3.33822982901684
-0.662309980784124,-1.16573774532984,1.88369078804146,1.84453932794414,-0.538619434370587,1.11547545106193,2.38167586329192,-0.141911634133484,-0.107061809856441
-0.795746823092389,-0.68142441882278,0.889006649991193,-0.855081190262023,-0.679800163151991,-0.475965507222723,0.350839459929256,0.468397503692895,-2.12529337966822
-0.379437646192879,0.962292513521181,-0.0842106100446387,-2.67911433326418,0.0464746800382812,-2.55684809093774,-4.23980472576787,1.47943388989955,-1.17525085773846
0.234241847969154,0.0901763082528388,-0.0451379476943663,2.2185814018168,1.54506594164097,1.60377993574315,0.731586004773575,-2.38263235977848,1.31674024321684
0.212633772510237,0.480826249356028,-1.49440487898312,-0.653361756488436,2.82775078798137,-2.09287835010464,-3.45783675946827,0.300118989652542,2.13951303490478
-0.0931849771184805,0.327547126270884,-1.30003361706165,1.15471034433878,0.465713214348169,-0.74533057157242,-1.62523983901015,0.799457820898743,1.50281008819943
0.368729166911914,0.780299457219587,-0.327361852526315,-0.10729440615988,0.167457340640792,-1.0088376634534,0.212540026373467,0.360539612064895,-0.255506223931361
-0.139175674111154,-0.34713076212655,0.63752495335482,0.152501295850564,0.744937473554983,0.959768206235417,0.598185902502312,-2.59460959309342,0.630316714250309
-0.666284186222198,0.374790953784382,0.153819720571011,0.38631748704409,-0.259524242453709,-1.86676457409682,-0.0150082608552055,2.25885695230824,-1.66109284282537
0.745736415895185,1.3651365323961,-0.638693247601811,-1.07247483397867,-0.209736402095699,0.457860217771154,-1.15280664089705,-0.823882920502789,2.71367464146671
-0.286308876017345,1.47509364851407,-1.26484634962638,-0.0783607776548526,1.98858480450338,-1.30058656357347,-1.52459461500434,-0.612554087385704,-0.484527656290949
0.356440773625121,0.950617466038132,-0.307955817292786,1.96310612971937,-0.876584936391076,0.771740421649095,1.89280310552479,0.548531005795525,-2.15188456962093
-0.0838136896314183,1.94067406954748,-0.928296843911614,0.806362105985821,-0.101201342707132,-0.661741514956689,0.181136716164085,1.13122267196802,-0.689199628742116
-0.410567216040538,1.25231567232014,-1.06255750522295,1.39082003795744,-0.329998096127967,0.568710916847336,0.845130242884574,-0.526348348923274,-0.6980770056474
-0.850462589694782,0.532029402532286,-0.17263424606494,-1.64048403200099,-1.20424098491074,-1.04018677128315,-0.893952974969806,1.79310435983747,-1.13384689660395
-0.153381961736557,0.601585424225703,-0.45289867126481,-1.20251994621365,-2.50816602194074,-1.48812609850843,2.087061700647,1.79951920360354,-4.74197622021724
-0.713984746019048,-0.762270764136217,1.19613935514744,1.68956744746527,2.36524187610214,1.33700594718435,-1.86920469947888,-2.63892623676408,3.68074505560886
-0.213329877342281,1.12837659255059,-0.160367637193881,0.651378371309644,-0.381748625151426,-0.535790529076471,2.33978318064196,0.78739720003952,-2.87794918807803
0.322042670392501,1.05848734715471,-0.267275176160937,1.15836036447503,1.71872458434284,0.461362025283828,-1.38561808036194,0.181667002905229,-0.429491186932792
-0.293843872940496,-0.416009307945505,0.92427856714341,1.24288726348105,0.426339260941711,0.874763312034803,2.74392335214706,-0.19001110137647,-1.93941967428963
0.34117550472892,-1.17812247869159,2.423114534131,0.476150461644033,-1.69350518820811,1.8939665998427,1.15556014064648,0.669415256795639,0.521327386246454
-1.05777956736663,0.249958104341428,-0.589278803489173,-1.93226301832903,-0.193619207940809,-2.2445997835408,-1.51574832903983,0.789975425257837,-0.0507672396818482
-0.646029430652937,-0.333330496383372,0.522635427756694,0.785982326760936,-1.12632380966894,0.51056317738019,1.156467717419,1.07644032511604,-0.983848979771381
-1.38208006682421,1.26556580239219,-0.419908123747522,-1.38488550931587,1.64323544398789,-0.716177127585505,-3.00091495824006,-0.0200214794469196,-0.0489717840996205
-0.111601276781673,-1.72279279538235,1.27150002705048,-0.0425373038492888,-0.751274876938306,1.3479633936491,0.977142070331881,-1.95803133431183,1.54320150135157
1.14770143706695,1.37789769704739,-1.29887090175665,-0.604129109353566,-0.145295649342256,-1.54583412090969,-2.13489961991596,0.693463087830284,0.820971282355642
-0.19401907974726,0.802453734448787,-0.438475693066819,0.990708647428311,-1.24125187907715,0.678881519651778,1.10519796368216,1.76961462846524,-2.79873436190567
0.635687681664925,0.372259459249045,0.170519572715164,0.507779443178438,-1.27182886727436,0.104514421185049,1.620184827372,1.1976257909687,-0.649139020765519
-1.2961910463128,-0.985237410228962,-0.10301349980953,-0.302215911808202,-1.61063194160646,0.357336883766576,2.18811258555425,2.40620909136479,-3.1611959388805
1.10816219682483,-1.69433661346848,0.865682040101741,0.757317427157591,1.88429777706889,-0.435339656261739,-1.59969912193441,0.21336514053683,0.510980815219596
-0.427396515387229,-1.94271252125745,1.37726513662086,0.529601866714962,-0.0359341487768907,-0.0454457923388387,-1.05394087225929,0.892222033584002,0.950378041853364
0.0977341318066004,0.86099832859938,-0.119256423099084,0.732787627265766,0.954390203931494,1.12995165075194,0.406936384620083,-0.700879032150679,-0.814631352155262
1.72547761560671,-0.612298644153862,0.803684428326279,0.0495764083503637,1.11698762398466,0.65177824363419,-1.03636421026628,-2.41119853377881,0.764013741070024
-0.471226613402838,0.279012642497493,-1.83006038717589,-0.237684339669595,0.658311661640725,-2.29733921439287,-2.20154411061935,0.423213771689311,0.0992726472151548
0.544184072669295,0.260943627665744,-0.724562619392765,1.38293044868747,0.432287257450556,0.884788046235078,2.44063007276111,-0.925397848809892,-0.715386626400934
0.361738739958627,-0.421244449502999,-0.00649738673979656,-1.26081252246894,1.074774485225,-1.07975260085853,-2.01206621097137,1.89439067326245,-0.700739782880657
0.411427016487323,2.22613405403089,-1.70788532968331,0.150043456157541,1.06358513158139,-2.17122796731315,-0.0180299357213071,1.66795833701415,-0.186971670681806
0.392674504897618,0.35321647090503,-0.360264509973076,1.17624589922573,0.035123373523931,0.485222740104726,1.28469502127305,-2.16257202510205,1.75454308410616
-0.0133250360425662,1.01814982948285,-1.68669313775572,-1.52479384657853,-1.33035718174568,-1.72273693995735,-1.20332773667862,2.57367372982347,-0.588056552516498
-0.928120531514555,1.23651555363185,-0.2740216250353,-2.03561831330061,0.0353629610030753,-2.27178019957559,-0.878759385991544,1.25933790728984,-1.59857942087701
0.0194599411887284,1.3851926214107,0.126588692222283,1.40159581399688,-0.550465047610419,2.30764454760855,2.46304777463383,-4.01341821887749,3.11994892214266
-0.632335526586796,-0.877592493844545,0.403579587975359,-0.669076495690713,-1.55328557043365,-0.0436158009765356,1.16640765629485,-0.150577527181167,-0.256194419471987
-0.264888480759014,0.262380321863648,-0.0133352051180886,-0.517406877844034,0.813088878782085,-1.28695943710004,-1.41982055894318,-1.21853617472315,0.731666272433772
0.599138502525401,0.29496300572469,0.0756887998959138,1.87109584337462,1.20130874843535,1.98150264511945,-0.0763306562194556,-1.52596415845439,3.6041014189536
1.31045142420182,-1.14479750882514,0.633515408373697,0.0764468613218642,0.0689294727562236,0.20901319479764,-1.1638573076887,-1.22460910093151,2.33059096632566
0.656064161009767,1.10985122686327,-1.50078908165892,-2.10726974137133,1.55477950336712,-3.25864014610798,-3.36926264203482,2.25761606064884,-2.69514153722104
0.246915677018318,-0.423290911255854,1.78694765896074,0.242101415999224,1.05939133132133,0.367217283213421,-1.30012078614663,-3.24482346576273,2.17012912230274
0.703461026310177,-0.46725045845087,0.857666506337389,1.09787643533888,-0.124012793855921,0.320756690355994,1.15530879961604,1.78759804699832,-0.825758066811685
-0.52969583565323,0.72160533817539,0.123204012090997,0.910085284641379,-1.23746648633502,0.577343870175398,1.25883070876074,-0.252754025311667,-2.24358575077604
-0.475587856304633,0.336988796883529,-0.746978347503168,1.74494654710512,-0.261621206286776,2.10781350291957,0.229002857485632,-0.574791172500772,0.709815857184893
0.367220755322725,0.658465049511968,-0.720468757408616,-0.242092963733088,-1.27052061384422,-2.15458379152479,0.79468225943957,2.23550889597463,-3.10572192381229
0.410317445857845,-0.749166650339506,0.0176189543644224,0.328949988476254,1.12759282806004,0.892827972301264,-1.61464952263815,-2.53727998179181,3.79233678669697
-0.0154093067654303,-0.091488289473575,0.691684156987358,0.0655358073706248,-0.414518346334665,-0.474111883216812,0.00349669822130459,1.00934672488623,-0.998834133326717
-1.1622793584125,0.34576317259019,0.17373266425394,0.360362301308951,-1.28857849467538,-0.325357368914347,-0.548758013251947,0.875066561476362,0.371537369118171
-1.83656246089981,-1.91839116481879,1.40377985006371,0.571351874078845,-0.63499068486875,0.83740857619235,2.9120120641986,-1.60786759816607,-1.28659405455529
-0.327009721299838,-1.58986280251811,0.861513742220708,-0.584575457807286,-1.84689712208784,-0.939686583867177,-0.353108707253699,4.21692620279279,-3.26738006850994
0.929100388147811,0.218976620171546,0.677924247898801,-0.432067229062538,1.39820824551202,0.924664655845066,-1.7186345651127,-1.54864209387048,3.48923413767041
0.931312312633336,-0.139201149734182,1.15097934327085,0.941823149735601,0.382641351026892,1.2373639699216,1.46550225005658,-0.312388499722026,-1.04887336297607
0.016611518101934,-0.92010240105968,0.34365770107465,0.414782116535072,2.73787147906506,1.60982555697152,-1.80502868262866,-3.68690093252251,6.03412612973982
-1.61703992891503,1.1997807135022,-0.0197743270644338,-0.695732073330775,-0.793475188083236,-0.761138811256503,1.76300721740576,-0.0247620421439724,-0.185871991306881
-1.24928171458829,-1.21342490627801,2.12528204141094,-1.83622463206345,-0.588419456804796,1.55136239769735,-2.58285576918822,-1.15187317796649,4.21188132424593
1.41538868908929,-0.676876889402486,-0.951111230653452,-0.38594030415317,-1.79312505653847,-0.123230397658944,1.21040094742564,1.04711151213241,-1.57538790424403
1.11502318435115,0.951518321073312,-0.0592297931334885,-1.05898186298373,-0.742469616859876,-1.17608537860688,0.4425440974233,1.47527403660154,-2.35984237738254
1.02290109073636,0.139507202503335,0.39228462684882,0.00375964950384001,1.04787572871015,-0.016183396196205,1.19273286586443,-3.2042750031396,2.96422912101849
-1.02761615036471,0.346889168541843,-1.62208142406436,0.374475283171021,0.247670207003306,-0.391709214984616,-0.684557472659772,1.80223377035628,-0.715269689044641
0.066153043655681,0.765381209996966,-2.06308655875938,-0.41582686650055,2.1146635300874,-2.36919932128036,0.204877141439533,1.82079782106075,-2.93512634188377
-0.132025761008602,-0.803539937591127,1.04864739197962,1.2851249932754,-0.647609093394359,1.21405350202037,0.880605953012721,-2.09722199550886,2.0378167136096
-0.0754815550033086,-1.18107970222772,0.710587929152761,-1.58063080393789,-0.257269384560201,0.796841753776826,-1.54995975724574,-0.804736332175758,3.56863352964724
-1.10090305367961,-1.05430797633966,-0.200612365587786,0.289966211929014,0.124117822610511,0.452300357573004,1.97495108395729,0.739859171171958,-0.994781256759663
0.456389895760016,-1.52866426955806,2.38419443384416,0.76379269888015,-0.234128701493307,1.52495327079179,0.591439470615306,-1.23759581626658,0.537124825153676
-0.0538432346396908,0.0500472249593054,-0.661111678992024,-0.617725450334089,0.0864391335714888,-1.02652630126041,0.454116959298277,1.44223851315895,-4.3156172573228
0.174835792183658,1.09884024145282,-0.577394875536029,-0.777153401599038,1.83369784774584,0.167328818186376,-3.69542303237065,-2.10029060189341,4.68768109615621
0.300888807598783,0.478260983761127,-0.258489107371706,-1.22225122581233,1.31654864810672,-0.384029368308139,-1.6139603627006,-0.495114681086053,2.82730965365593
-1.46157706258268,-2.0619660143139,0.936193482970308,0.706686154103334,-1.2183106956301,0.854905516259389,-0.315930025401352,-0.371126564552407,0.173524865834005
-0.461051777835035,0.14311855053182,0.00488813015551231,0.735661919016876,-1.28524117920135,0.036603815680635,0.015726160630554,0.934085070755783,-2.99641134701354
0.3046373372571,0.103462841317633,-0.870323129352496,0.834384519504007,0.817538142224501,-0.391779917289658,-1.07974598023718,-0.161050754524864,0.910899660289029
0.0202874199387115,0.307517413269019,-0.153357098629345,-1.73259211522319,0.503439848580541,-1.60964466740869,-2.49095344963197,1.46810694611765,-0.144924950103367
-0.759646486292502,0.529159549762414,-1.14717299479394,-0.84882132510776,-1.35716967488528,-1.31511192498979,1.30981791731258,1.15433849579302,-2.01417828581036
-0.0498193692317695,0.0113636662553988,0.724595722830483,-0.573988771943572,-0.0823738891592311,-0.476660672634854,-0.462484475233763,0.159371201972661,-1.77570034649888
1.51678338082743,0.314089262183232,1.0206260026856,-0.641977346406458,-1.05861066426767,-0.0771649252564681,-1.33206482024681,1.17249609188902,0.677205588704704
-0.686122143022648,1.13964377251656,-1.98475920908538,-0.0418029422160886,-0.998767686727786,-0.105255063858602,0.211249428816455,2.71057567154003,-2.95871965335681
-0.162179803957075,1.2209455612389,-1.8363778657793,1.02782015710691,1.14827156078288,-1.83931664545349,0.859232353519379,-1.56863967809246,-0.684528133914273
0.618837289226563,0.394505777076358,-0.511474041740296,1.10038682647426,1.91907584561766,1.39064164189847,-0.109886139308746,-2.23754839429367,1.66337244402408
-0.366759321517422,-0.210454365694308,-0.440234961817896,1.140330282494,0.0489002299973002,0.465380302078484,0.0291301670223865,-0.123892218011798,-0.0367252140675975
0.677857495673748,0.526219788958066,-0.183350724796207,-1.23499226339005,-0.732807084566792,-1.77563518238836,-0.392987320307494,3.19649786195147,-1.63629128300008
-1.03496805370521,-0.904455824713859,1.46983897922853,0.352791519017338,-0.931973234547199,1.8290485872446,0.189677707029114,-2.28563722255244,2.68265634348521
-1.75802199138071,0.500906081749898,-0.789864755130173,-0.647558565867857,-0.363099548488608,-0.846673276393727,-1.76597134276048,1.79734023515464,0.708505982849838
-0.75364816997979,-0.693486605106714,0.540378931373438,-0.223379055371512,-0.0783471349187022,-0.020439070436485,-1.46735347670664,1.35668195053593,0.0561870783042276
-1.43406654259521,-2.15520556872218,1.31534846607601,-0.790784318907081,0.645465630208866,-0.0237111134116508,-1.5138348521566,0.313618101856131,1.36974963996517
-1.09288352097052,0.456428622863971,-0.479759044541278,0.259298854154903,-1.50201153851506,0.391325662211042,0.741705781031134,-0.398626117219234,0.59659488507973
-0.296416427803873,-0.101445807378612,0.243929961764305,-1.01598716035373,2.00960891495294,0.704043351484799,-4.32245107016575,-2.42621960884119,3.7091664075586
-0.00905509092899612,-0.408621278234585,-1.45025765497557,-0.656980039513513,0.20356589118987,-1.5630766821389,1.04832625985155,1.57027719869766,-3.18617789962193
-0.333128776871205,-2.24328930156998,1.13126817356454,0.825467498476153,0.717689185313828,1.51704657031732,0.817983001464016,-1.290243823527,1.38517237461246
0.403208744515955,-1.80672177230627,1.25748539152167,-1.48088661963228,0.410796207590504,-0.273302506769817,-1.13505079354581,-0.255614554875078,0.605927730196022
0.0216999392294939,-2.04433332909873,1.13203812432865,0.0388447876948372,0.84077636094358,0.620286655558051,1.06983072524099,0.396451469796109,-2.31842260761133
-1.20473043908247,-0.791442682191055,0.528462663310299,-0.490435593687358,0.329808086551578,-0.60478315733152,-2.08164295748664,-0.160649801469478,1.34218699698814
-0.703218678123231,0.27051804003224,-0.170625616220902,1.03384655391663,0.0103887133509337,-0.0416884441890722,0.595736631135142,0.933583146467767,-1.19928556237356
0.370929172565172,-0.0183969833547486,-0.693906947226755,-0.34135834866397,-0.692716579765204,-0.289120293745703,0.40255860005634,3.05141102152293,-3.3815213821791
-0.149532170769919,0.234578773378248,-0.552048702333368,1.40497031633308,0.957221898337703,0.780070826366248,1.52950732692363,-1.86485417239545,0.581837672661567
0.228239217072583,0.62886352846139,-1.2032372273007,0.805484797275565,0.370014171081056,0.0159346539109198,0.309118754435546,0.639706621327357,-1.40106207308063
0.736527666435756,0.117800919837535,-0.550012742981097,0.824789548739933,1.09715803999418,-1.15523282443557,-2.08331174409822,1.26831405389294,0.92061977573789
1.12971184035828,-1.2952222532479,1.19171135878968,-0.0989398109388985,0.912804988628512,-0.405274227388474,-0.796105304591589,-0.037311617422862,1.55538511064895
0.90876702092122,0.898392682865727,-0.907994742957548,-0.544747835180359,-0.125563355950879,-0.831898628333358,-0.582483436786265,0.249934438579196,-1.12650549389716
-0.662287656862774,-0.500965206833887,0.00438041968694591,-0.620706607222683,0.559085794079925,1.34422779875551,-2.20001882885108,-1.7004587423552,4.74965676831995
0.738286386432776,1.594881665399,-0.203911403697342,0.447885241380369,-0.769853497712302,0.460856057897561,2.15526170254349,0.554154603288939,-2.17591250573221
-0.452902133322972,-0.0318789875447082,-0.431796989277317,0.0942467654944053,-1.39450379407883,-0.260178488401655,0.62115041887564,0.330728128286006,-2.4563397602579
-0.227661825815417,-0.0288793755629783,-0.0021349656473795,-1.20597404027305,-0.297279491334431,-1.00937927566663,0.424348251071018,0.655074535557221,-1.92016728090964
-0.795557371027493,-0.0716613246249034,-0.430992546357966,-2.12601576675385,3.60743045062709,-1.83051512215788,-3.70814518781101,-0.543917526811203,3.09496739700257
0.161730308748999,-1.04651793809571,0.522285595129366,-0.247670512578121,0.712032210366611,-0.154700720984319,-1.01596585558881,-0.677656998734273,0.983550208155701
0.0229749877806213,0.367885410511833,0.428929900278614,-0.257383489057726,-1.54748593854408,0.266988357449944,1.24184344948257,1.99163083979061,-1.41529023414296
0.331524897638464,1.10533537274672,-0.673684058738022,-0.326646744224977,-0.0965601539756652,-0.0432487532149408,0.0975666367412497,-1.2749641398489,0.16321890546521
-0.71957242943519,1.10353187316933,0.937335187172294,-0.574121132667123,-2.9218675571813,-0.19282424617416,1.62374150627737,1.53923409073039,-2.78937632019596
0.954683686402516,0.135117249441123,-0.155386728046144,-0.100378647311401,0.0898001739977212,1.33569274876025,0.611677866907669,-0.524427468673961,0.648804174719287
-1.75337747089413,0.451358328429628,0.619312721744279,-0.264561073374666,-0.757683857944133,0.989860757263631,-0.131416511047362,1.24894778499389,0.139566594941035
0.340306939325313,1.7590243210779,-1.09438387929293,0.591772109362917,0.867214934274576,1.28499427972678,-0.12546829948284,-2.8033518864033,1.89959943819745
-1.32736945420912,0.429328735553758,-0.444632012357537,0.771227917242344,-1.70435696231001,-1.17556727548583,2.21848117430541,-0.0343759948238566,-0.634142209155589
-0.60059782186624,-2.76109605485078,1.82742405703209,-0.700085192374298,2.46048027292939,1.15786347032588,-3.5215257316472,-2.53350032867504,3.81592964574945
0.252324576868893,0.540254653282228,-1.08410832273405,-0.632632156583584,-0.577698766958118,-0.509249564153022,0.0237635762785624,0.367033413692315,-0.618245205004798
1.22268418697547,1.19839747627643,-1.12495520350193,-0.881242384292593,0.342808740899126,-1.24948904094889,0.192450703886407,0.686254051105451,-1.03766479574646
0.230053003783234,-0.394682807851838,-0.804885455796087,1.11423826327165,0.020959537436589,0.00320857705203881,0.617371913581297,-1.99317381148862,1.43712742461603
-0.19531596114337,-0.0327700791877638,-0.654422863773368,0.120856703077682,2.41739126398499,0.164759757379967,0.402397089779347,-1.55321013963722,1.54278115469368
0.499220242789188,-1.56409916370225,0.867072614120315,0.307401090960525,0.163576176975681,0.676827737124499,0.463952340483787,-1.59737425023615,2.47981227348714
0.907381546406249,0.971512945871072,-0.206055289267002,-0.94648171420383,-0.60783515913338,0.0398921660422676,-0.322640581176719,-0.464097260562428,-0.250048109207789
-0.0741094077626294,-0.880982424186333,1.49149448772763,0.298152879856976,-0.889784185154542,0.236121538890437,1.1923735606669,0.405710659088647,-1.93797626986262
-0.183167828987098,0.175300060370781,-0.922624966266396,0.505845236987491,0.415200142497134,-0.628589029208434,0.679516109256237,-0.961650880509978,-0.0554901414374674
0.524474331772652,0.779832323113898,0.181917566297381,1.13430048120748,-0.91521024746134,0.201296623363041,0.496616484373236,0.814811820004164,-0.521194513587655
1.19822110358009,0.221132900331639,-0.950260646741366,-1.0034324021899,-2.29979250763175,-2.54398664747978,1.34604437722832,4.79470335750773,-5.86809704005208
0.0613247188154454,-0.0627930815935819,0.998473437731316,0.0826907780127634,0.837654694092109,-0.413736697529619,-0.437758600774782,-1.92144254834828,0.62282824184359
1.11127021142207,1.12478235761155,-0.314320298080142,0.546614986328013,1.21165003744574,-0.673355658439591,-1.73125027626101,0.275001630825229,0.0683722416334902
-0.237063020882459,2.01077698013538,-1.1957261782022,1.69437449466585,-0.519126069892606,-0.369981478043575,2.44258961478848,-1.39030471819337,-3.26448977912124
0.524851428235416,-0.336863167956216,-0.734021316851874,0.0647729974361833,-1.23847230398778,-0.271024300957215,0.283702050134337,1.37386484970243,-1.52441138033351
-0.328400844601266,0.356333270567487,0.0961725688984039,-0.540515695703738,0.631548157906066,-0.0220084480811931,-1.20123607940133,-0.817772211588186,0.399252756221975
-0.0496429859408767,1.00318028481647,-0.729218671509022,-1.50237529769579,0.209124657093306,-1.47499991402584,-2.97717938879539,0.525350446746448,1.22140540415983
0.412441330760992,-0.830262440124628,0.77103761027453,0.101431491638139,0.763108289097702,1.38932344785182,0.716027822597734,-3.59962084263379,3.63165014176743
0.0302929653810732,0.858680920800254,-0.672603621836954,0.679634503598983,0.519621359814381,0.361402682336703,-0.310932593193053,-0.0401098353886216,0.33930139050066
-0.215760511303637,0.395399297079749,0.247839364364587,-1.49562505914365,1.34390788148118,-1.23692053013898,-1.61761003525234,0.697063414356874,1.22314476607234
-0.34914655679844,1.01743019268242,-0.392439690861458,0.566702508036716,1.46689326567844,0.779914145638328,0.386279896273541,-2.46190360968958,1.9315464403457
-0.378827801253836,0.689894727293582,0.0638863727208316,-0.283465368749343,1.04056563116067,-0.161364509444157,0.0180568307932151,-1.50730891706437,1.91472613552358
-0.812568244053265,0.901642450046011,-2.02515243348297,0.596875203833913,-0.581811103669688,-1.08366778738475,1.69937954323878,-0.571511995669566,-1.87429809752067
0.297565636053034,-0.133151516188942,0.113869270737377,0.223496286609811,0.888589923590174,0.255214903842847,-0.986782025684319,0.271627051137776,1.07983518068463
-0.271001021248713,-0.485327641567288,-0.843833176170818,-1.34438501141182,1.0298705228781,0.0450636627612244,-2.76669937161168,-0.396361525827952,1.94871289444319
-0.284914891474743,0.660622534095139,-0.699464701371561,0.603469988956049,0.91066777522592,0.607405984062926,-1.00119397200247,-0.28406847527434,1.84326837867407
-0.427376761297823,0.168283736637773,-0.157026239231722,-0.49868928209475,-0.839498848422694,0.191029438752486,-1.3518221395489,0.556509646979434,0.641648786819412
0.0107711669460256,-1.71904231580971,2.08666461357356,-0.825630963480084,1.35787173643167,0.444145326315735,-1.70164168602389,-0.391057793310247,0.901649378135864
0.952611579763005,0.0908852400343304,0.463604753098088,0.874935819217501,-0.626177879896798,0.616624752227646,0.38763978101853,-1.49320527056849,-1.26658332181127
0.230715984931925,-1.17599008677186,0.424419757966997,-0.678835373944285,3.78810548316696,0.498008170950549,-5.33738431067752,-2.3172912719631,8.04096341558439
-0.375310914859477,0.783005411260049,-0.230358323091637,-0.926832240431869,-0.944953401584417,-0.708999771098692,-1.32591952205482,1.5829242449142,-0.710841326816227
0.426396415450913,-0.00969075237755337,-0.548879256647997,-1.40365285951577,3.31474553448492,-1.01028234363428,-5.32002521259673,-0.588026043417509,4.46698236350168
-0.0675642304132218,-1.39860517828095,1.12930812040225,0.233321564597174,-1.73231415265145,0.223818389765436,1.48407706340957,1.07908580074307,-2.25598811272972
-1.08645132280539,0.2513374882549,0.345278900590599,0.0062581767839473,-0.552404871351121,0.989390491676261,1.87918484798902,0.564495041666109,-0.803372669752565
0.173257412067794,1.20065187890912,-2.43082503376442,0.8812490007839,-0.46430202369475,-1.79884445272139,0.228314448888983,1.57590942679021,-3.63981713205538
0.0697746176060924,1.46123743758568,-1.36899648738734,0.469541241398865,0.0815688733285664,0.285111192243258,0.0806502246617792,-0.0971921167733587,0.0738431604913387
0.247056975240269,0.208605143723265,0.866104096313869,2.70531475343211,0.0535038304129491,0.83949109622805,2.15278922902674,-2.30091695239206,-2.0247744706005
-0.600587955440112,-1.46093513118326,0.180291015357126,-0.0855840644107088,-1.20830009174727,0.400769519390933,1.40342416830225,0.634498020794959,0.00842328313139175
0.959781950654292,0.0232235019253327,0.704763913397713,0.229472192159327,0.997452333962801,0.839035599265474,-2.11577763638341,-0.172241980472375,1.52133868004767
0.699048790167119,0.19787251102288,0.430366634774282,0.881240770917725,0.0360931577758689,-0.249803700929495,1.31093998264245,1.22698156797909,-2.68140147128305
0.395297926003464,-0.181602244550902,0.270705633282451,0.351082639624674,-0.381734513346366,0.407232476030438,0.620695448155743,1.29157372729964,-0.705525331383238
-1.18983075823979,-0.992117322625751,1.09858842805422,-0.447693135404327,0.159647144252144,0.170781244120933,-2.56568789310794,-0.576420013861925,2.98181878563717
-0.363012108720956,-0.241854858335523,-0.210372020471784,-0.0564610753329177,1.47087406743475,-0.000268921842067208,-1.16790203439744,-0.997409775678887,1.08495486834447
-0.656369976776507,0.25838552417874,0.197221073002862,-0.281093336019815,-1.89105320033462,0.415305272505452,1.63804430848433,1.30166393137464,-2.06810796336113
0.428438858930798,-1.22059301151865,-0.0304939843210918,1.52667586447085,-1.38355744535631,0.402351227331955,1.2130984379891,0.112559159623251,-2.60738732739372
0.319655448026067,1.06099309181323,-0.523606212953651,-0.691744355002999,1.78276615507078,-0.885184031516404,-0.570650439010164,0.489553278299832,-0.339630562876325
0.43445932499959,1.3602218016818,-1.5436494898594,0.749845722220545,0.617272278713683,-1.15314498594307,-1.09970598798221,0.0843938388528367,-0.418990280631961
0.356779382315819,-0.294458056462529,-0.400282378307838,-0.0822247235041006,-1.0554665109488,-0.154196800028882,1.61518658455816,0.991960897970201,-1.87073572694322
0.889204971466755,1.99719760794189,-0.768566023549119,0.134407898094307,-0.862394496777361,-1.65589791510072,0.509149639847487,1.40836076143649,-3.47609818842731
-0.365732564018235,-3.12631550238486,2.38049614008338,1.27271752265546,0.277592741313971,2.48645993800895,0.358056528095688,-1.97681726744779,0.902378669041023
0.568638344836047,-1.11796117381258,0.337426462821497,0.125136955387782,0.885314579922948,-0.136516178877883,-0.515665331234813,-0.136374806977558,1.31786176414335
-0.144324484710047,0.0882554175352556,0.195994775254581,0.222741163239871,-0.143974917931915,-0.2131511073241,-0.439121891004809,1.04913544472712,0.397061644176148
0.860791754094852,-0.531784000656407,1.47336517242403,0.473904215968085,1.86412510785861,2.22349833286949,-1.11216318411767,-3.47478612169845,4.4013375951666
0.670410576244683,-0.925964148375784,0.223150931751724,-1.0678461553957,1.35108334588275,-1.30932122509172,-1.85140954734606,-0.457938210400254,0.67677971789813
-0.867999370642606,0.322354010032421,-1.02760082616732,-0.806756283596165,-2.46852482911329,-0.88049717526657,0.952041296810177,1.27344717061396,-2.92887981513715
0.481581399676583,-0.203894662986997,0.284780635896204,-0.202397248822661,0.245045720520532,0.364079100442191,-1.58304845319785,-0.809542928450296,1.97171517790218
-0.369054362615008,0.845291440805353,-1.16883630392801,0.618017718496803,-0.831172022613858,0.0712000006381065,0.778934297129667,-0.085176004595514,-0.591401328307792
0.405380179482483,-0.919113078361762,-0.84614373373717,1.00978620816382,-0.281816159890681,-0.618931397434948,1.0073824928707,-0.292333607456886,-0.585284042393356
0.414814300147143,-0.28397018712208,0.230196585488051,0.351440232908103,-1.49821679473688,-0.759525098324219,-0.00314572097896061,2.01562359002126,-1.2200056828452
0.697568278294013,-0.324746498555501,1.50944843767159,-0.282825463912245,-1.61578570852215,0.21276594305135,1.81105953092356,0.0603903412696658,-0.470187853067403
-0.674435685078647,-1.15833903814605,1.43980777796021,-1.51185896091132,-0.276098968349542,-0.120682350581378,-1.23516983855432,0.0487617948719013,1.75979261416719
-0.435612700534687,-0.159436609547084,0.340815419827453,2.04564754665499,-0.161029723126369,0.943483828437104,3.34739225704938,0.00342743593260121,-1.32308916553526
0.531591928912003,1.31868768524532,-1.09028995217607,-0.391023455103903,1.2322241241256,-1.71724997674604,-2.74845839680547,1.56464039017604,-2.83893437918612
-0.140122237514811,0.167554733338899,-1.47142404806718,2.1227685816242,1.04008370575939,0.424960438193084,-1.23647144616597,-1.04305809874615,2.01436832087815
-0.500467736354084,-2.76161023211749,3.22191861269854,0.987093946777207,-0.957703541780475,1.67251493199036,0.104834660415681,-1.19433136058952,0.185951759238918
0.843159297854213,-0.0766028216858976,-2.02442803577923,2.47408003533694,1.02487998407519,-0.0510386811952074,1.02338276532657,-0.156191297670633,1.33639859761696
-1.34006194817293,2.19705891735959,-2.11932818344102,-0.378100043078121,-1.23822338339344,-2.27412985384603,0.0529371540598746,2.56740235168092,-4.21486571568781
0.304774589643292,0.393585830917141,-1.57149997493405,-1.13466557459249,-0.424897306717087,-1.6633090508382,-1.25934380511857,3.84488280527803,-2.91785582757233
-0.806352201057052,-0.498492760914754,-0.141776311535259,0.171539777131066,-0.316685591863573,0.771054939544573,0.438374999361309,-1.6469304545886,1.36651191981932
0.372767808642092,-0.88548931620825,0.157309936673193,-1.4231874907691,1.8426103644341,-1.26749415198626,-3.2951326372492,0.21740507272816,3.10001261778042
0.220064811102227,1.11300969166808,-0.871781779844537,0.501964166080599,-1.03473429465621,0.265941708361706,1.02451212643263,1.35615391463431,0.181329157686403
0.67531886006824,-0.592534846187466,0.1856092552359,0.678941856925776,0.394173157558009,1.13872575485613,1.12915520162882,-0.416381166219072,-0.202300514848115
-0.379762049589716,0.125912666964259,-0.818623615509239,-1.69989411472558,-2.61023575603547,-1.57152681617674,-1.95878670038599,1.99618940907244,0.293625979247092
-0.0262741316511716,0.951567172929535,-1.59618359556465,-0.114869908841453,-0.43076486502685,-1.0126353988109,-0.0272666830026663,2.08941038636735,-3.07466272171259
0.92816167496168,0.344162625001378,-1.0443823979845,-0.971249553006643,1.01083336624887,-1.36029868272937,-2.81715606092931,1.25131399010244,0.124068092296171
-0.128527909614167,-1.06236403778884,0.762181008813903,-0.27909337279501,-1.67921086618341,0.138621698708205,0.0395734631269596,0.630905320857319,-1.41518120873026
0.490766143028995,0.268565131477625,0.503466523729563,-0.69899783591045,0.629839647309724,0.780391427090223,-1.21621489285565,-1.70337677377059,2.58899141505287
-0.239307205965384,-0.414445652828771,0.730351088821624,1.79283780770807,2.81694898106036,1.56103105201601,-1.99213842514952,-4.49685549645712,3.76419981826777
-0.813796098135736,0.820425088545137,-0.193164916207828,0.381784143251414,-0.203096254129067,1.01173529578175,1.03496223355024,-0.723787902011214,1.23479609027332
0.246364008069321,-0.555436117852065,0.0762262813201854,0.120981884610564,1.00686695750478,0.0336884708600694,2.06716938325926,-1.61411834715447,-0.516264514427938
-0.255647281877846,-0.122761953966311,-0.106394896808126,-2.65272203919159,0.145360979257276,-0.525193447547647,-1.53047517049893,1.07437389339028,0.0219278925406203
-0.352018102391483,-0.0146052462289077,0.441104904275895,0.184976538658769,1.45068557776115,0.0245094790042648,-1.30434932282268,-0.431765066238892,0.535740272077056
0.64498543409336,-1.62710585112259,1.25575990216237,-1.4092706553957,-0.0590122844363936,0.104581554788013,-0.760347430356695,1.32326382925212,1.64440406521253
-0.85107883244391,1.43518760370882,0.17072569077002,0.184678540731005,0.679154364963531,0.0838639183947767,0.542143981524988,-0.63375442420826,0.87923039417621
-0.762215814349493,-0.617748898087039,-1.41546996271507,1.54477674099278,-0.916256089479831,-0.0743092452495985,0.700153892162435,-0.816302875490561,-0.149401555793281
-1.15977218779294,-1.0302758776975,1.66546084736681,-0.570171741123895,-1.40811006964174,0.505551378476181,1.93471874526176,0.891510106514612,-2.80390494737725
0.487035813070531,1.45691579371694,-1.18708306998596,-0.890938662133241,-0.736721598606681,-1.83109213546404,0.243244643258863,1.75601772723472,-2.8094862022216
-0.228959041095998,-0.211055620189992,0.399991113313975,0.247769987513134,1.49524389552425,0.854327191123752,-1.61082308465902,-2.29813446250832,1.73393619778616
-0.443095746412771,-1.54025178186744,0.323915639775525,1.68359912476414,0.256484601686109,0.83786377187944,2.9471164548869,-0.883853580670609,0.163979569518219
0.381130363423878,0.651143505096033,-0.889649686641851,-0.98336088981302,-0.607166626266045,-1.76538411219992,-2.01214798244234,3.39261604257503,-2.17341714041126
0.468992051929282,0.118118475603241,-0.12779479163369,0.934526326469227,2.21924110516133,-0.268232834237156,-2.57985284729041,-2.02045509165298,3.63297057519043
-0.058594285652153,-0.82960091669412,0.436239800474916,0.279536577079045,1.2828519101788,1.51754700460318,-0.373159893425929,-2.53760899008714,3.78375436330216
-0.357573999747404,-0.784119769042114,-0.163317037765414,0.694517252089983,-0.111825312337316,0.828976568952536,0.270009474518575,-1.38869277229204,1.77368030151867
0.830493782966405,1.2258002578323,-0.0585698903515337,1.04869243806015,1.14363531155971,1.24937876638369,-1.48836440688448,-2.80435691366714,4.63621745817544
0.626358393633937,0.345720413105365,1.18792579183169,-0.0228908706733898,1.6846543343901,-0.159381829667978,-1.13371827115306,-2.02628835663945,1.60126991208911
0.961733182611052,-0.308162727951583,-0.718268942429581,-1.63259220881444,-0.99048826833304,-0.715749225127311,-0.847101949490526,2.4234490363731,0.070943867913604
-0.254425061413433,-1.19857675007986,1.21100768871101,-0.26796632701088,-2.55330696357663,0.298548227288678,0.429021127349254,2.1971877151578,-3.3128676332939
-0.156385169900698,-0.565808954299026,-0.160325079713945,1.1022927393324,-0.409664954094293,-0.121599649289572,0.0231825320200014,0.915024291882485,-1.2486810012701
-0.0835352638795501,-1.63246556752155,0.266379272777458,-0.643790864059074,1.56847929311441,0.53589757170068,-2.23665734335754,-2.54078301064979,5.16312233524526
0.125020619163861,-0.0587961249128286,0.287540401525751,0.75479027397733,-0.341973013248293,0.897032684151312,1.30128946518383,-0.134021866151568,0.0952507777309874
-0.655656414689736,0.840017109477701,-0.693689337071456,0.109236357289963,-1.07914267143939,-0.674502016423027,3.55046625677505,0.126286100373446,-3.79266414799348
-0.670451564832818,-0.838693104794384,-0.77670640535246,-0.833810421894633,-0.144741102960535,-1.36754266752429,-0.614430212984615,1.63997634588676,-0.788533946794734
-0.778533850158713,-0.457500234312957,0.0255897503143464,1.40912477395104,0.94085316445057,1.19851382113161,-0.824041714704406,-1.2401852344318,1.36099113026571
-1.27168936685207,1.68868416817968,-1.5078933320896,-0.0329103600373953,-0.816436229350289,0.384988175062433,2.0227903973987,1.58043416757895,-1.60047229139725
-0.69520126195662,0.801224132344882,0.144229069219988,0.306709264697387,-0.144691165982438,0.318137522677763,1.1553558985809,0.243856608332555,0.913327406228065
-0.945231198474247,0.636740531190856,-0.104129396789026,2.23329807971091,-0.00791491954243423,0.701584798676878,2.88475845165284,-0.226010882193746,-2.69997365056757
-0.765728714643536,-0.0388732908187119,-0.492618604778546,1.90103619205844,0.285192996129794,1.13143318566002,1.95682491923026,-0.833386575210615,-0.0362959800084923
-1.65663665295856,-0.653850827512729,0.615941434865426,-0.595118131928205,-0.534368910445595,0.0579820470628049,-0.200847642458558,1.3510757527115,-0.587873876944623
-0.372129620806822,0.124824650201239,0.123273450765257,-0.868850818754576,-1.9305032284664,-0.386384802523199,0.155219822645307,-0.206155503916564,1.3024899717903
0.33170100691355,0.41017823010283,-0.188844785344053,-1.68340081070667,0.492284402414589,-0.559978446039933,-2.73415939540488,-1.04751055677951,2.82533148345234
-0.0990245545671201,-1.14938770030855,1.62490170937273,0.765030336539342,0.807949513307109,1.6007523751547,0.474552836966731,-1.55315866598984,0.228731168782624
0.149935116100297,-0.967273158062748,1.70431346532118,1.05259941484079,-3.2555701578749,1.19226625355306,4.42531224315842,1.96733362227179,-3.63547100401431
0.156069481158115,-0.851584939061726,0.120134011659417,2.00307237361492,0.290613364436015,1.30907961783785,1.6674131794071,-0.486565570730102,-0.117537090602069
0.186925807415734,0.460550246026711,-0.208878990203832,0.967029467783828,-1.10512308291268,1.09130775426371,1.38720648544771,-1.26882608835092,-1.30299681461405
-0.417417584076631,0.967455654080713,0.0218334957447146,-0.663721259173085,0.840934468575371,-0.422008165200379,-0.643923097263734,-0.707350745755967,2.46312505608256
0.359326022732248,2.29775331005043,-1.26650399049243,-1.47583182488946,0.921068701581376,-1.99515978671944,-1.37903183740877,0.761981447113327,-0.386420960773605
-1.11058911151884,-1.48962098349887,0.547756266905106,-0.0161349493734306,-0.132337190174575,1.40431999444842,0.560694640660581,-0.825605137809362,0.0392747243802515
-0.127303056786433,-0.0168221104355436,-0.283755374686138,-1.80018155757976,1.62208052695067,-2.39814361117702,-3.75131571580018,1.57217937100372,-0.208009840362172
1.32417204155719,-0.0210899207129723,-0.835740793785428,-0.179707620088254,-0.000517666232808087,-1.34606211170882,0.0654587898907506,0.82781174272971,-2.19858749663623
1.76522454158571,0.948903955363698,-0.00538319128658412,-2.25477852362474,-0.777351240668629,-1.35075819747523,-0.0460542251773933,3.5308832510637,-2.10269332057753
0.179041235717479,-0.295273477010573,0.782126124497447,0.366080798078459,0.465756480309453,1.76709786018027,-0.203068680640036,-2.75245770161168,3.4399252609937
-1.04062602102994,0.918326450235456,0.194259927899749,1.59104524057052,0.179298942581551,0.644075553564276,0.802157154748512,-1.88483885701352,2.25996198498972
-0.92228298791559,0.0372670726507015,0.626057985076472,0.20463591248796,-0.0234533911041227,2.68665531174514,0.862870798813915,-2.28748710678822,1.42745838341217
-1.8390097384554,1.94724131635997,-0.348350783299168,0.941777309250303,-1.51030142558044,-0.119173979039057,2.89798336303288,1.26196676563117,-3.92857263277536
0.0006409808915588,2.52300209069999,-1.63254183036436,0.216970363787038,-0.335572520171041,-1.07555481463731,1.44120612949363,2.41494386976354,-2.20043733165267
0.0796640346338754,0.588314779014239,-0.669583937007672,0.966769560635241,-0.981082622858034,0.443768789424553,1.62125033677396,-0.793751737445183,0.118769211568011
-1.27998119766181,-0.635741332944179,0.0250011410538061,-0.797328088815744,-0.528145116241023,-0.561452338270191,-0.223315797796161,0.897942082653446,-0.898452538363571
-0.184228012155833,0.151223745510485,0.413141572518512,0.309358564569086,-0.739021901783808,0.0860396146107219,0.640812976578708,-1.25825015321161,0.137143237956332
-0.190060269966289,0.448090356936485,-1.35771977539185,-0.0374863214116807,0.30838604527357,-1.36527157926056,-0.929987580556469,-0.516619335830787,-0.0125360267318027
-0.376817242552048,0.705745317773843,-1.57365572887779,0.878538658692312,-0.153833432250476,-1.23105357245381,0.119293622586064,1.45095824860967,-0.430584484244512
0.326596709698697,0.108462743444843,-0.64130934535773,-0.226470330802882,-1.28536872747813,-1.30087848267273,2.86011227337781,-0.090078659924289,-3.71753030462424
-1.2962229825594,0.543655213042734,-0.369053162815194,-0.0988177985487839,2.35247382043218,-0.32538907844147,-1.10866594389177,-1.91871974610598,0.530519897128081
0.0283727075367681,0.181135439954447,0.17929477216053,-0.209050963625586,1.53196903151101,0.16401490004848,-1.48307544465538,-1.82187051849667,3.64139426284018
-0.544812727800792,0.574870855514988,0.556900088878635,-1.13711906954894,-1.04226786124652,0.380240331786248,0.0545236912919573,-0.73313126419262,-0.0448306419177146
0.0225636133050327,-1.0180040599723,0.137627847978467,0.809921620258385,-0.684220584301354,0.784218681891316,1.61437353631828,-0.514084813712901,-0.481004630915977
0.762043103394236,0.310540601583061,0.0545655740703477,-1.01190871798159,-0.172425748456023,-0.623240547566038,-0.812513479180998,-0.343040291573532,0.113443402665802
0.793481718360306,-0.754358850648429,0.24554229355513,-1.79936641143393,0.581229337220463,-0.376139851292812,-1.86518027068781,1.26570717055535,1.80972167322763
-0.102868795204117,-0.413433897030917,-0.610098816062822,1.00616562986889,2.3602467975909,-0.440679784239563,-0.416410876414372,-0.694153587547807,1.96162365839954
0.0390232585661012,1.4305668419583,-2.26326541218838,0.452177343424668,1.60705375173044,-0.752749957057218,0.267481693134888,0.0887879496261427,0.771746293792583
0.104965305863438,0.104091303809031,0.885686554157523,-0.526254315748814,-0.967674488174469,-0.734875089883388,1.11866493979023,1.71290705454053,-3.86798154908782
-0.183849546080458,0.414529630733064,-0.625171482410438,-1.26696324070084,-1.22993959411735,-1.07989150958326,-0.371234230720037,2.16739696972053,-1.48442468902629
-0.496925126655756,0.380867764968988,0.105261221553219,1.00407876919635,-0.49007443571296,0.492244044286082,2.34627364661551,-0.917324444746475,-2.522430979685
0.521889563554613,0.277279905690008,0.0472830940589796,-0.786366888525717,-1.04785698149718,-0.844499771058712,-0.645225035090759,1.94916289805087,0.452078076562832
-0.0588083564154338,0.840772346515059,-0.734265209459644,-1.33335185100113,1.67686926382741,-0.84028982854907,-2.12146513129464,1.73462111285655,0.059767581949285
1.14489984998252,0.33718789741512,0.330995613330951,0.00968138692069073,-0.73585867493699,0.697393698780936,0.352947696750225,0.427446792650214,-0.552725574156083
1.29400147226652,1.64956282402189,-1.31344084935527,-0.640771031937634,-0.440230315888632,-0.189866688344323,-0.515810178778865,0.796945119042969,0.809404236183326
1.15217887256179,0.75780840458121,-0.832303116845607,-0.0415807728876774,-0.760849033146585,-0.7293805335675,0.205357936208455,0.158133100806976,0.730935096400191
-0.815909307871115,-0.702128097766467,2.51395420209115,-0.823360455384349,0.632615109975644,1.97502677668597,-0.915070750133662,-1.63556062666736,3.09270209126154
-0.0226988948040427,0.971740369067307,-1.09734874188161,0.0289800504725478,0.248552926939524,-0.411091359145075,-0.199880124202998,-0.735755119129493,-0.229651343404449
-0.453445044693717,1.42238831830484,-0.378460233408535,-0.0445207749903717,0.580456309819559,-0.683125191573063,0.339621793980332,-0.00159917288343968,-1.55336279834988
0.289325208838936,1.2443681093986,-0.782510244223943,1.24360485785106,-1.01941297096964,0.14627679067716,1.78893741744468,0.267646438822775,0.973749995263218
0.668223402599225,-0.976241466977563,0.0332376847969393,1.25245825604637,-0.679655558188535,0.341748825725507,4.61081047688012,0.272307799026432,-3.00889884488525
0.244102990693633,0.838904994618774,0.992945345178429,0.329044970344603,0.300357936889094,0.511389851082011,-0.537083767561041,-1.70325780049299,0.544777905527032
-0.781154895559949,-0.117408865783202,-1.26275830343098,-0.147262936046768,0.971338259827934,0.145795987465663,-0.211366764282556,-2.12313182440632,1.53408588120613
-0.333455876811427,1.57704267798081,-0.786802514717443,-0.957800285855122,0.553397579056741,-0.868242434430692,-2.3594252434093,2.00517882435436,0.393463227326965
-0.399368879433439,-1.2571174446749,1.68473875300428,-2.51447527778595,0.308412767710898,-1.26973878331771,-0.831260174192681,1.38461152758959,-2.25411659764991
-0.145254880770884,0.660222569476768,-0.493624884212063,-0.0324342430134663,1.01281352898378,-1.35264343973564,-1.11164847704261,-0.377815106911521,0.24280821523497
-0.645125209286348,1.00405739287484,-1.1928191222721,0.982821102433784,0.24171811244156,0.180100495848675,-1.7155921754557,-0.353980843387127,0.971902725345465
0.0671852540236442,-0.102011325225014,2.44932038616083,-1.43087203912936,0.46409721140266,1.95116531408584,-1.74597935855642,-2.91693542421303,3.42644467919339
-0.882596364377598,1.80999871770838,0.225310950802898,0.449431245977744,-0.286208568142514,0.316010411434386,-0.979385719329561,0.482226619881152,-0.353565795004924
-0.711102632743299,-0.557840984801801,0.940767291656118,-0.812725096964257,0.719327942880745,-0.00184707736540905,-0.379302159257288,-1.85117484265623,2.20563587355506
0.943429693730892,-0.0144498515374679,0.82301437855463,-0.255937099006302,1.0643930047059,0.470200053315718,-1.68206441578452,0.0184929687678124,0.660953924404169
0.224616078594871,0.689334992698266,-0.914638904629666,-0.359173919664054,-0.769551537586201,-1.13677488939121,1.3230957512079,1.66871870252731,-2.39907773216805
-0.621074481387002,-0.945821599311684,1.11254114348972,1.40919746091211,0.784498636087982,1.05130229263237,-0.642801232399395,-1.75418265398131,3.38940742753862
-0.293536282132857,0.681273256796143,-0.223441606330596,0.778121518923245,-3.13356806845967,-0.610056828066264,1.49394786655951,3.02670558048666,-2.96730753656232
-0.370141373440224,1.11326561294679,-1.71440630436907,-0.0585762146756813,-0.315345266827816,-0.947622312423785,-0.902469102278947,1.74381947179487,-1.27265360888782
0.744951544804184,1.1439637332321,-0.0137039347972275,-1.51258454966351,-1.18949668951145,0.0292730223208576,-0.820575990138285,-0.84272710140949,2.02433969606576
0.336169298756519,0.515897986557881,-0.359529356287293,1.13643944333161,-0.594684044841346,0.108632461741793,0.677481684653767,0.52426342431019,-1.76204106569063
0.936905695904042,-0.315125840054007,0.554832118542905,-0.508526553096118,0.702259360354066,1.31904742270942,-1.56336923068435,-2.10341144521561,4.43392527945625
-0.698894014133825,-1.85642331806229,1.32755587200725,0.0790868850719737,-0.783371121098285,1.40468261646086,0.640200280004858,-1.33405787059457,2.04885545291608
0.126678294565448,0.475564402887336,-0.600040034587039,-1.43626220489268,2.10160582711421,-1.43284964786816,-3.52047920414005,2.16006971481114,1.1803708628494
0.437040391635534,0.332071101084111,0.376221527564999,-0.775024015235519,2.12761254193905,-1.51144502181662,-0.373339251528283,0.684938759218829,0.110335549095981
-0.762114529472809,1.05408292691292,-0.11567381515129,1.08053147570226,-1.15738511483467,1.00382733399745,0.264390350930042,-0.375498446485914,-0.445943290744242
0.13345482126391,0.792477954988798,-1.52645620158731,0.912859955854441,-0.453250763062001,-0.888485094242535,0.611963718966113,-0.89586488777493,-0.433602709076474
0.568900358005205,-0.503031958096839,1.13116543220687,0.118212185609194,0.715351480663677,0.806174402498462,-0.534781433350973,-1.14609170156372,4.25519386603486
-0.0739079091593532,-0.411239435794631,0.452313266044088,3.00012820520601,-0.665930013916388,1.91682134533141,2.56796759842552,0.70406539379166,-1.77737062469977
0.892117317974344,0.658663675807925,-1.59758351778878,0.160184912313238,-0.714448031973984,0.123566707830597,0.854397446393056,-0.624652769170699,-0.146106307220582
0.110213333405822,-0.750145292218223,0.278370870414818,0.130948735413771,-1.59911090287869,0.139019275006672,0.955186795807991,0.944616200612971,-2.51552363864407
0.373268360667724,-1.24854186626518,-0.298430959523193,-0.128333658277755,1.02229116524539,0.0914394951531387,-1.19106174279578,-0.299497350325635,-0.822381423698968
-0.415673805065461,0.973518456869625,-1.21598957404704,2.5541996901615,-0.961675131366647,1.72297164385114,4.04263401791861,-2.03642675447415,2.5484264229438
0.328436211929792,-0.229832088614043,-0.470716526493108,-0.716930205957547,-2.13321563277347,-0.00278370685513747,0.796224032046051,1.42790213030103,-2.63826558151597
0.078366384313464,-1.44356704587969,0.656371834865287,-0.158830499612827,0.413836184435893,-0.662096992099552,-0.951365484203036,-0.432628530276156,1.44193763913081
-1.05678092465119,0.0695177874189898,0.122222809195514,-0.80321112832985,0.027262766212628,-0.981584610610809,-0.609314980621736,1.14776852028307,0.00234750242719798
-1.66399958562785,-0.737133391460152,0.396343837435933,1.11998373817999,1.45652491376096,1.96165143500983,-1.17270345558667,-3.62447390888185,4.35587934418715
1.07506560011968,0.786311053917074,-0.320764315285297,0.154436795237224,0.545828062481733,0.480423608541021,-0.363998170940597,-1.56890683205013,4.04941543680774
-0.0826076181628248,0.645283499434726,0.750578839452538,-1.56956508092074,1.58187609775995,0.455287079094502,-3.65168627963608,-0.711352144951963,3.51789382175987
1.38785691448068,-1.21629840735906,0.731210753611069,0.186294513544264,0.109435187630819,1.02793467719818,-0.207576633320611,0.180567927951917,-0.428782452602391
-0.449585769155524,0.31062954814886,-0.105588072389155,0.420379055512908,-0.417575466815567,0.410046324288117,-0.0137113199011571,-1.9041500092503,2.29677457765083
0.479220570034799,-1.41333244646973,-0.526621858557165,0.345523563477417,1.96902690968297,-0.552391372379924,-0.972397666595172,-2.04848171536947,1.22904007462194
0.212939299693125,-0.778157185358089,-0.217279096556417,0.990933004855554,-0.686918667968437,-0.326047665649781,-1.17766463720799,0.654787010970773,-0.391138551732239
-1.0604139873688,0.27320463570044,0.0632240062183541,-0.385681669398009,-0.841254294096956,0.642966390625539,-0.31083787346697,-0.456507428057269,0.593520942562315
1.28902690777928,2.15270920064643,-1.55986981841406,1.65541536601209,1.74906617206205,-1.18121322563999,-1.80654509269887,-0.594750725849362,1.56147685539682
0.181365870363632,-1.29511723991014,-0.00523216503777175,0.456749848343216,0.388115537031974,0.611047555747303,0.0926887586139925,-2.4618020225772,1.53965712696521
0.105715973866463,0.855691152629059,0.648444133877075,-0.724813643175725,-1.19198933305245,-0.303749015128674,-0.870918737476987,3.88729479118173,-0.784687487429688
0.440710481771839,-0.963559260207347,0.777085234939628,1.24569585919493,-0.442206721769126,1.69489734913939,-0.942982570339124,-1.82568601378321,3.38794285106304
0.127602156337479,-0.0931697719254809,0.209559448471958,-0.0496817570175187,-1.20476577791364,-0.0545324800957406,2.1341071629443,1.41267409423214,-3.1406759939612
0.579125280478029,0.510164955035869,-0.410513636248327,0.696232517099189,1.36720541898091,-0.495159434122895,-1.17973276896799,-0.647255381751367,0.360658725739003
-0.2428473341252,-1.10371876275665,1.86136002609315,-1.63557317531201,0.876326211133928,0.0478745739347499,-1.81306372075873,-0.93434859305156,0.408146900773504
-0.290015004927295,0.611374898774569,-0.747213211210919,-1.61473040020334,-0.841271295708315,-1.18821447754271,-1.98437737282146,-0.0553562596892605,1.57968358842938
-0.874467289230538,-0.230021821073291,-0.299591656362433,-2.29795079908041,0.963550194108122,-1.40388469252274,-2.44737289079422,0.253178140414427,1.20419476736041
1.80103020505794,0.920087383194429,-0.297360706218954,-0.215714323824771,-1.48828674788304,-1.05120164079859,2.22342969767352,-0.184745869915382,-0.880242577127488
1.07055741450852,-0.749530043393844,0.0834572365891053,-1.30210375329061,-0.363729169356767,-0.177779345104937,-1.9824755395123,0.289608516683138,2.71142508278596
-0.553804919579707,-0.908337556417576,0.399385073782948,-0.870152534062507,-1.38571256546799,0.520377626573955,1.21137098006282,-0.124989514970666,-2.10275821452099
0.448129927859658,-0.217382678476537,0.207514415731208,-2.22629571013171,1.62973749193031,-1.60604496267793,-3.42410724238523,0.702428194169348,2.68359220173143
-0.338890254719554,-0.161141873520584,0.571596564906187,0.752767060057534,1.94492149122013,1.85636459834508,-0.672693571028601,-1.56220865773852,3.44710790775221
0.00257990483389792,0.67168576429937,0.415166219284807,-0.701547461598614,-0.332881838875436,-0.597267809147516,-0.313936503281825,1.48030356433363,-1.33402614249718
0.0951312913824968,-1.54438095364189,1.0842340579913,-0.964177772614221,0.481863261679126,0.86605883995892,-1.91297034521351,-1.41188529913763,5.00191587521151
0.27964622985094,0.247451961778435,0.607397359783432,1.1643844372028,2.35537626935791,1.66251668447897,-1.01225855987203,-2.7856873331985,1.36252716170142
0.365127861709324,-1.87448398320126,0.860002490708233,1.51452619405988,1.26384875783114,0.90476430810907,-0.182990764235592,-1.43230436632936,2.34669872588976
-1.20377318230657,0.101584775242232,0.668044795130068,0.133713407834282,-1.5455100726315,0.671847243406711,2.24245438681585,0.136564545829086,-0.319060949013386
-1.2283905349358,-0.98356418612789,0.247165785541282,-1.5048868532305,2.14263962769441,-1.00744187830503,-1.53023847915932,-0.367983005159285,0.211354810599345
-0.482205928975216,0.983461762823884,-1.01719913528314,0.477878924370629,1.2403481083814,-0.0473038151453457,-1.39597538986556,0.00768587527210489,3.69295652420022
-1.05936106434112,1.4056321134541,-1.0114648137332,2.40789104812119,-0.638785886471893,-1.61903537894197,1.79443704267256,3.13472752997978,-3.48778283566993
1.22366455080556,-0.937820217787068,1.38860530862288,0.169462170445242,1.68631333447539,0.807410447279026,-1.36355411675621,-2.82061942270243,3.36059819889018
-1.06840086731608,0.545039604293717,-0.0820044026021343,0.0548725842488321,-0.327900432604115,-0.947350479498408,1.20809724663281,0.967109720768313,-2.30937503587892
0.314919420737352,0.812118113773983,-0.308259121900455,1.99953818817452,-0.817030948839022,0.720044208438905,1.79557914069421,1.03352970055074,-1.13933777860313
0.101792125239504,-0.743555430998,1.07121446605613,-1.81186840281304,0.515918710423131,-0.190081395660593,-2.91735560711843,-1.84834083376677,3.35422451350631
-0.550646568905435,-0.0152770903587482,1.03245819449163,1.19125757436179,1.78648300755592,0.475180836525793,-1.31368666425485,-2.88719904467085,1.86042806541731
-0.167570809042058,-0.0824721706750606,-1.74343196860272,0.267725076556685,-0.141759583557629,-0.130114737437091,2.23686196484908,1.43971761230203,-2.29231088226404
-0.824063221338748,-0.657919901324134,0.438941196284484,0.184699837390068,0.365898729932747,0.803362228421178,0.188278538498174,-0.538548225119126,0.544413765157249
-0.844111634922271,0.600666844418167,-0.421186362283551,0.650675040312556,1.11934404011102,0.898030498175876,-0.917668448880297,-2.91913732614932,2.71935303472482
0.171929330570085,0.0639836072811389,0.675207159773211,0.122798705868435,-0.0205455142685257,0.342974225289405,0.152353303891135,0.00653095770381175,-0.729970920608571
-1.56564820007901,0.880495506065446,0.268099172012163,1.62549754271374,0.0761105540035529,2.10254132593593,0.626197742986484,-1.63361231141406,2.7310748497091
-0.0519081158321254,0.0615163795366296,-0.0567089603629089,0.672004415582639,2.38189334511496,0.951741890997991,-0.985266169046485,-0.962569454745216,2.30798758813242
-0.445973215836794,0.474750065514897,-1.01461997133814,-1.32155778528143,0.921597602232824,-1.4132143710914,-0.610142388641173,0.926243619642266,-1.19150287728279
0.583338548400421,0.269698412340235,0.194339467176326,1.17671180587494,-0.973959593339701,0.8574198428024,1.86785946817485,-0.114939740706495,-2.49009855445156
0.0967848272724667,-0.246142327325042,-1.52452464978188,-1.77274109607546,-2.50127464862239,-2.38537780100789,-0.781573583517005,3.79113929337681,-1.98889694524532
-0.807842582468684,1.29494904325215,-0.67884681539593,0.0925501880454779,-0.554356055637624,0.632576824294325,1.46240966700918,-0.662490657250083,0.29665710164834
-0.314035799032246,0.531663532433643,-0.254165144823713,0.899214554928741,-0.592963153271948,0.0493324658725375,2.39723976293309,-0.10416104123193,-0.439791215292148
-0.92941476561776,-0.685590437503758,0.594940963690052,-1.28849710832615,-1.0823090080371,0.864812076746886,0.804245047646313,2.55650567798178,-2.2838402056964
-1.03144511214097,-0.939896106337444,0.236194272137522,-0.426350196853491,-2.78677943514638,-0.356997696021601,1.88362932391687,1.36918755897075,-1.71479723023659
-0.856333538373273,0.337741154956673,-0.912146738798583,-0.53276865317474,-0.606173782060259,-0.714823704519363,-0.588128087430565,1.31924528429939,-0.340263428628605
-0.942458890186474,0.291674047989268,-0.276019096494308,-1.55615974965057,-0.289920067996116,-0.0664875910739801,-1.4639252425895,0.811824688302525,-1.5220088022452
0.84973463861031,-1.27721205009611,1.59154345783442,-1.02381006897311,-0.052188873019245,0.216899148053352,-1.05433465075009,0.056233835172838,1.55118552395192
-0.394892118448129,-0.0605860866955216,-0.370433681480547,1.61889658635607,-0.749283643097802,2.45174623446867,3.0594092501787,-1.29463171524674,-0.469660510874959
1.7269121721633,-0.607291891582523,0.36341287887065,-0.551397471719033,-0.417020795942079,0.935463760745557,1.6848772073529,-0.695781392788896,-1.20916168533286
1.32766047675866,-0.594679431710608,-0.298464895510949,0.558796634869033,-0.59342968980465,0.463594937239106,1.56809898004332,-0.0819814134808281,-0.816147193681727
1.30337330455004,0.807930204081928,-0.348050563222653,-0.150747559820994,1.84171506952842,-0.435376490113762,-0.987397167004102,0.236647263806825,-0.00745610267864339
-0.704235089652728,-0.526143208769813,0.57342841949699,-1.4227741266725,1.77344934099734,-1.05824044615845,-4.7796772550938,-1.68408881646103,5.72512967512655
-1.53902080835504,0.280803740044481,-0.888918985144623,1.30109856251119,-1.51924807511912,0.236570915271651,4.32436430218891,1.21873586525706,-3.47618106942317
-0.404821618006467,1.73047400730023,-1.66641675021043,-0.256702953913231,-1.04945839765047,-1.81369744078989,-0.0245700192326039,1.90499835617694,-2.44297567342383
-0.83031240334169,1.30272519226247,-0.624869186560917,0.302664173464202,0.42553743098124,0.273965028284498,1.70211904991463,1.1057907863836,-2.54817065130371
-0.581836239459957,1.68665609189189,-1.4086226438545,1.85085337430073,-1.32614192995398,-0.0411218052484354,5.14645413273347,2.0824368566741,-4.46401841522986
-0.261110800494318,-0.318634951085243,0.822255270672877,0.0843970207323039,-0.502926570482639,0.99042314250506,1.34539955697941,-1.13831122735895,-0.590152558208613
0.754636565102948,0.543477891673566,0.86044962042804,0.272519301773583,1.08849409691547,0.49119770344056,-1.24019656587138,-1.37840121756532,2.0786617776219
0.19765817734902,0.773869560860194,0.2471505769844,-0.344550902961178,1.27312518798816,0.904416210976393,-0.19070275763537,-1.52261356829109,2.59013565510738
-1.14115415105466,2.61986924063664,-2.65072613462296,-1.73174031739214,0.256540867242594,-3.30577875860139,-1.64843537126223,3.06002829324086,-2.75529158536521
-0.610425196391163,-1.55665958339172,1.02767938427841,0.30914455255556,-0.514725532348787,-0.11878050258441,-1.26544064125661,-0.151056602272505,1.99864490837294
-1.28605216667435,0.0151592518678342,-0.292208695374427,-0.490605510417007,1.64353020704572,-0.13473795568763,-1.25649419878269,-0.231260503564288,-0.247607684763389
-0.390897403478994,-0.694703171035313,0.396988976322175,-1.68167797631914,-0.556041247260221,-0.567304899056256,-1.77745381899724,-1.57629210223315,2.54592568879159
0.445144670150214,1.20793588147365,-1.82001825011031,1.05614358804666,-0.339787284684879,0.345056142685779,0.653068369077697,1.16498987426194,0.217416057027072
0.159309994116885,0.116780148707784,0.823499324443568,0.519266892159515,0.668476762079677,2.19160502326125,0.0077019212704666,-1.54819522008616,2.7677961117033
0.119265466272349,-1.16899227556171,0.76083287292539,-0.633064273027425,-2.21029008754317,-1.1328733418796,2.37330720035566,1.49771050825142,-4.61092491022152
-0.177402167888614,0.220011701924206,-1.27156449981576,-1.96357169137392,-3.30784171431215,-2.38546359372865,1.12609908767886,5.25638030500941,-4.86582230118412
0.150945699339839,-1.61641057147537,1.08401767032217,-0.0778169494377001,0.890194247810682,1.30237002753038,-0.950801398824843,-0.679805496797452,1.39975517780542
1.19391893661348,-1.14234426132733,0.467578792319554,-0.796227831227916,0.405319841213482,-1.17771865458356,-2.19088902554222,0.880159538442995,2.18109314163982
-0.0269095401125959,1.78773662634762,-1.4187358583939,0.550517339044189,0.612462599033756,-0.626397206605176,2.27806955487532,0.212282915029589,-4.44116337706468
0.521078803982596,-0.582362895942381,-0.655938854794346,1.71936968841114,1.21158586015666,0.8458534885286,1.29392236536438,-2.04094516215543,0.658073743058135
-0.00639887498596571,-0.60179203845036,0.300013404022464,0.255843483105054,1.34992807562291,2.17164572313984,0.549080384938661,-2.72890308548012,2.45673608870336
0.174486643562706,0.474001895423749,0.522508852300572,0.206094128896026,1.30919997104002,0.887851495964475,-2.8113536008945,-1.62726800503418,4.7871017510511
-0.0644663761503342,0.479618973595697,0.483414016822176,0.807050097711185,1.31326833182307,1.08951144996277,-0.737899325008769,-1.44012524554025,1.79378245320062
-0.542764680275178,1.69278117337232,-0.851652427285111,-1.04565468249258,1.50698882434425,-2.48627241912544,-1.86790492418769,1.93277313122709,-0.604786953639472
-0.857320019171692,-0.278001724987776,-0.0342304666634008,0.10165468247064,1.37316244737306,0.686295655156608,-0.592296428887777,-0.866034590335586,1.53993297248671
-0.305352487975522,1.71992912382706,-2.28267709970466,1.39390206599461,-2.33142806343836,0.410982171551246,5.43368910385089,0.00806747964845318,-3.48028832795982
0.835631206447487,-0.999682550594716,-0.562772470505753,0.149046389425037,1.49311317960448,-1.14806918324206,-1.94172840252841,0.466321640364635,2.80304355629739
0.0501415417993325,0.953905273450463,-0.369889860588115,-1.39203232548995,2.39638190278637,-1.19110028979616,-4.54760079612037,0.93541873407607,2.35075050752287
-0.231611459993394,0.513806024909592,-0.854910843875659,-1.64145574352499,-2.12924404264945,-0.939600203883768,0.334545856761141,1.68199274008018,-1.84374172487502
-0.542882164563753,-1.65054447174371,0.896674049117274,0.137700127675469,0.647759004557518,-0.590960958996266,0.311360356833241,-0.35233744957889,-1.07469091186578
0.721638391976397,1.89278580386732,-1.70470072171443,-0.799161532346392,0.707371870218595,-2.36454469915931,0.494885210765931,2.5220978196903,-2.98292664141029
-0.0840067952701063,-0.895205587159449,0.571055806559274,1.49752633293287,2.31831700901583,1.23324483429114,0.226844640247042,-1.94350520985013,-0.515781339261887
1.13121337681699,0.463195535181384,-0.719946007035475,-0.413580064163028,0.880997904809428,-0.709014045307746,-1.89322209359932,1.4447486595351,0.865227330875662
0.14457672997026,-0.797894236477836,0.78807281586303,1.52603431952588,1.09206623955383,1.94462637644969,-0.820526786989499,-2.94510015244878,3.76218973255697
-1.23430341158199,-0.437965874557748,0.575850908903256,-0.407268640178583,0.460731200769075,-0.0178824354133181,-0.402333250730889,-0.322361428567694,-1.41545840660433
-0.760098575996874,-0.59970581536301,-0.0582925657304153,-1.04779106126177,-2.23520230703892,-0.468964612874594,1.66442231578306,3.4382844816025,-5.18226113410631
0.0381548237990275,1.46565461372293,-2.18157068947103,0.00453387418126136,0.656931046728882,-1.39982611186646,0.522347599120829,0.377472975040829,-1.54606437646748
0.039915005498871,-1.07281557933317,0.548283055866581,0.91924482577281,-0.300062646709823,1.27790072543015,0.947934275933302,-1.96970393765444,1.34352713595052
0.618899628040556,-0.308536663660188,0.587126660642995,0.593780162546317,0.544844092898554,0.483373951125194,-0.310929720579769,-1.33487447819298,0.676980775682414
-0.462849573153105,0.139543343333789,0.0782394465132741,0.745036334405743,-0.00189212528949025,0.406909681050964,0.66584811212184,-2.3506006701324,1.09915032839163
0.537852982076428,-0.0735305169113144,-1.05579591952843,0.173527219876931,0.80397754349542,-0.670735002039598,-1.30357001741245,0.646211718255767,-0.193965220022214
0.267291467775385,0.085094962618271,0.47899032625148,-1.21056460268982,0.131264311107836,-0.697392994586334,-0.548350698945414,0.242667061676879,1.08066316316094
-0.697546616602589,-1.316616339038,-0.123474499397627,-1.24685815742515,-1.9278175894368,-0.570818109604033,0.730739844225942,2.03178484190444,-1.64005603581381
0.327494580052666,-0.186497621998221,1.04952517067254,-0.856581746806516,0.403837046086903,1.46336479983759,0.861654604076869,-2.45542517996221,2.75140518174455
0.540371937286,0.440250570927602,-2.03108415773913,-0.0254157262417799,-1.08154143994454,-0.369077675513047,2.03535312821502,0.527265828353255,-0.682256690813859
0.605636102643736,-1.25903207784786,0.695330255069752,0.797218812953054,1.32943941154534,0.976705332163873,-0.612581716311306,-0.440721264960727,2.00431034952925
-0.313609724749201,-0.688895967057612,-0.0229514885880099,0.893756706742544,0.618997653505804,-1.44794342817781,0.399409607765694,1.62873888190172,-3.57850760887227
-0.144329044582994,0.643617140533981,-0.51078860544399,0.0689356573095195,-1.73163508021976,0.236825406720736,1.07563926516971,0.481380403270231,0.185676678044644
-0.422094918426433,0.0851945247024053,-0.322113253189968,-0.0124745656754571,-1.20740859631129,0.930946541255028,1.77897022200421,-0.752318884261783,-1.40763385104177
-1.07466610244497,0.451646360759371,-0.635391870628973,0.868103543117014,-0.393202972412199,-0.0669901747753411,-0.42908991280437,0.780159285598817,-0.445013418552917
-0.850358169287358,0.487013054596566,0.0881209114947638,-0.664942205893563,2.14342058351493,0.362731877431079,-1.48257479350632,-1.62084910463092,3.42519712681962
-1.10576109511594,-0.0242221312676645,-1.02675384391666,-1.26913074833389,-0.0710005793991167,-2.66550246719563,-2.34427234249103,1.63027200111759,-0.531045221790011
0.634058918653571,0.798496413689867,-0.480982512908002,1.16259565785679,1.70437438748856,0.807216857701164,-0.271907225508187,-0.786941307533786,1.02424373502631
0.17954334079648,0.751721083734295,-1.29088738144465,-0.871366616327278,-1.02930433230345,-2.10036861089117,0.862517918672618,2.01973151930104,-4.86213123054188
-0.934812139030516,-1.03867860871617,-0.774744091209461,0.215351156712182,-0.557879642967547,0.308952274711342,2.72956196678384,1.72196573389428,-2.06639496169984
-0.524815219091872,1.76914174499979,-0.127639244755256,-0.414882771301054,-0.0780566386545548,-0.612496900400125,0.0668929500936411,-0.500338484616194,-1.90057899657389
-0.33698610138838,-2.31410142724379,1.31394198639061,-0.370002281955116,1.87572627605122,1.09470668129002,-2.00669778419323,-2.51299627104142,2.7913262689264
-1.12940177608898,0.308128172551782,-1.5731434866245,1.49745546673082,-2.34430622968677,-0.777937672600221,3.91026210126619,3.98356970521181,-6.21984381752987
