-0.784794031195316,0.300416191993603,0.305470445409702,-0.783971304654718,0.867188660070177,-0.973305801991131
0.00202525956256469,0.98240329334316,-1.97167552740785,-1.22571684971213,-2.95349066924304,-1.20360759573685
-3.25635481414166,0.718931178643062,1.32079615564352,-1.06232570702105,-0.187255576599402,0.671209974124313
-1.45863402128379,0.273670671847421,-0.866202920205633,0.271827231654667,-0.323513070855673,2.42766011369998
1.22697100290873,0.236462099175041,1.68593084365095,-0.931210597071964,0.997116011600034,1.62912370260971
-1.29339470638294,-0.935526191954096,2.47868463304213,0.898238594644365,2.05111659070766,1.53449909882229
1.28382039083625,-0.708071009387,2.89410756737719,-0.938529828449452,2.13767380045284,0.761739074820583
0.604482722642969,1.28733051273152,-1.02984843294609,-1.79394117054429,0.0469550375509563,-1.33901892350383
-0.0228812127907699,7.61238876448517,-5.37915476086016,-5.24255715521017,-4.5399856302396,-4.07783102486891
-1.1258456596245,-1.05511493718154,-1.32995959174653,1.55506290560591,-3.15502594657458,-2.00683234720279
-1.02094275104967,-1.19287448257084,1.92191712657286,0.160274952220566,1.98570144328256,3.17981994497307
-0.535132589017684,0.629680038223805,-0.356823141792805,0.606979612599332,0.394724714725015,-0.399155572210099
-1.58489821571757,-0.88275739887165,1.86567392457079,0.568097683249969,0.282865755738844,-0.766005489028973
-0.14867892038473,0.797519306634445,-1.75786613965673,9.07498992437911,-1.96460211653889,-0.48590903984476
-1.30491358241013,-0.592901738883758,5.18041664657647,-0.554636564978029,3.81810964109342,4.10384756710739
0.00480367023901309,6.0721896397688e-06,-1.06274823446329,0.863365046925014,-0.161181372876258,0.731877101912992
-0.133775928789327,0.852727498788159,0.317758005766737,-1.11194515653628,1.57659228380357,1.7885128753392
1.14834602941423,3.66703621604984,-2.65294696707923,-5.9432527546684,-1.11569637471254,0.0517323712772353
-0.791439296490554,-1.04693459835097,-0.0427330299493689,1.89033356606269,-1.91226942399042,-4.49353017045626
-0.689633151314495,1.77597865198211,-1.46427305857262,-0.278790790256091,-1.11762113756045,-2.23877452716565
-0.738079905538078,-0.630523594703587,-0.500210891682225,1.05440137985612,-2.73237263509288,-3.25521476270623
-0.0729643440166686,-0.126349386236606,0.885236156924716,-0.985607362122096,-0.106696492817557,1.152326875504
-0.421977802724426,3.99660947998653,-3.25310160005175,-5.6340300990656,-0.296976779297339,-0.00763502907870034
0.597130612459412,-0.444413639965892,-0.35188126707584,-0.887109333589152,-1.29675727322342,-0.196370536557044
0.292549066810153,-1.1482390902968,-0.614603012761185,0.274274936608278,0.6515879327077,0.181681413462327
0.00200687935360295,2.91355926414062,-2.78219290149469,-0.611833774345407,-0.202286419876683,0.086663659937436
-0.0601192120942499,0.668371548418639,0.205271695510112,-1.56150696267131,0.732594524668736,-0.177530428081664
-0.959858895717271,2.4349275244908,-1.40228425143004,-2.06225641759177,3.87540983978165,3.03205310021985
-0.090249855544876,0.764883629618535,1.0303846426694,-0.235548211436972,-0.1838342766925,2.16096680537353
-1.14365742940643,-0.27206975611653,1.41271976550781,6.41218048625835,0.378600738464646,2.31066328064235
-1.80143633222671,-0.478968994609345,-0.254034886817704,0.23555268024982,-1.44390353116992,-0.315790436348336
-1.19745313598376,1.65649744472515,-0.316415536529618,-0.967236284288408,-1.66549073354476,-0.635826513199965
0.87364625781487,6.16329834671714,-4.13372428618243,-3.74206149145377,-2.90211331856251,-3.44257555990632
-1.40694203052734,-1.37856225150667,1.99538978881387,0.81636843341402,0.698489570611153,-0.261353925227219
-1.03225557054,1.14595068369412,-0.965180074821858,0.0944940974610236,-1.00974239950241,-1.02081093485
0.453928683568947,0.784952581463714,-0.627997842473056,5.81251563011476,-0.00195321293257236,0.807851183018627
-0.312345009830015,0.458292528107147,0.281692307478387,-0.201480684230627,-0.576584803451711,-1.09810893997398
3.50932926057664,-1.12862531265953,-0.0988493229689131,1.37252412668305,3.20539427066645,3.26689871937182
-0.844623527259882,-4.95851603365649,4.30433732459674,2.2949314009287,1.95842385330663,2.70977021002501
-0.619862232558646,-0.257883860937049,-1.05779180382363,0.738439015092702,-0.517476587263965,-1.06289993630408
-1.66685295236927,-1.13057739737243,1.50098901245434,0.750456058029745,-0.595512838319624,-0.198254998893793
0.0568835608597907,-2.47588011904478,2.62127302222073,1.67308131797817,3.64188831513097,4.04786301101851
1.06759045522512,-0.102556281230008,-0.484704976623151,-0.0492790449054003,-0.107427633331281,1.49351298922864
-1.05017493208957,0.034323604474854,2.38247515022496,-1.23947581440419,1.72297178797638,2.6942896755972
1.11053615682807,0.0560431275153981,0.899721804182373,-2.31442266174419,1.37195448222884,1.73665569401682
-0.594286773513651,0.30796861106503,0.234060721389591,-0.181688842896798,-0.29885792778601,0.00813155087579873
-2.08949095496899,0.0628695758493828,1.55551331149631,1.41040473800895,-0.560129806540078,0.574258594778683
1.14118427861231,0.108810187993375,-0.42785215841075,-1.523376707867,0.851083636783647,1.74734553522237
0.936716845278805,-1.26133100153766,1.70747693828277,-1.53844644010004,3.31228696427746,2.19617677773689
0.078110316915439,1.4827974320409,-1.48054288936845,0.687052998158185,0.564307295922595,0.408868914530854
0.977247732924361,-1.82677251795157,0.312783553788755,0.884691635858434,0.170809900586045,-0.507421879679817
-0.171504510507218,0.4830251323019,3.87925419012345,0.57681893015954,2.46486320088362,1.19973263646312
-1.00351770968693,1.87198723132793,-1.49695408494123,-2.43225811837529,-0.532463513596499,-0.591421108922305
0.453856386389712,0.75276275858903,-0.485417317553827,-0.773085274459228,-9.02700690580158,-6.3067995283295
0.131130713526846,-0.0097975664930908,-0.142627250014308,0.238926426795951,-1.38677657812409,-1.96597426430326
0.809984783231117,1.2646136532663,-2.24063335963109,-1.85434872206376,-0.882508279065333,-0.698295394854277
-0.313597066781609,1.01169762305602,-1.15795341760118,-1.39116832525044,-2.31103941545319,-1.91954257258587
0.432827086746323,-0.0309339859462981,0.891698975536532,0.337145705891997,3.01710921683995,3.80974168872107
1.54696984040071,0.0457338679130631,1.63009749419899,0.255707374576591,3.930079578692,4.22991467862541
0.134802722873222,1.84746005102365,0.813206467347947,-0.853370612992717,-0.73774290015408,-1.15282975216092
-1.04892896028813,0.254565435589445,1.16486571464963,0.0081906488026792,-0.868906735754269,-1.10689195699574
1.76561383039224,1.12281190225575,-0.900038309313767,0.513526212504825,1.01403755709957,-1.9121062376514
-0.0270656308367974,0.59289690779801,-5.14008544167359,-1.69425973860981,-4.73652976062819,-5.7957638708196
-5.47674841813525,0.515412886536811,-1.6425976162883,0.91618353108609,-3.86792418194221,-3.62256447553454
0.80720957045322,-0.367866500197992,-0.611410630646408,-0.966721591041979,-0.698558129098739,-0.570784978562427
1.78151979346533,0.314436455889333,1.01452682326427,-1.0188515500291,1.50796985098574,0.945797560942562
-0.984184566184284,-0.0138446192065128,-1.26996052735906,1.54139330331192,-0.617865985657037,-0.293688848917213
-1.15415306683351,-0.359283031151908,0.578545826771709,8.79475814147379,2.72894768678313,1.54930595164904
-0.611497688836841,0.688376339173262,-0.371919534210331,-2.02136497129343,-0.688903944712491,0.252234253800747
0.948111274949952,0.879198009341375,0.688342310595205,2.34578614380302,-0.102957357351845,0.559726040440897
0.653523179617172,-0.662638060648647,4.70625383632292,0.304324830140763,3.9623730888629,2.23604905963777
-0.222127785098399,1.02214299483307,-0.766948393468163,0.129623155014607,-1.46570369938633,-0.475996470806135
-0.889527673483733,-2.49894943992727,2.61773652677876,1.00100597321636,0.546840371664949,0.734894748867969
0.432505997573919,-1.63087708516865,-0.276227689468969,0.591027406128956,-2.16366977485446,-0.677675785753991
1.247834188484,-1.20442845874474,0.158506557830468,-1.22491988183534,2.42356863307588,0.535965368779727
0.382064357392972,-1.63299185273843,2.53532263953631,-0.856809687689589,1.80091282272462,1.23290397595586
-0.712099048268057,-2.94906846766157,4.64801545807659,1.19946086818868,6.02278031088578,4.82136314110565
0.338078006443262,1.33720332927481,-1.12037841944673,-0.0654777802147507,-1.55986895519222,1.2597067055897
-1.21254730581065,3.00252287492826,-1.7600494536762,-0.517912924708019,-3.53629789889835,-1.43679038837214
0.281094579961093,0.339615434819945,0.315323064002019,1.01996755339771,-3.2803921584253,-2.71942121908728
-0.00665994174119237,0.408127239268833,0.0739839567601736,2.1682289749554,-0.668323590352329,0.0863984429626274
0.272064471261327,0.764671804332948,-1.52860984241641,-0.424237088102598,-2.24292253465887,-1.28890654010656
-0.569704646023404,0.897752610428433,-2.42049359916931,-0.551836822188431,-5.61482155458688,-4.66597808987232
-1.07629307332762,2.71938174471038,-0.863736005324435,-0.705935941078975,-0.837553240441574,0.394406389360728
1.77580276882904,-0.875169593295184,1.73533173516361,0.961308234891902,2.76055352015408,2.72174394471833
-0.631082875301612,-0.891167158686712,0.78668285280584,0.525071423042348,-0.175729900479136,-0.609061305758649
-1.423538689261,-0.219943302768669,0.220432706694636,0.530511076741235,-0.196226481984747,0.841191949823916
0.75330538375291,0.855339391543589,-4.88676767453441,0.824041124732517,-2.62328166087632,-1.0717051753993
-1.08100620550681,-0.364869329139056,-0.62399681270361,-2.51963505912885,-1.42031656958716,-1.51963290453514
-1.38603112396386,-0.255139048571317,-0.0424490210101668,5.6491277174227,0.316695956001908,0.0943627646901762
1.25697500599667,-2.0335812610551,0.612529784157618,1.20177069776724,2.71240469441286,3.22066795391328
-1.48855542433912,0.796278480825535,-3.35036761963732,-0.536960858282784,1.37441456690908,1.07828526205354
1.08920956406665,-0.299658171049961,-1.00915702709259,-0.461155182601733,-0.0779794399974354,-0.804459913174093
-0.790678230153268,0.808364440924114,-0.679393184709594,-0.706380691633917,0.857586885997113,1.82717955588252
0.712307995729409,0.947215454929152,1.47777464870957,-1.40765233294315,2.57833279041503,2.02342519492572
-0.213153039575036,0.236137975799792,-2.66844954939537,0.0798053580817187,-2.7163114807244,-2.31281138966024
1.41313200952162,-5.46517429951505,4.03330538013859,4.05924426344417,6.20121568705726,7.89117689377175
-1.18436847327031,0.790175910703403,0.316939904682018,1.61897711752811,-1.35188278289944,-0.18091039003937
1.42104201309531,0.509628293916586,-1.72074153256909,-0.108405081675921,-0.109300546132854,0.632724551113004
-0.619265022913982,1.15408431165353,1.6524336901024,0.0125744403812176,0.113364121413002,1.0021510958152
-0.718722552850052,-0.960883203358685,-0.217943223258117,1.50668405814013,-0.109953343945249,-1.15427460640887
0.210323140172713,-0.952578531794599,-0.513814751319326,0.672499336434286,-1.28750071297943,-0.306844521951237
0.617395687719133,0.0243402066455293,0.170627889311095,-0.0135283757597887,1.09153141626539,2.07667866649904
-0.0224400128737798,0.615168637489436,-1.34003461476285,0.379570176890897,-2.26040734253027,-1.65810526722947
-1.97580824499353,1.4762563524372,-0.795509756441702,-3.01370283823759,-3.77912705907422,-1.39070208859209
0.805788860839466,-4.0476446425466,-1.55842122514177,1.10180806043575,-0.613029399423589,-0.957160089980848
0.405399146554066,-0.401378317264004,1.66269462914223,-0.0457246541507714,2.69180840159666,2.87400013706394
-1.13853800510003,-4.12443418879643,-0.216229057049165,1.59197891488757,-0.239759991026321,1.24431120160037
1.75011336880297,0.42130706000597,3.53476130781666,-0.165315897223548,4.10560061783484,2.66936501614552
1.2296013853429,0.205231639901401,-0.85314216161999,-0.231761023445979,1.22325920103434,0.655133869044306
1.05137219250794,1.43372629195667,-1.52737838505758,-1.54110209575711,-0.775875563054837,-1.39596866694332
3.59408265593977,-1.25429856942342,0.625683506828043,-2.97657620212377,3.23606336542258,3.01325624511828
0.733269514627148,-0.289885282223854,0.79575197957753,0.149798804135222,1.07434202384942,0.897652540000319
-5.68561097623694,0.658614365608035,0.0876146529538107,0.662522175016308,-2.96906941908075,-2.61104269827963
-0.195746691562284,0.629454824450536,-0.572750292915288,1.11627446517432,-1.51888326964125,-0.722906194053533
-0.571249415265698,-0.528490741152738,-0.129460439303171,-0.429627738429943,-0.308211878828378,0.905608153028281
-0.585827933147741,0.530906772305031,-3.7929881964072,-5.16626000785273,-2.13510268377473,-2.14227616201785
0.499285530417182,0.000985868889760833,1.11828980904762,1.51226099452118,1.94767048144894,2.09571413548619
-0.00175148996010222,-0.294237453393477,1.33455158200372,0.412311178936406,-0.108671208356942,-0.199379832305897
0.0446555157470193,-0.80985173276482,1.62301136160082,-0.486097095533346,-0.480601341307004,-1.24528524741349
2.12138959393254,0.0193913616038087,0.178314468064605,1.84158876551672,3.90115518323302,2.49214754074429
-0.705343365513285,-0.761212721714205,1.88593103711723,1.79062578082351,2.31514214783624,1.92989341826481
1.33210826437896,1.34109336131229,-1.37467562110645,-2.72372785338295,-0.51703059171951,-0.11834861098978
0.923397696077531,-0.486255434129141,-0.198561886568539,1.01970425367399,0.208104421687227,-2.52541487497641
-0.122121870334667,2.31313761542186,-2.6547634117205,-2.01321574134047,-3.83517722694322,-3.20269535165379
2.15131150683587,1.39079507361454,-1.79557375705917,-2.23690848651721,-0.186437195822699,0.315824090172487
1.2815008058051,-5.76856166734444,4.15705079866664,4.34896027753226,3.67399737546389,3.08680436842839
0.667821176473123,1.8245378688732,-2.16874609652202,-0.414452340610051,-0.821732961628437,0.235315526441854
1.77282311463625,-1.76550008450804,2.84849480151985,1.78228265778393,6.13499639981325,5.70940912442528
-1.035246717432,-4.66124834856465,3.92931684609861,2.21822804054717,2.49598705372018,3.35297745025087
-0.0348616669659097,2.26031954471871,-0.570352762296163,-3.06361437235386,0.361416644506684,0.817023434931564
-2.00395586977262,-2.44020547177324,1.9524081777685,0.299193361396478,-0.406247221186093,-1.6661558596279
0.262419135905191,0.162051602728372,-1.66831902986863,0.454519424410765,-0.08508973080972,1.76728162665105
-1.24750062059505,0.938117620708226,-1.6244523708099,0.380718178781693,-0.516763322922748,0.96419441315982
-0.717695565415519,-1.81103022135249,-2.72469445011257,1.50313426278367,-3.56449584095754,-7.38089832892121
-0.0439447489098922,1.3919932472482,-1.05858353794917,1.87183550744199,-2.21404972737156,-1.12424568603446
-0.590512080512427,-0.0155576514388422,-0.279476871715436,0.216641874525101,-4.39998844261656,-4.20996919038739
-3.93473768950194,0.472949397354823,-2.91946170071513,-1.19537578271322,2.33100376236968,2.41935155322179
-0.561817450439763,-0.0103943735390919,-0.354272846205512,-0.614546415189565,0.873486570544309,0.709822660272236
0.153376119717523,1.02731717281462,-3.32031035214604,0.36005717495908,-3.6354045562219,-3.01131522265538
-1.6021774630358,-1.37272493495667,0.712961706198369,-0.124251872385676,-1.78368318192406,-0.335732580894785
0.61034367125283,3.62626616127839,-1.82387912666476,-3.11632921761474,-0.938104056844351,-1.04649044619501
-2.41532354282055,-1.19777241040771,1.55984333223709,-1.89160005713624,0.550860196724604,0.83998981877899
-0.474702902393891,0.550725350599179,-0.455390617382039,-0.303860806748338,-0.811652995790382,-0.11888555813799
-0.0844556648180989,-0.890046272814852,3.96443000696276,-3.31669391155589,5.99934703226506,5.23705230724906
0.436854245788817,-1.52214878748994,-0.121056086222056,1.33949059284709,1.20825785228486,0.634619397989
0.583767034414773,0.559515287263834,-0.343960199263233,-0.959604472482834,0.917730672469848,0.78988490975218
1.79748799684132,0.261569039975857,0.6451300447664,1.21584442157875,2.41333164872825,3.31852094279035
-0.598904270227215,1.86964394086188,-1.05414379501198,-0.114267042441878,-2.12312105489563,-2.28630217958462
0.663236796951612,0.814477930735767,-2.88381060633375,0.789070389216223,-1.64502247482299,-2.8980200805026
-1.54103031174753,-0.262841228429257,0.126467325046955,-1.89051570657555,0.537129575030145,2.50064641801602
0.7318721129326,0.210035123969458,-0.497865931397053,-0.374452924755153,-1.55264503563587,-2.47684261674642
0.3616544439329,-1.46374341145626,-0.246684763714628,0.260650724083802,1.19384234059026,0.90547251332379
0.907939933634565,0.19014158520336,0.0964786002023467,0.801192269196575,0.503066360599971,0.390932060638589
-1.10861470459278,0.487036168224161,-0.41793418558747,-0.667220631067044,-0.928632288976425,-0.716051792942168
1.01630518179303,-0.00156965598517674,1.32883901982885,-1.91788682193861,-0.623790792310638,-0.769594229968053
1.51684895017806,0.857917347385707,1.19255523772944,3.82243050323206,1.62856207332017,0.0458686965476314
1.47381402527954,-1.32049400183499,1.61888080350205,-2.8614636993552,3.27965547198434,3.58074637851047
-0.95293780117791,-1.09421003941835,2.29819262850365,1.34009613216089,3.37237517016076,2.8312593854769
-0.221765482489154,0.480491248622741,-0.871406494238484,-0.0771977747861007,0.308673329765139,1.13160542394843
0.0213591317110574,1.28426851054323,-0.069751473950372,-0.151894713662734,-2.27053160435101,-1.44279509681331
-0.758583841557167,0.0533061529001632,0.732904180489045,-0.07985532231258,1.33085813606778,1.35569283141474
0.523470425749548,-0.000404504419710508,-1.4701402711609,1.35229811629964,-0.341617842504587,0.386344526894818
0.0177405871079761,-0.166066540070056,1.16374644899287,0.561517171392139,1.90864097159558,0.667134436537738
-1.78260697885923,-1.41016607778231,-0.195159251431026,1.99484179846446,-0.813169493307073,-0.78625958894513
-0.015805249907359,-0.389140487686801,0.781481690993525,-0.882632113332631,-0.369072518793876,-0.153637477189274
-2.15797166548308,1.29014875479539,-2.21708200038414,0.65206350090957,-3.83336688659539,-2.80590324586779
-0.480573924212354,0.939013937045149,-0.843212945721035,0.036656465986578,-1.0889595746123,-1.99736155217129
0.00200953282763359,0.392783979600252,-0.0691977133192813,-0.332418857677941,0.0957619372986433,0.232135495477361
-0.0027513320076096,0.987763730898183,1.20499312554402,-0.00871027846992589,2.52843831847462,2.67247374034419
0.46429415756377,-2.3695356017628,2.78209510186724,1.25473458121178,1.85812062014652,2.46921365154671
0.580698577504077,0.707252716269814,-0.393030641990565,-1.36236759016564,0.172647828886503,0.148289100652346
1.32371964665396,-0.389197061267783,0.311683113020829,1.3964551944491,1.99850517774456,2.53741007233784
0.473336126130062,-1.0313355562982,2.31955525282758,1.59620053514128,3.20217458073174,3.12321649679765
-1.15947280793322,0.326448408026864,0.507490864433687,0.1262146195458,3.30867840087145,3.83637531824977
1.45255226501342,1.30522308133393,0.00723268098884833,-0.127874251601741,1.50126138274472,1.07257251642402
-1.32090787161976,-0.577025010957012,2.86521226932818,2.87089636468114,0.449405873839887,-1.58477770321156
1.24139577826828,1.43864744558109,0.559925307218232,0.174808101699287,0.662624382664099,1.23327429946054
1.13922943151045,-0.0440524802682428,-0.0164987365054364,1.18435701251268,1.51427748220172,0.716789083413407
1.63763204070749,-1.20338856298588,0.943026075641507,0.212530923237989,1.14803037803567,0.207683988905803
-0.029047840188429,0.587541914451463,1.12872556881824,-0.0339402915089408,2.64211381699987,2.51515675464697
-0.307856380511615,0.785589207209639,1.94373703682444,-1.12112969992292,0.327843502661685,0.238278116465685
0.901766681625813,0.35764331106132,-0.89574533174465,-1.58469176858908,-1.51317013629512,-1.14844300043772
-0.923420507529335,0.61670388564852,-5.02650780419065,-1.41079472306523,-4.58008085888219,-2.93934581354186
6.61182894329899,-0.0739761913189289,-1.44486350719353,-0.207518883359213,1.78455341402403,1.31536148734513
-0.185302511602369,0.514662019843966,0.417151672953209,0.256364354082508,-0.143521779964998,0.132422772045655
-0.238448567494243,-0.636552658474597,0.214569115896215,2.50150713378834,-1.24039102497587,-1.29988953193275
-0.0528433419915401,1.07224164783965,-1.88752555389621,-0.604677234365221,-2.93793627519487,-2.17526050680786
-0.750024630758247,-0.160621372700678,0.213246382774326,-0.562173251658274,0.425889483183946,0.0698972349762613
0.632270155618947,1.43573879090422,-1.11563704591294,-5.20146870435185,-0.815056464343628,-1.83305906784221
-0.121519395757803,-0.184221912904652,0.524223070713745,-0.206932623222063,0.0304038231869216,0.457472308504603
-0.49852365483882,1.64245256488225,-3.34528489864919,-1.32561631848311,-2.78787654160346,-1.25541110025736
1.05147361487113,-1.05414181805799,0.293400519214653,9.31127325275295,1.04984044231931,1.73332829854217
0.0175026275001695,-0.901914070974464,-0.612706208476612,0.54848222863382,1.15517115672703,-0.604320523784879
0.339001545783262,-0.969520973908924,-0.764737377650239,1.81887681828682,-0.104183417362972,0.3171997098439
6.00705471199347,1.74425188468213,-0.477624443555304,-1.63736500275663,3.26202016373471,2.4712241377365
2.73827906672441,0.020244828265855,1.23487893182139,-0.416562814282521,2.61520141711232,2.27537410429822
-1.32650713560024,1.2719057495472,-2.19133170383769,-0.763071524875574,1.07105237360789,0.19006815080384
0.0764473105862138,-1.03852103636329,1.45693653136878,-1.14806375071695,2.96755792586145,3.26119590444145
1.1462055956759,0.29108200318439,-1.38098275739397,0.29627984904083,-0.50897427948381,-1.08862282405866
0.684635056416977,-0.515801824071333,0.406660163226844,-1.46673335368723,0.538583209676924,0.628685430597377
1.60420684966576,-0.163554863477868,2.42294831048198,1.15630885605061,1.72769318896687,-2.42141519815522
-1.94730129189196,-2.35033283525464,1.62025651437263,7.07783617988525,-0.0376430877649435,-0.0126447312963087
1.15725801561995,2.74825465409416,-0.537017304830281,-1.27491049751758,2.41698860935183,1.83354043731571
0.931657803992432,0.946036259280384,0.288872884801978,0.109578853289584,0.0307661207755163,-0.198604937052305
0.00196695190087834,-1.1271098098204,1.02687810432381,0.215354266268767,0.890540428982453,0.259957544792993
-0.555511381538296,-1.34207660959045,1.08586077261903,0.587990433877909,1.27724746453146,-0.153971004351035
-0.469674382147945,1.64994327762284,-2.66143679790368,-0.957778697011295,-0.303336791949607,-1.07155265421805
-1.40946137588477,-1.38620599555272,1.79928421674309,2.45976388498019,-0.151683194845904,-0.731000598895992
-1.34730161841304,-0.812668358461443,0.503690889960708,-1.11831243736374,1.15580706212728,2.1250947382773
0.937414096126884,0.196009322706529,0.0819432057371164,0.113230760280955,2.0217735106382,1.89224641946958
0.904867950385428,-0.534940076040503,-0.0603901650633543,0.824781605543592,0.124207398042141,-0.0384369274976343
-1.062432362708,-1.17665948798366,-1.14450770777181,1.24134814842829,-0.846325430238701,0.382173047430133
-0.675752527333507,-1.72221096549183,1.61173063266222,2.65603274939412,1.96216776337039,0.353635039332944
2.52003971626259,-0.189883692020608,-2.35413115413729,2.5743304009303,-0.591671635910437,-0.203518105298581
-0.472089849304624,1.7437367518543,0.279391134870689,0.626817392202419,0.261905328276425,2.56134727761094
-0.896713847980521,-0.270249630829819,-5.24538479785828,0.712019639451938,-5.60874089867074,-5.81101992345795
1.19451534016532,0.548238410007645,-0.485731049090082,-0.233145420826034,3.52699139445872,1.99108503880137
-1.41426652232037,-0.734628724617168,1.07833129521503,0.494890546174655,-0.24133105948003,-3.65363631667732
-0.0787487767670746,-0.186642968850437,1.33389979237093,-0.442191977878223,1.01925946752482,1.22422859250193
0.287120762888873,-1.49341601059856,2.5593852278886,0.0358444396488459,2.75588424356929,-0.0489193224138234
0.657071246078342,0.701726236172946,0.550174357196563,-0.235191977363683,1.13152703420138,-0.393388727799944
0.270792426659493,0.00105390124878716,0.338272790321484,5.33740208115762,-0.665272842057526,0.694077441431893
-0.368309951296497,1.08247987526914,-1.36686857840147,0.919805420745109,-0.275811722684341,-2.65741697739712
-1.20379838455708,0.392104486356628,-0.980162340092025,-0.386207346690854,-0.610309509551312,-0.280960639514311
-0.0821062213426228,-0.393518653255497,-0.427827920244328,0.629215490299837,-1.1821460171665,0.477161890003432
0.136269893975524,-1.61737721692112,0.800516557247786,-0.815394303945053,-3.60134808348997,-2.79952495395429
0.790190475618293,-1.4808617775315,1.04853783779771,-1.42868373028691,1.3129865438933,0.736757750096452
-3.62691436882257,0.730865184900006,0.755414164454631,1.3160571200178,-2.85084623858473,-2.9456019174498
-0.704629934972173,1.18861386791229,0.379525916219163,-7.28032914576277,-5.98668543950245,-5.4193789427896
1.25460936780852,-0.556794600161206,-4.40596847048561,0.296443009360655,-2.01934705427889,-2.29399633714147
0.013593074781306,0.715732078332475,-2.15396241107432,-1.10672649909994,-2.24409977230798,-1.22518168521772
-6.13275209777697,1.63247898429986,-2.4291273574359,-1.46399284329978,-6.28148527834881,-4.96127213026775
0.187044607165568,-1.18034278258471,0.307048679182528,-0.0527525236327633,0.981789370859633,2.27766762224512
-3.49805988566498,-0.356039909687301,0.285862038092828,-0.238149008612249,-1.04366800243353,-0.0519848984568232
-0.338897265240256,1.29089748033544,-3.25252127545487,0.0828819796329673,-3.38124237220056,-2.70547961114836
-0.0484579297340676,0.982586975900185,-4.28275051646116,-1.07076560012827,-4.13744503078515,-4.11380669123732
2.32239196506098,0.585838514710699,1.03897879596931,0.760572132279874,1.41462879699227,1.61201603103436
-1.38869700607789,-2.94679726160895,4.10000855690979,2.87949447054733,3.19433053383517,3.72764810428574
0.987488715672264,-0.394225770964696,0.754952559473454,-0.732313897629625,1.22210942304062,1.06495667511351
1.09189216013961,0.04482591642392,-0.433920187476287,-1.01452481881416,0.988991139945124,1.58015561191228
0.671271481115221,-1.55668615795931,9.35192127754281,2.32461551615026,7.75024423728622,7.8820163270093
1.827850916864,0.768199639813117,-1.3143966947534,4.74940876951854,-0.617528933129085,0.478905910940316
1.32629626657807,2.91265890272903,-2.96266331171924,-3.57824235575634,-1.23567715469943,-1.7553586936509
2.38988729771037,0.530299031934887,-0.135648216330784,1.32413834695201,-2.36758732966074,-2.90146930383243
-1.36584852855142,0.0838830821028706,0.324762050449625,0.135867624691494,-0.524279032862118,-0.827724343347636
-0.00696064940443378,0.680415061407816,-0.402659665248621,-2.32380052672713,0.687994230919561,1.14760977805542
0.702607974778688,0.486341803976981,0.173869073651011,0.384087346857859,-1.21786000449448,-1.37453656616365
-3.90138575465479,1.4259185920133,-0.69380588215077,-0.647985300982222,-3.28439076547948,-3.56305262556778
-1.02322813931483,0.318128232087756,-1.11135874035942,-0.876323761577356,-0.959352776536444,-0.835993033263758
-0.228526874216324,0.439111690157542,-1.91041916983165,-0.131190630073529,-1.32430726807285,-0.170484153383356
-0.00120138154326588,0.0403059361065009,0.856749883915929,3.86789948667861,-0.0558500118914786,0.503293481270228
1.05570700071994,-0.186038165874439,-0.0228438922935816,0.448336634897174,0.598005383374669,0.0918341653991998
1.37896177169248,0.920869520650355,-0.649879907948493,-3.27238363973015,1.96668876506882,1.11097817444528
0.135407352616696,-0.0667522234602131,0.230251093898606,0.133892492979395,1.61103396352412,1.57373532728263
-0.574681157669939,-1.23445848958396,1.94427002842407,1.00444511572251,-0.0754307827878946,-1.49159851400218
1.00312054369277,-0.610001106920878,-0.654223535328419,0.887173207049193,-0.705164170144359,-2.33002648778742
-0.38194828529555,-7.06976335451122,5.7188631017545,2.61549583755729,5.61402098925577,5.18136431353927
-0.359190213680833,0.0637451933761762,0.320272398815362,1.4286115941588,1.43079395572425,2.16303795542285
-0.334782252291965,-3.72306754110261,3.31107706139682,1.70809333373862,2.6916466310232,1.37219528692929
0.595931343050566,0.904085219831461,0.197344824618752,0.75941993260345,-0.8780438747656,-0.691889816703347
-1.7503376971546,-0.133037664578866,5.8810545100561,0.607115150434072,4.51011175346084,1.70569192548702
-0.0406129413335445,-1.14800806637716,1.39855380316295,-1.11812929479664,0.444502588061604,-0.569215430666145
-1.31631876399312,-1.43467242996946,1.7073804284664,3.77319321138789,0.751732300409331,0.616448043295865
-1.63557279758445,-0.0949973981181424,0.999439381934672,-0.897175215164744,-0.791706522540856,-0.669889717422938
0.867443734956598,1.92848359016857,-3.11259669154875,-0.83029036643797,-1.11015171712518,-0.405222125203442
-4.06205493047877,-0.973637259943983,0.128986047970554,-0.149875070032889,-1.56522924190978,0.43703224042769
0.0818011671110486,0.284365419427083,-0.525105949998832,1.92890253648862,0.157645833801836,0.495871313661476
-0.228621625781966,-0.0375674450837855,0.0331039309427406,-1.85317019655201,-0.0179548959247534,1.10784307203941
1.30517183573199,0.0493120184877315,0.939182369010575,4.54145253313376,3.73770209491595,-0.382104554356369
-0.725584026465107,-3.82287293110814,3.49076457780959,1.20686423788654,3.10876481392029,2.67454076757324
-0.190832895773617,1.15076436450653,-2.31094437662706,-1.38311912985476,-3.76531740487938,-2.17601531387001
4.11206762125736,0.586296204715408,0.404836960469827,-0.788746207313734,5.21196461462249,3.28213100155445
1.04616214471018,-3.86297935781479,3.71490024269649,2.75290452685729,5.84213443582297,5.40974821354218
-0.979899930031293,-0.901244482887509,1.89332494967616,2.84857813180311,3.77062590274273,3.7070367286313
-0.389550955964489,-0.394514853773557,0.582219903607562,-0.352439755112624,0.933835197243486,1.99187591944566
-1.56133461721145,0.79672132690668,0.0586034595837561,0.339060176866122,-0.112726795843672,-0.40966207380896
-2.69208070294103,-1.30602585130281,2.71467796976719,1.09790014570517,-0.68779190937207,-1.28789059588163
1.19850351938232,-0.0629809426381338,0.150073416154029,0.203080837937666,2.12375198927129,2.06956819615749
-0.825215591647075,-1.05059761548924,0.457034106830243,0.618817692513935,-0.66181603456642,0.83321430976536
-0.575271753607747,1.55286211596516,-2.18531387745241,-0.761070456263485,-0.941689300433629,-1.5135636153487
-1.15412726896416,1.7411238078225,-1.32992113272718,-1.08012009421825,-0.587658897341824,-0.0120660607484095
-0.109294821975065,-0.00772248146151811,-1.51358312604236,0.686870623826837,-1.5431802874509,-1.54124289087701
0.0178838368245473,-1.59627453803215,0.873257478701046,-0.147425798215378,0.784668483238363,0.648769278250422
1.71735011071769e-06,0.528915972176487,-0.47094835198492,-0.0785438007451694,-0.409797739204805,2.78267367792595
1.4355916562908,10.0400048927693,-8.30468763027614,-5.79414694426931,-7.31669738460142,-6.80612468350503
-3.39872796760038,-1.02299745665598,0.494677470231107,0.832078176311567,-3.7977825144544,-3.43165663357284
3.90598638558054,-0.647528327741064,-0.306193758425118,-2.30578137318238,0.985155041462348,1.24517825610308
0.74253831389828,-1.97480155385141,0.724277217194407,0.357201216146498,-0.293773898088089,-1.29048155171887
-2.42588384321337,0.687166042452524,-1.55187186940286,-1.04223300745732,-3.7797646940146,-1.29625907456608
-1.1843817119384,-1.18697935548256,2.44571358506988,0.616180330845131,1.14050485756416,0.702798347322211
0.0298822100439296,0.830601387743989,-0.795593794649196,-1.5734099367236,-0.233166484873307,1.23200416512494
0.0785787833211644,0.615725151718321,1.96824384526767,-1.2039945753934,2.91367242476999,-1.55135040226696
0.707860264197065,0.209588683848429,0.907505225124966,0.662241789536449,-0.382730168936968,-0.703717138134819
0.349444324149287,0.282988123266107,-2.4028209490179,-1.7532388530525,-1.48660573951051,-1.18947136971054
1.55301474014688,-0.614233006665508,0.72150510419617,0.291548714521577,1.70328156098241,1.35898184632051
0.160380248556029,0.183103119410789,-0.199982444656066,-2.05127832168551,-0.744400899458691,0.0286486070573004
-0.63766592754265,-1.13771414583031,1.61878625664117,-2.919323310921,1.49008134381913,2.33215472515552
-1.00182582435057,-1.74603398651661,0.9291950738342,1.98004760787555,-0.672386020488231,-0.303449456259392
0.211533796192363,-2.35959436311909,0.29956941008231,2.25081865012872,-0.793355944090635,-1.30333238247671
-2.88173747300757,4.27491523246066,-4.99668419476644,4.51811280836976,-5.6687118406969,-4.38869485931377
-0.93431914773314,2.58066686450686,-2.27280030952113,-1.48907024345735,0.508575774508776,1.1280791601061
-0.983123255623652,-1.70828890140997,2.55330342694842,2.4235530681359,0.440775420661488,-0.53135908418048
3.80285075423998,-1.8191047025599,3.44836225439825,-0.0763377745175602,6.20043263165929,4.71350405822536
3.4549348014652,1.44422009024466,-2.07395400825196,-0.646221192104118,0.405855442566893,1.63068452018312
0.948046052092767,0.108626862759052,-0.841225876048305,-0.981433612024258,0.964304168363544,0.857517154132852
0.0595931800944815,0.797103120180554,-1.46882563148764,0.126207642370726,-1.19405396866405,-1.23474086587118
-0.898955897938634,-0.560053394368147,-0.344357731637005,0.447324331834233,-2.14710424633935,-1.67597396581224
1.55507113360223,2.24111967548648,-0.677123718998744,-2.09460315647932,-0.0784143529112576,0.291074410802267
0.65261420855558,-0.411753124939288,-0.300615593022186,0.1927851914399,-0.303282954997585,0.697453882715851
-2.84888232876351,1.30496405406245,-4.31198371670696,-3.77467294109828,-4.589757406606,-4.00064408382842
0.271420728168828,0.857077027231328,0.228668385596751,-1.91246007681592,0.21408510338996,-0.359121009887726
-0.940509139014303,-0.357606293769916,0.162878593216794,-1.1583259693868,-0.87596640759548,0.0675010816954745
-0.577610170533153,0.0467995771386223,-0.294889076851737,-0.372871119440918,0.424401765788772,0.282493513148359
1.5125171112637,-0.0448469454881863,5.72052566877397,1.00527015339173,-6.58753744420937,-3.66218278379818
-0.586745423741634,-2.37704177023966,2.21915679564951,1.67192677962214,0.197266197008767,0.283960002121164
0.181573551401374,1.06858690829796,-0.00803565477294355,-0.352782258889761,0.19890425115783,-0.0822755261075178
0.821586066013033,-0.93086105987771,1.29476562518909,1.45434156351614,2.38451460798661,2.55610431542622
-0.128941092397299,-0.870802131497222,1.41516511499818,1.11591014514753,0.841322731005189,-0.0695064919063154
0.238241048375335,0.682011166094782,0.263539476972409,-1.27508413799747,1.03423381994657,0.15167870187976
0.26047682866383,-0.219709100324709,0.551478177137066,-4.40854810409093,3.28440016463556,3.30850251071589
-1.08376203006146,0.32280681730041,-1.6724192670167,-0.589202370720209,-1.26203557291656,-1.84427067000066
-1.14039623116731,0.573168489435867,-1.38407230945644,1.38331441924638,-3.23557770305417,-3.37770154000146
-0.427905581768092,4.89381261767376,-3.67475655705131,-2.93394105618401,-2.69048637139103,-3.38859570497432
0.360757662071103,-3.63944188750347,2.99469457240195,1.04823337553058,3.96820185967236,4.71607394825884
-1.82516529356531,1.44429804034934,-1.36209996270251,-1.75342233255585,-1.23640891077957,-0.301906915087078
-0.376232689082597,-0.0530692907200665,-1.53779781649187,0.880506186138144,0.523111295778087,1.05107601290566
1.44374290948688,-0.614938775200331,0.45261319318591,1.73392545148467,1.72580708610203,0.533288915026922
0.109830309569795,0.120702014431888,-1.1862712676966,-1.36657179039708,-0.00206939208432999,0.534225670503128
0.0864653131838056,-0.374609062343778,1.08326071473517,0.849585993639835,2.43825779706577,1.06507214527831
-1.21112675779003,0.284672128302264,1.09455131901738,-0.622850191863119,1.2349322026714,1.4744757358887
-0.70951812600767,-1.07508000163364,-1.68502290856872,0.564199069707582,-2.37508928763361,-1.87671770969462
-3.94028207406554,0.768642050993351,0.515502728934395,-0.00215790296199908,-2.56531059319183,-1.42296569825393
0.398859110711765,-3.34357400799965,3.26724968980163,3.1508271869758,2.96804970167705,3.23022506799044
0.0197512474424512,-6.53436905725191,6.20920168654317,5.00430261320632,2.68430435185008,4.05942260117004
0.754088289441081,1.00422573401999,0.797896682848985,-0.140638587908085,1.37684914119532,0.918006150802395
-1.67493957988311,-1.18577961653218,2.24558586260713,2.48032603775767,0.0890397906799414,-1.65509027903988
-2.51969187472975,-0.869082513058592,0.903782797184614,-0.842709847088123,-1.23361312542324,-0.531278766181808
2.15943259499402,4.89929723859227,-3.73678545566223,-2.90112817288713,-2.93325968340061,-3.24291294904565
-7.10452869509387,-1.09904891735846,0.503395422160839,0.981200374614455,-5.16319869876063,-4.1992855079109
-1.51603429168571,-2.27372570909714,3.43820587542336,1.86502665709796,1.19533436318177,2.63062770628105
0.601246239015244,0.958321346196645,-0.867372119765542,-1.5927096714018,-0.331001248527919,0.321107371702571
0.26407536620888,-1.24057930651903,-0.275676534615881,0.794283348268407,-0.73919865604477,-0.207907224347106
-0.773883706416328,0.4180985650792,-0.475672088557233,-0.725723065960934,-1.28877105203457,-0.530429236389501
1.07902175493731,-0.516250343995249,-0.746332385375441,-0.732532808149598,0.303781135151724,0.842341747987668
-0.747094084734619,1.06452204425226,-1.81893965821449,-2.70855321702237,1.62317736905948,2.62281622151327
-2.44901358843713,1.42918390043268,0.865650173765127,1.57487906064273,-1.9369249538065,-1.49099123153602
-0.904569230487068,-1.1314357872463,-0.246912740575654,0.258620199767027,0.0586056766592282,-0.707632293220894
-0.225735793302038,-2.87788112539435,2.12017440815338,2.55621842193964,0.0939109212070401,0.261710280737608
-0.429822820136185,1.40011087631647,0.242152939004977,-3.0256535406864,-0.282093006222685,-0.220324643000396
0.133248618972152,0.579981074062521,0.0569365666175323,1.00473476556276,-3.1288938237288,-1.16268709444409
-0.444257869368893,2.05261305970551,-1.41784793813114,-2.53363472819969,0.261559529751031,2.9481407862303
1.05970315710538,-0.00668649580669699,-0.665228907764333,0.577892090998453,-1.76529751470345,-0.957045996033757
-0.210309436241054,3.77354474778489,-4.88243899406269,-2.99052170896136,-1.67459171415059,-1.77122614553775
-0.66886284945337,-2.28278012709731,1.94872551436848,1.06616366797112,2.51524030048028,3.19573148022153
0.403729370310063,0.433335339018514,1.28400345665091,-0.257758137610036,2.53710004450221,2.32539122208954
0.910116987720296,-0.6943148016621,1.418137693612,1.44148308917047,0.771150336535397,0.429101439464684
0.444548377839499,0.740277753285405,1.08522730585366,0.386142280088822,1.97506958697114,0.271187541647276
-0.650546553965519,-0.942194354903356,-0.517987054213916,0.968420351393593,3.98534256244354,3.2497300829296
0.522858247083582,1.0947456010575,-1.17230197465875,1.14387967754601,-0.944460304375143,-0.868000445344933
-1.04532397306456,-0.184536499586543,1.27425834234684,-0.756976093432802,-2.61164341264201,-1.81512433889236
2.07161119757512,0.117097117133998,-1.68147710640433,0.710091833807317,-0.975124982445236,-0.727785320683484
1.55010434693518,-0.472092978092645,-2.12802322957265,0.299762680978976,-0.559330313144176,-0.355566660543529
0.871030123020352,-0.114263904013601,-0.598836231440276,3.14106254050664,0.499357989232647,2.17311849417144
-2.66776930784117,-0.882405627733545,1.21245493011202,1.48904746327914,-1.64101751039711,-2.47202555470935
-0.126037507365124,-0.848538968723142,0.984556473655035,1.15000269060668,2.20021754639708,0.76425961796656
0.000228092749869766,-0.902646367888972,0.898468885595686,1.33405043923185,0.0678236002888059,-1.70346070218752
0.794783028121446,-0.662211833963943,-0.261096799314828,-0.490964974292048,-1.0489906514039,1.37889664346173
-0.65687302186237,-0.860999775130147,1.11925702078936,-0.427701816355026,0.456989658019958,1.49708093609208
-1.46964213899971,-0.966962528557472,0.765810398933905,1.04018325426983,-0.944642826274049,-1.56462412606988
0.46347100981141,-0.330993664013796,0.0142450598238272,-1.73036334728986,-2.02206576597655,-2.1958731231083
1.32681798019812,0.263383791935602,-0.176802768512826,0.236818129744645,0.686494989051838,5.33964831876629
-1.20665698817996,-0.948709018663404,1.55045362345581,-0.63344629802567,1.08395671890333,1.33305778514471
-2.12411613105938,-0.521541719006622,1.20329429612623,-0.84507634194484,0.190326352245507,-0.170144064191176
2.19127445288823,1.05097223609545,-1.00441414774724,-0.643193201208288,-0.553757415584756,-2.70649626664567
-0.520303865361814,-1.1523647122412,-0.14807825130906,2.52734661959489,-0.32739735860465,-1.20573878159782
1.3244859414843,-0.176887872139676,1.00109284018568,0.704710444349678,2.13956932145995,1.85878690012223
-1.43934028316194,-1.30644486177237,1.18463388684221,2.48883781247277,1.16292444388393,7.00365367458273
-0.544149889407953,2.76557470081308,-1.7955869272716,0.336986214337262,-2.21251823774189,-1.25960270452446
-0.18373811781166,0.293190391026713,-1.08105284457,-0.341587935114937,-2.00795262380422,-3.18941717438144
-1.15769277862991,-0.866046274217409,-0.400947556372551,-0.179670927881759,-2.13438432422651,-0.832305006555833
-0.398824127651356,-1.56529643805212,2.37252106592456,-0.392586357931092,3.0090646269142,2.70046966571441
1.96492282835555,-1.5222629773499,1.67452365923899,0.401953420072368,6.29379847325629,4.57776084072073
0.488741349672629,-0.629153396564639,-0.172607298525694,1.79429343108187,-2.60053782702167,0.0126616190310052
0.371372497946443,1.03180466704591,-1.35566729218576,-2.35044471805929,-4.15372933407727,-3.01143068318776
1.0787146436195,-1.88900589032161,0.807058718597603,1.838965832813,2.00873975349016,1.64610915017216
2.73491316047261,-0.23987155606432,0.326870307479283,1.17854163704927,2.34475170458284,1.78522592330259
1.21338373948473,0.228239998483427,0.912656373529327,-0.923757111731313,0.969423932643715,1.72814840255646
-0.106806285995314,0.0481812459517811,-1.52555947452821,0.05727252747364,-2.2355120304817,-2.85616345404688
1.23864477643248,0.793188529410949,-0.551400333338373,0.75490706137977,0.0309975617782159,0.0889496543480403
2.39273635875164,0.927260994680844,-0.870514084773352,0.49956809085854,1.7666590418278,1.59809427333635
0.886630247150884,0.0477881162978923,-0.369009794695818,0.0489616360774755,-0.551118424405801,-0.441065739242485
-0.626877132510723,1.57677073419892,-1.77403518291139,-2.03203099843254,-0.271817129480553,1.70121688822172
4.30453813398997,-1.76815857286204,2.55886264716057,0.923428046973622,5.72255720378192,2.67100379500615
0.626935744752007,0.341722835722357,-0.262101484519386,-1.68922881362622,0.964795186909525,-0.00171534003132412
0.397831973886921,0.0296385338147561,-0.338488751356437,-1.0376835218187,0.952232664662951,0.786728837848209
0.444515330763503,-0.183340797874045,0.370832953251769,1.03167259589922,0.547196068120181,-0.510724219948555
-3.19880174473865,0.127685562965621,0.0415703223408996,-2.02087910357451,-3.52804679250506,-1.29633467398224
-0.0153512682544556,1.70281938540731,-1.36711237095803,-2.45205871615704,-2.48740576280192,-2.35233191298528
-0.247825280372612,0.639265406408675,-0.499951141368412,-0.657650220001166,-1.58164759233176,-0.509739446439377
1.45291488392284,0.0915233542375706,0.689758929277335,0.0243398627896638,1.13215185078313,1.39414225897474
-1.55381669836518,0.965065678521518,-1.57458886185406,0.58581228155401,-2.71559872226247,-3.28385422724667
1.26714347343863,-0.468422924820469,-3.2891398633936,-0.945164544358969,-1.71384919824504,-1.24429139660912
-6.73240826001318,-1.20684398910701,2.86453972023206,0.398983117261077,-2.61359028590156,-1.03639976151315
1.1857440522333,0.33744005644834,-0.314159639920027,0.704229311899475,1.63656911075011,1.28485318731845
0.495606552751549,-1.40842836559099,1.01121272114092,0.0515155836812168,-0.552144496951638,2.06810008088095
0.724933410375609,4.37932469614714,-1.83614131944342,-2.1608312468084,-4.77389170814047,-3.81833618184747
-1.1214349376677,-0.443484211315152,0.937089585466556,0.770421710700464,-0.488080522828227,-1.15035734948477
-3.66237180585358,0.71516015249665,-2.04134151758856,-1.31396628659896,-2.90904331111001,-1.71704216657861
2.08878173649439,0.939391959863831,-0.380756538963854,-2.4147415569772,1.98206726135045,0.359695842905784
-2.23891948972593,-0.776099193692051,-0.711488781556437,0.361782614182732,-1.76874775916624,-1.46487061712256
0.962513277273593,-4.04180384497825,4.04545290910587,3.34736722356941,3.6772657243195,2.46941832210201
3.5318020569554,-1.38703456950434,0.722624665342961,0.791353442315744,1.75964675760209,1.1382794756462
1.94189182636574,-1.34896474368439,-0.540309613474872,-0.602903398520781,-0.725838902400422,-0.675238954498988
0.262784141987121,-1.4100217928384,-0.113138733025957,2.18145739978707,-0.344518724451112,-0.02219163934005
-0.906350979171393,-1.42239849026794,-0.785801228774487,0.0924247162915507,-0.994921315991876,0.0533973224218608
-0.417932664658282,0.323359410108118,-1.64463144104661,4.94314504295242,-0.342285624740665,0.2684678028808
-1.35542599809423,1.79179440989863,-0.694371224274516,-2.03603071500109,-1.37409027586793,-1.13569545058888
0.574158139334723,-0.710477604576587,0.427874570535957,0.444184068135165,2.16955706368018,2.20353014240035
0.610448970429353,-0.104592201936014,-0.626078045423521,1.45353062357154,1.25637408700437,1.67349051497174
-2.26720069536336,-0.701830496192751,-1.69082946054266,-1.33250880426173,-3.93333343973871,-2.31345214818003
0.874916934808395,0.0551144303480861,1.83329767526651,0.549029894547142,2.07251814985675,3.30415432723784
0.434071821282061,1.45638434075551,-1.0116414278137,-1.16808949139962,0.82433590696585,-0.19009718699626
0.765416478831021,0.658350498102046,-1.94923272803056,-1.51884115258867,-0.424242233146387,-1.96500315295639
0.868123029450945,-0.552018589220241,-0.595373668640698,0.140074270806405,0.691197577039194,-2.66177174835736
-1.39156936289612,-0.545861263532966,0.432086502929454,-0.346025540582684,-1.29096109320802,-2.91244429229412
-0.620203107336945,0.401286881201278,-1.23996467913881,0.719790795969116,-1.26897728269735,-1.14481238231658
-1.20532203570897,2.40774593552342,-0.512561214274546,-0.993134436018794,-0.0956961704082597,0.110488558113114
-0.0392991459293692,-0.310078873947225,-0.49816730031209,-0.596481391514997,15.2449901491988,11.4291440652719
0.520032033551239,-0.0982595517782491,-0.219050102657403,-1.21102955952291,-0.339570808544591,-1.61607053970664
-0.320720171536714,-0.0636316122807654,-1.63627860228528,0.35707043057212,-0.765463737112497,-1.57179143017656
0.843954259990165,-0.387155194055596,1.34903973477695,0.128784587654017,2.53451094586463,2.53492847515372
1.10702476435428,1.89928393541768,-2.45615792026324,-2.95945269717261,-1.13569401670073,-0.396326496216785
-1.46583247071822,-1.72671848435484,1.06525257720057,1.42911576498337,-0.351255334447399,-0.94445561310642
0.747260178215924,-0.568992120879207,0.618664295377567,0.331600858129933,-0.418004525243965,-0.248176280844106
0.466585759517165,-1.40734943261133,1.0165262098249,1.13930441050277,-0.00469093208986138,0.331239161941185
-1.62653915866036,-1.05030506529804,0.9983074617252,-0.117325744185089,-0.171009236870195,-1.06717060654934
-0.511883806360424,0.515757815991985,1.01657275057283,2.48181632303987,-0.285443121246094,1.09268114593296
-0.316756522185744,0.513516304617817,0.490193606195122,-2.04577142980697,0.338795041861975,0.03987590180276
0.638528170182082,2.46568654563827,-4.9262592678228,-0.835157660312299,-3.4972426701493,-3.45123706078019
-0.801257071620573,0.315257127976489,-1.3620174448084,0.795764388340195,-1.88636266217626,-1.64659170971859
1.58010648533736,-1.19487745137917,0.338215209173509,1.61536961159001,0.809388990598762,-0.867943316064739
0.863810779103735,2.09019061994865,1.22382415414245,-1.31795724659909,1.39692027749973,1.61301372215749
0.224776722391892,-1.95578283353276,0.456783553002484,1.22701729215968,-0.114311865454488,4.11024151098783
1.31296471553415,1.08206832405574,-4.35824971411916,0.141027770324124,-2.78880746439087,-2.54892273687154
1.58503431924244,-1.20350355618072,0.588759325944873,0.0680347176229659,1.22366732802541,2.28104361776652
0.515491073888362,-0.427746455416911,-3.818055406694,1.69789365452598,-2.14811871069439,-2.42584757125458
2.18833041189666,0.779656879787842,3.34522318313342,-0.126870871629451,2.70075719818803,2.82450488966564
-1.15778745228101,1.38188372110454,2.51306090664523,-2.47912705928467,-0.220016671684967,-0.193573002062776
-0.00813566597511214,-0.78337366625047,1.04592259181625,1.19065755713239,-0.646150237238952,-0.882134785004225
-1.47059243767055,0.383552625678913,0.508562579990551,1.42307341853786,0.347646076011718,-0.806196926068199
1.63921075506867,0.0324285082318911,-0.622268653499337,-0.709018433665425,3.46188554287932,3.47371363292783
-1.23909259974278,-5.12578479268941,5.32405117924962,1.75945009122829,5.05659681510564,4.67340816454329
1.81200456036363,-0.00774715446579242,1.78715494679021,0.516684876827222,3.30467749365157,8.06517839620442
1.35204163329392,1.36161794240896,-1.84226018576388,0.345842842265009,0.299832532615695,-1.03797818702111
-0.0320012206759354,-0.404052163688612,-1.08011744784258,0.877905385205188,-5.5734652600839,-6.74753352651436
-0.128760290047902,-1.9104705972894,0.771686256533388,-0.373043422677288,-1.08655581675117,-0.901316817712562
-0.811033121220257,-0.0441737770552958,0.0549877160895912,0.0473546249119592,-2.8422395159226,-3.61440691547858
-3.23018576454623,-1.39395828798869,-1.08499443594975,-2.1996326130386,-2.07256497524354,-1.59540141270354
-1.67645816117858,2.64410800174915,-2.85065368740174,-1.13251118176217,-4.59344127533603,-2.76543367274696
1.1101812591357,-0.38761324415052,1.68265898385248,-0.177210069453089,2.58448268361376,0.972151707793071
-0.00357847826634122,0.600948037974224,-0.319889280120536,-0.234244062619128,-0.131484818241099,0.79431781032593
-0.268812352432675,0.0279196243945363,0.792266484657693,-0.462456123345932,-3.54646856276538,-3.0053396632523
0.0961214820033138,1.10891704956373,0.41466691058287,-1.8220895980942,-0.227605740232513,-0.475477347298378
-0.40373293081775,-0.253353532355161,-2.4163160475717,1.50795410725503,-4.7555418796319,-5.92723754539034
-0.812237055395585,1.3935137253839,-2.09803500376859,0.498012260772372,-0.630636660612278,1.7836329158184
-1.60112205984843,0.088128915462413,1.36911975634742,0.581523016544574,0.0087285133017182,-0.968686638730836
-1.28568859516431,-0.0732792555692683,0.232184290068577,-2.19051943724013,-2.02962720363368,-0.132806104374935
-0.0945512230580969,0.693763946625763,-0.947883366145648,-0.0988388479606427,-0.973854839776446,0.55357922313654
-0.958948537105041,1.6065645346211,4.01630476440714,-4.0950635063679,-1.10622049600694,-2.83920209132459
-0.644588173394608,-1.1903904972426,1.8478514680796,-0.359126601504836,0.806523320080796,1.34250249041811
-3.47698970748089,-0.800374530754799,1.84911156033642,-0.174701131396065,-1.5459852287053,-1.81486707902471
0.680847179458296,0.613994246449053,-3.07539496660476,-1.31823170622633,-2.28763469512217,-2.61889806037776
0.130093255792856,-3.44769383532943,5.92337964790361,0.917481661024905,3.01418488550821,1.63342144482895
0.369720040681914,0.256839796613495,-1.19848623954994,-0.231109432785346,-0.69677676545687,0.10400558804448
-0.863078247877495,1.45723100076631,-1.17276073880101,-1.75127075086024,-1.18654179160829,-2.06459724726436
1.02708363459133,-1.31303020766725,2.42619175361383,-0.757099314484082,3.27183583876663,2.87769946076471
2.57913524784098,-0.311642734096877,-0.75622168439426,-8.33593351513792,-0.450304876104826,0.506575070543087
0.666248582389492,0.764759876756233,-1.06696315212324,-0.624080152913495,0.51895801674542,3.94008157135184
0.11888902222717,-1.06793639669447,1.68718292300076,0.379297426456188,1.43975008890873,1.88563467218135
0.33885000074255,1.61227849268801,-1.25381409304884,-1.16227393606956,-0.110693525164146,-1.13034418249247
1.46904173244118,-0.196732451149804,1.16308798505236,0.0663157391832699,1.12797941886035,1.98078587813427
-1.80241913395848,1.35037320858952,-0.667858097239475,-1.09072354950061,-2.59026468552411,-1.54613103669159
0.102953957675791,-0.939168365634179,1.84359373805708,2.69643496411302,6.7060514942231,5.57894831146921
1.67155781868671,-0.290135924103109,1.19812960005,0.432702209365949,4.3955305468005,3.48894594087648
1.18863192629401,-0.956177082059611,1.72245885345248,-0.0858868678284522,0.337474686293144,0.0858299580781932
1.49029283141546,-0.637251245939146,1.81274928670178,-0.495179681438264,0.267131217196319,0.742015962479786
-0.486797643948009,-2.50173665676759,1.65651048117251,0.642827962738701,-0.219084841256872,2.068434469009
-0.190488527738466,0.793813781541179,-1.3923439033326,-2.06468512883808,-1.49545308792711,-1.07083688909904
-2.1095404326756,-10.7195920761742,9.74605961771473,13.9045026024491,5.67298085501888,5.9408529838947
0.613825992447286,-1.12937525357937,1.44541427917019,0.250355111804908,2.06833573644583,2.4878359960616
-0.383012342610889,1.1405136973397,-1.91857504507301,-1.47213076984918,-0.292298766239124,-0.356455319275155
-0.206853399200228,-1.06155796429333,0.880386501673972,-0.0644403649345426,1.66494542810372,2.28232393047558
-1.7973937888957,0.613503109247777,-3.80564800409104,0.429889075399267,-6.68827548855179,-5.35100844530263
-2.87508049207884,-1.7554886821071,1.35889941391697,1.76368358889561,0.295456029197357,1.62498681706119
-3.62042710798842e-06,-3.36927427775696,1.60370759800964,1.81004905635636,1.00869767658031,0.273684813330551
1.99667528588104,0.615587300022118,0.342246515321483,0.845100915369124,1.4718673041399,1.90615151905985
1.0924811963319,-5.46135641912891,3.08761985683008,4.21504565367819,2.45912689468809,2.22271771321403
4.83259162164601,-0.224748052399809,2.06611489514345,-1.95738832276262,6.64381384781037,6.45441066982243
6.48505941797353,1.67673258850612,-2.639127711692,-0.902429098333813,0.877730812522535,1.81793387250339
