2.65273655904374,0.992828981007931,-0.626855444958436,-0.699602419295556,4.01619291693085,0.470164561352453,2.35623423069269,2.76000244416111
-0.626270637461754,1.49436495118819,-0.180357360228717,1.44043395324091,-2.0100762670438,0.057694953372411,-1.73592029796963,-1.4471770048436
-0.553508616770861,0.234636882209343,-0.776064107175067,-0.836827056195466,0.777244055519328,-0.0884690133614808,-0.0685453198479616,1.01728109222212
0.0819976753770869,-1.78716382330197,-0.784184886134287,-1.35674421589202,-2.18625730860188,-0.446279821529065,-0.013697915033761,-1.39839638246974
-1.57294818878587,0.749237522115419,0.615289030265683,0.506181823538173,0.620586776493855,-0.601675035838648,0.6032702687886,0.755635775442618
-0.344925993073396,-0.614530464844865,-0.897985975571599,1.93272576243391,0.252134213640788,0.588833942493659,-0.069853349491567,0.651766634163202
-0.839966168933251,-1.287078979858,0.334452288089406,-0.314591456430499,-0.36973535741163,-1.24365597110562,0.509482597258105,-0.268476566128647
0.364034911504225,-0.126534114246999,-0.715419197518435,0.707294094361747,-1.25942989730155,0.104110733433468,-2.0583847402145,-0.631293700163767
0.54048315785131,0.967513099280451,0.521793400121723,1.99412877245216,0.200214513125645,-0.240628845438509,0.111807326411226,0.764341749027429
0.563065289647902,-2.22456630166506,-0.216200994212603,-1.58923805858173,-0.879496218543372,0.0150267851679804,-0.77791935647392,-0.339247968126868
1.66695593631144,-1.64806582506466,1.58648775348831,0.371202211995401,-2.08086197143208,2.054532475299,-2.74268082962114,-2.4205264745384
0.340669162601604,-1.00460553586873,0.00596359559545013,0.607297937574768,1.09992759664835,1.20861345181887,-0.108815043098274,-0.530959445417034
0.28061197044119,0.308740271570896,0.254982021534563,1.07807677517666,1.26779270382116,0.304530016813471,0.728319102171658,1.28739708505095
-0.596261535130248,-1.60228932455978,1.54497600114279,1.77996299322335,-3.77147101456695,1.64406515792415,-3.34386671831787,-2.62745288966783
-1.30600455315775,-0.81334090039445,-1.13370529473814,0.936794931768009,-0.0847235228335692,-0.22338458960147,-0.186465432161034,0.603514729668744
-0.23239900326747,0.0487002116007627,-0.641474785746545,0.582436379889588,-1.97047702515732,-0.855008917753428,-1.52947442029517,-0.758886350402253
-0.762540957145797,0.471334294835418,0.299214355354802,0.566740710838953,0.0394548206277396,0.622972647760245,0.940833354095927,-0.996560474247665
0.339817937874636,-0.0456421211832738,0.998146631589971,-1.47132122339583,2.72366319421046,0.689954183731639,0.153542793531075,0.814458410228546
-0.250121699381675,0.946464011531954,0.429582741754525,-4.0850329512038,2.60224457937116,-0.634605140312666,1.1320940115933,1.27026699614395
-0.0116862103701596,0.145035043118948,0.355048535975711,0.0272339824237044,-1.83586192119411,1.0738982199746,-0.322334571756302,-1.49724195047717
0.248512799837661,-0.071980663828401,0.784203965652732,-0.855351321222866,0.344339632950683,-0.684416212188937,1.99652646525956,0.216528373229306
-1.52911431175226,-0.444497418672734,0.213639064498444,0.890119044422308,-0.291283201642874,1.07666414162941,-1.2260567934996,0.0573161702459383
0.422995798957133,-4.24945799659445,0.336356387053368,0.048822036687189,-4.61188197455841,-0.175650947515635,-3.28190080190067,-2.28075544989032
0.0841565385494936,-0.495313069634488,-0.0780764249707503,0.243485198272601,-1.49522106638351,-0.86634460145082,-0.126540105948438,0.813309642676891
-0.85499531775867,-0.263867866866536,0.18292299432972,-0.0790469493342533,0.209840124404149,0.496455753816011,-0.784341871902862,-1.09365546479006
1.34069944497931,-0.287278410276207,0.340299148993397,-1.47315636036178,1.71875874068358,1.20051088177661,0.630226407453862,0.95488605155651
-0.0704301428655493,0.249375893703256,0.703964649871766,-2.27839699047406,2.54431237179781,1.10742360748518,-0.282199359150238,2.31865618495602
2.06226100842921,0.242307495949097,0.0498503060400901,-2.1701762847541,2.34695788181316,-0.444128535633152,1.4352464451422,1.70274663552891
-0.0679079900666161,-0.142470940938092,0.0420249080006447,-1.62765384937524,3.47086480985722,-0.830100068329167,3.79289180590974,1.79959024405988
0.711050492821294,-0.54072943412682,0.6003195519649,-0.420461946757959,-0.028215837131751,0.810090251914734,-1.35224328986511,0.666319874281164
0.619084615093291,-0.642911630963269,-0.762023011360912,1.3858066623817,1.5777906507106,-1.94066533845883,2.56832508759222,0.543706837302918
0.260830458494834,-0.442934369752578,-0.297798648664129,-0.0219600500797521,-1.3771005869839,0.544246637943371,-2.21866721733234,-1.38849419252698
-0.819919347703292,-0.71840572275195,-1.14527483303341,-0.64245567103069,-0.339158514547902,-0.240725627851742,0.235417449526277,0.716460456030074
-0.435864816374566,1.68629360102384,1.18748630080336,0.38003667300426,1.59837694871824,0.721372273935418,-0.181524069372392,2.34941289977033
1.74293182337895,-0.171217579722701,-0.19694251630077,-1.62616424135798,1.77287005940411,0.0661933556636751,0.883590578657689,1.1922138114535
-0.658386603569481,0.19876950809367,-0.247784212043614,2.45173338576238,-2.13152859414338,-1.29573165493995,0.0103319696255467,-0.395938405755733
0.0755522403102431,1.64770579185466,0.551972427083879,0.50621671729015,-0.0522666792223962,0.48828751533582,-0.32569302137168,0.0409859923569227
-0.616898323320759,-1.6699824042507,0.241857132822184,-0.238765215930572,0.763602813317255,0.71946792858085,-2.04842508542182,0.779464485284407
0.465976559100847,-1.52779314665442,0.0241157217350986,1.36657661775601,-2.4261000440525,-1.17949621875311,-0.744243919075834,-1.13198168618235
-0.584628932533126,-0.0275209832370997,-0.529178736141084,2.38337347633726,-2.96654577036288,-1.89034843916762,0.278808431840762,-1.89394891215846
-0.124145662122782,-0.272112470900735,-0.380270475039815,-1.32830412729963,1.43613433367491,-1.53039121260875,1.97945694968968,1.00646109742306
0.0716251581627503,-0.11932200611543,0.976827079076086,-1.20523160553603,-0.0345083711771361,0.467938656546847,0.361905087093618,-0.761402479718028
0.889209009430154,-0.265067839305937,-1.84121389232965,1.6278855103187,-2.32012915001883,-1.221669560454,-0.58576218732699,-0.570036762127758
0.544746322624251,-2.7640071596568,-0.733689484275595,1.95550855588997,-2.27980294380868,-1.13016482009338,0.982623647723077,-1.11521509961752
0.579543529567602,2.21563648083154,0.128732670560927,3.87684098565787,-2.45935779197051,0.26978052552577,-3.07721019012836,-0.892697409498458
1.26026415669156,-0.31576578439571,0.363571059239316,-0.297111557121338,0.85013988792883,0.744771927089061,0.170925410223948,0.0529592928412795
0.477267795062667,-0.913540053189648,0.619876939741155,-0.780634046363101,1.09055108579929,-0.719317440292098,0.622283936766934,0.442847645082257
-0.317080253643538,1.50630591614939,0.330170117775179,-0.617078387552595,3.31354643529312,-0.461679716676664,1.88291708657493,2.88160726721504
0.461739520587172,-0.0702125005357753,0.654615775638306,1.04666518409068,-3.06444161423484,0.559768912337207,-1.3935997176889,-1.62375553809606
-1.0975653343345,-0.0942341601903432,-0.557582529157915,0.00557960475563375,-0.152322628196893,0.138405234061846,1.16037472526104,-0.0434583197101616
0.167342059253176,0.594209781174659,0.698849850416551,0.862479947571331,-0.800241294241447,0.868290544906824,-0.411260925631973,0.119299882997318
2.35352950769662,-1.42671407058829,0.411651291465534,-2.27660492619003,0.299872296889119,0.666998517324577,-0.584436588284283,-0.331423225234227
-0.703977642798201,-1.25648174610174,-1.79634227316495,1.77673517944212,-1.84435279175476,-0.482470213134208,-0.982271029676665,-1.42006596068493
0.282252129967733,-0.542886949568435,1.76678073662319,-2.67533424991648,1.05099077225937,1.97617540635267,-0.95830027781444,1.34041881474877
-1.79942039889272,2.83553962915513,-0.761208322495339,-0.795433798833422,1.5681980036136,-0.725005699484593,2.02157249988924,1.6795380426941
0.855164217022298,0.89679368054661,1.87488820585324,-2.90707287644312,1.06422103760506,1.81697123053084,-0.975855741677292,0.847792699251497
1.24126623576197,0.963716513103338,0.418122175767942,-2.12420732704475,2.01971048925325,1.75617321754807,-0.538098759758104,2.20071018366965
-0.506473387790381,-0.345821550106063,0.126960474040334,0.635959236725497,2.04909837903165,-0.0529457418811543,1.6407474939496,1.70144639082296
-0.772182660009494,-0.610725880504147,1.11050381844843,-0.254889456243891,0.845979753312042,0.784486630827,-0.142598930287465,0.637059402357722
-1.38736998491054,-0.621411958593308,0.948890432508635,-0.649962155630393,-0.413049988607554,1.67748330462013,-1.7012318891447,-0.936119190921302
0.787290491696077,-0.722274856227596,1.33933718706337,0.541426839864603,-0.164661506391167,1.23364289434298,-0.590229991118854,-0.901514588098762
-1.14010078333876,-1.84736776541496,-0.244195473563188,0.337342764031443,-1.1449318918065,0.236210078123463,-0.307953995682865,-0.728933196277014
-1.22248695404437,-1.9468236007507,-1.0069869765509,-1.24860916818299,1.91406088232026,0.134789352071469,2.23769451823399,0.852849199489253
0.340058459386821,2.15156518203389,-0.683795099425945,0.378288090910681,1.06819710720516,-0.570621320201864,2.60856921726106,-0.258410854064835
0.200975586650018,0.677032733274557,-1.50888869839339,-0.497750050796566,-1.89568849208448,-1.67765970568632,0.459060465054305,-1.22977371248488
-1.09090803131066,0.817591838790483,-0.0884740431376749,0.677106105407017,0.384071882208463,-1.3730204622398,1.96479752583461,-0.439832697658823
-0.0241337451093998,-1.42643318184442,0.060571997435192,0.259802499584799,-1.1062343135237,0.852820651351529,-1.85728433777079,0.518415763037813
1.63244853292453,1.86971058266279,-0.792801877638618,-0.459826736683157,1.19667806113067,-1.43953318060932,1.69012739608881,0.885383763514347
0.217262205122225,2.57694539357708,-0.504890882972976,0.72334019366973,3.57256994091455,-0.316452308139046,1.83832740153654,3.36992048195218
-0.214298817838431,0.378023643295744,0.393793914262746,-1.27644154995879,-0.306557302152289,1.61742035098159,-1.42685873736301,0.513342348393474
-0.472908848397759,0.308958149205265,-0.0828734285671337,-0.427637949205753,0.781203060885071,-0.020276274442926,0.163214781987413,-0.353221651787442
-0.448791554310145,-1.5247248265668,0.00467021669226405,2.24082703678213,-3.67512032637732,0.680453756601525,-2.89544623378848,-1.19387890993208
1.1803206084037,2.29385425895495,0.110849899593955,0.844079334616156,1.13858145764201,0.60613844747816,0.664522578228392,0.046836936279009
-1.24583931048651,2.70311685041132,0.0225105908908137,-0.00239587100250856,2.95191639538698,-0.0857443093416075,2.16040324988031,1.53003483986766
-0.615886119119223,2.27744722138847,-0.0648167125429991,0.873901623631666,0.177170248624533,-0.15334772413458,-0.358599071132298,0.120375199215576
-0.186826498321835,0.443504170459186,-0.941210856320353,0.711200758134135,1.63673016703434,-0.982450329871346,0.691705161479913,0.569932170358873
1.08125435998785,-1.25150008396781,0.822485489561112,-0.680364175829691,-0.389535315702215,1.75179653801718,-2.40384633847587,-0.404550250123658
-0.077996026832479,0.75019955560208,-0.578844332565827,-0.777671177989536,0.250473276592077,-0.927878557652414,-0.119277546735053,-0.453351588614186
0.310972039040458,-1.07796094216815,-0.0883267818771796,-0.649124705226134,-0.123413888525975,0.172570816006835,-0.421450155688859,-0.424152087054542
0.991076099646393,1.63865699210721,-1.15700054319265,-0.549827052455097,2.90174363282379,0.0259222004773175,3.25818890014121,2.64714262498935
0.124268124593344,-1.49884852135847,-0.79197608875456,1.49692187611558,-1.26946402301798,-0.825694418544748,0.723416798832894,-0.915575037216078
0.0563955094304756,-0.119957323235552,-0.170644256413359,-1.27934522271524,1.59421353799078,-0.0367628485019797,1.21681190510623,0.467365604661766
0.526241773450206,0.0446061490506385,-1.61824929012997,0.938980972043821,-1.41347262579565,-0.854169846334015,0.160809465741787,-0.889243655277215
0.0209224117503506,2.10849697280181,-0.327838084913021,-2.0561400736322,5.03365010194453,-0.872657783243381,2.94883491955541,3.03242038784175
-1.79576685771138,-0.503511863390342,0.39371514185203,-2.28609648502054,1.175971773948,0.997126117297,-0.228851732325337,0.630863017076607
-0.285749806925171,1.30053302739397,0.671443852157025,0.0546898518082519,-1.50536713288825,-0.633936675766051,1.08802249085757,-0.947679747630571
0.179768559376184,1.48201384089275,0.266599356414522,2.3926178344295,0.456196180033981,-0.199557911157992,-0.288843311971618,-0.929493317867112
0.404465270293546,0.84520400329378,-0.384823537839702,0.666958974917802,-0.855081090420929,0.411947670363189,-2.49734577798276,0.470593545795225
-0.0544671538437366,1.52223463696873,1.15832494494949,0.863608305472747,-0.220458433798696,2.00072817266014,-1.31816322761611,0.374059343190736
0.461509287754272,-1.63396494692146,0.321883195486777,-0.203728537151154,-2.5507524391423,0.204343839119397,-1.60723822262201,-2.78312178429863
0.685876787782064,0.993365194105412,-0.485116316710484,0.698203593306963,-0.200135444778211,-1.20044573394099,0.331844392220039,1.30030952188016
0.309268382829312,2.1349785805414,0.0817538180604458,-1.05300541714469,2.72124226537568,1.24841336178157,1.13033892287817,2.12869173451851
0.0356603314195796,0.344552224812382,0.000654251791454296,0.190595201661134,0.0853068719953876,-0.646459983489453,0.167896467701928,0.541719089802648
-0.219865594410561,-0.19659166896475,0.0508763551995466,-0.155133374676139,-0.299836726103573,-1.09409439381781,1.34361194152851,-0.673820493121853
-0.31210512553501,0.839755038535115,-1.7361827708701,-0.922721509374252,1.51345457711001,-0.883735329374579,2.34211212658253,0.570661989619727
-0.479289554449451,-0.465707368969083,-0.338830574129157,-0.292345164487331,1.26914076282205,-0.850766977277756,1.53783820155354,2.05657236542395
0.668186013050562,-0.697781853577266,1.19478770539466,-1.68259087573585,-0.00821663163679615,1.69470832663264,-1.3528163999048,-1.22714837405141
-1.04574448794632,1.98328188472319,0.272145759337179,-0.801871161784736,2.53278731050674,-0.0960611231356226,0.917538999578352,1.31251150108551
-0.742968119490193,0.391989993110576,-0.350391877505642,-0.41045045481922,2.68283513140484,-0.82403194996932,1.63040950405485,1.32490301412998
1.81046998475735,-1.96556011426958,-1.02910326521789,1.82050945378986,-3.91082696138518,-0.393304129185233,-2.15894498818128,-1.94170770878504
-0.514007955527618,1.00609684647297,-1.34000479315324,0.812360139658394,0.791913400264491,-1.81256429877739,1.95042528881477,-0.351107053738712
-0.800814631544545,0.843158162532235,-1.03777429442929,0.402937889817158,-1.90222656834759,-0.841022065488909,-1.0551360866648,-1.15568019317007
0.325518722619897,-0.166004355391955,1.21109552679815,-0.413640280103367,0.0110848357009226,-0.202038455054969,0.628226656594062,-0.608150669529108
0.248897539397231,-0.899374228080055,-0.659723049805155,-0.332509218597273,0.52487584127967,-0.246536095919352,1.71359155670845,0.658962005021812
0.295954513218107,0.689048788935612,0.0437856365499553,-1.20770739521424,-0.391164478149409,-1.61739125954787,2.10102701385609,-0.0842708198618351
-1.74879595874292,1.04170973408626,-0.654176826735053,-0.876585251367612,1.88583098761265,1.63427164057805,0.041122216907445,-0.693675401173429
-1.17481088315785,-0.341611139007843,-1.62499630796922,0.726476893701044,-0.522902636615248,-1.11397930578426,-1.11644230388131,-0.907294027773411
-1.47555175171722,0.139490489614691,-0.021582429500025,0.410898573086965,0.871590619877766,-0.086841536477039,-0.798502165199522,-0.0322406685728935
0.792403872542214,1.14152838535896,1.58959504384844,0.325053014721014,-0.757280546667491,0.325872813036245,-0.77016495645676,-2.32679181707038
0.0119729328150075,-0.244663516775835,0.730584662034901,0.172023660761439,-1.12880410804524,0.754760802422016,-1.47641158350939,-0.449162570575102
0.215688073997411,0.0477404162010652,0.630288987246217,-1.09879011532692,1.99643166614768,0.599281890567065,-0.310930984262446,1.53067300665069
-1.50729652962411,-1.24457466142984,0.713865388337777,-0.778570699899481,-0.998494353546886,-0.463671010702288,-1.16818425381951,-1.14521284461739
-0.228372697570187,0.153496710615671,0.193400265507207,-0.659866621625406,-1.01540319082228,-0.650073894752083,0.396816487112727,0.0362671249223776
0.0697042712601758,-3.31903956177685,-0.378016233057088,0.129472325396819,-3.2203776124465,0.430929339640637,-1.58181073669918,-1.90732019759456
1.1342823189749,1.64774187662205,-0.991886534021512,1.35739602854929,-0.509882665479408,-2.13400962298553,2.22637711958727,0.426317549030833
-2.80482308805544,0.0975737715141421,-0.0904341371179921,1.69665188947515,0.153547097114685,-0.611345551612276,0.857965677519304,0.95375130198598
-1.75549557371159,0.258929756826666,0.467669428035308,-1.55738235168763,0.568665826167471,0.535487811635908,0.252227715362445,0.518476109815627
-1.42891378254897,-0.380209042301741,0.035033362235824,0.92051297412849,-1.85530841458553,-0.649116667419471,-2.06125064707192,-0.549135270505328
-0.422775283702256,-0.180989673764693,0.491214203400814,-0.0540783894542344,-0.835908415914105,-0.0191392079444259,0.973057524075775,-0.427891141279393
-0.0732533392961238,-1.81566577784981,-0.435421130832903,-0.973014959905278,-1.40514868738068,-0.145247113054216,-0.815711474918946,-0.429440581880029
0.17762617079102,-0.59325914090341,-0.426798663988485,2.53777952201299,-2.11502448823525,-0.760234180958777,-0.870893764396863,-0.385359845784432
-0.21286087064825,1.49690961815608,-0.349078987848099,2.20360890201385,-0.799411690836905,-0.263366496545148,0.398139413787058,-1.98220129467308
0.679563583392642,0.838481237688319,0.781386397194819,-0.20527368791418,0.143875840266774,0.884220078669774,-0.726564059240912,0.570336107197571
1.5316186178397,-2.06991810942113,-0.168331168349589,-1.3904436359009,-1.43003313445114,-0.945219849225787,1.01662905944553,-0.720949456833
-0.0710206996005691,-0.429952419063317,-0.630364177912263,0.374047744386826,0.393408149417997,0.205286939140299,0.286973013460302,0.392237939926354
-2.17994387435962,-0.603713226126427,-1.18919127810164,0.180932808652962,1.15901018856124,0.0320569025413196,0.681461794205076,1.42572056374131
-0.769253126506297,1.70263008104603,-0.0961589664959152,0.87251167943863,-1.09715437871609,-0.55493592331301,0.237925786950526,-0.402661356542108
0.824081841100574,0.0714566024436724,0.662909770565733,-1.49444315752293,1.40881795843605,1.15551416479247,0.972064787482853,1.0589028254251
-0.817231792425116,-1.1044961788044,-0.350071487776063,-0.0204815235909615,-0.870567708533863,0.409542435544185,-1.19815762735175,-0.954172012035255
1.44926427304195,-0.29477456066457,1.35654248741641,-1.27344584245043,1.03452269067025,1.26506563110267,-0.191312413539279,2.21176323948627
0.12664586855485,0.283905392520009,0.953642611993825,-0.417125726532734,0.0186964893801707,1.00637624597612,-1.01570947688848,0.490793960836728
0.18230557248567,1.66141998954125,-1.43441060048438,0.201037009636918,2.82021950970896,-0.82392597330035,2.40757357428057,1.44736109854053
-1.08179290338633,-1.56941964908346,-0.742481898196322,-0.0640620684793162,-0.00891564116453663,-0.679572578045023,0.528462430781564,-0.0827679935219054
-1.25912005374837,0.139131192264041,0.117194496550586,1.43992305886313,-1.18914086602155,-1.04180795447507,0.127790480613523,-1.82457470500918
-0.743898699521322,0.984054711304653,0.289952072086991,-0.728278644838949,-1.21806985250584,-1.17330404868401,0.536569366382201,-0.875190152029838
0.430780277134286,-0.313083660179517,-0.917797978005089,1.91893654876846,-3.16463779750622,-0.307729484920517,-1.03174973667071,-1.66843289742702
-0.238069138940433,0.496867712040803,0.0731123869894383,1.31627571483942,-1.17040895889571,1.15932346001933,-1.17350600311962,-2.77464157571797
0.624029979402797,1.62270587739714,0.195394618267749,-1.6102671232072,2.63303252830432,0.619200940962611,2.20666452610175,1.77793931709509
0.0434496084533458,0.477832150169884,0.514084947731392,0.219633085325673,0.784901016067379,0.405409016928904,-0.335604278200359,1.16213959628665
1.03043747182591,0.65390848818794,-0.916677139256009,1.12234412903111,-0.542488124300415,-0.952925019319665,-0.124000143089555,0.194437969611549
-1.37044620052474,2.75103260484724,0.596750434194176,0.18878423008661,3.58497788385897,-0.738000515097314,4.52994177161374,1.67657785773116
0.649657095497876,-2.48381742380653,0.402273366605244,0.993784574961241,0.0118189546500624,1.94533987812264,-0.792559005657695,0.352918643281156
0.261380462067934,-1.59317008291632,1.26923061981521,-0.407037710582537,-1.11714708001528,0.759710785835932,-0.559814120783818,-1.91591663921389
0.121576657951246,-0.290458472307014,-1.38840227185952,1.22314068894601,0.397909526006892,-1.55063089673925,2.73449993670411,0.869419521599843
-1.61767322104752,0.782606033800026,-0.544114674669235,0.243062737531211,-0.470840287344097,-0.558872871149727,0.0656860764296886,0.527643129819165
-0.611251384477566,-0.79444908586844,0.749199727138282,0.570348739457235,-0.0878197031899398,-0.535645655156295,0.481877221467674,-0.275628962350547
-0.389102315995638,0.05735668749161,0.083195784268609,-1.56102390748972,0.120542074036161,-0.0459246941214043,-0.31216033925879,0.807006384436562
0.19384666075608,1.45251298652779,0.0299400609128772,-1.46174130412877,2.23427825615974,-0.19853686749948,-0.253594480769774,1.95469970003531
-0.833533767444715,0.440630781713826,0.293869843153311,-0.720636612867633,1.39442861152112,-0.340570623882841,0.888072998135278,1.25730808028838
-0.957924957056005,-0.165738028177838,-0.0618631880979662,-0.246199141617098,1.56242678779886,-1.0126576574062,1.18157036489204,2.30018208625962
-0.2387107208378,1.13621926183602,0.515364914286051,0.276458134503254,1.4320400686885,-0.0438441847532414,0.489799816970816,0.932995945072996
-0.017142720340521,-1.45549786425993,-1.1595816695921,0.179969736963272,0.182342184317463,-1.77289993263963,1.31430615285232,-0.791506418196131
1.59152666086321,-0.617897668462187,0.548098567562021,-0.0230506223508233,-0.617135000148155,0.823475980441613,-1.13985113870112,-0.15185774088741
-2.22808247550249,-1.45193398513099,0.73836437753628,0.570224143259227,-0.671156913588816,1.58012785391239,-1.6049397954485,0.460301733038237
-0.467132040759742,0.83229845866352,-0.64543786670571,-0.936613595595486,1.61143656861058,-0.311716278939975,1.10193529379533,0.920056689252321
-0.803190608022819,-0.499052800901231,-1.01205050399898,-0.177780908577185,-0.125071598772822,-1.41898053510362,2.15062955616277,-0.777606299228139
-1.48609131785948,0.853422342753689,0.366544857435607,-1.35115960137533,0.556922843012736,-1.68601420502372,0.879650776483926,1.95589848375356
0.598102499109514,-0.837241920501335,1.06409240171961,-1.78436846861612,1.66599650582803,1.0676320636121,-0.841544163385801,1.266371679938
0.995303162236359,-1.35105242994278,1.02995659006315,0.382087376122798,0.522690405817577,0.878896364615237,-1.00314568807528,-0.0557221011792931
-0.36071316565733,0.347337588245278,0.704113517559958,-0.117188485542373,-1.53454437928363,0.0436938061408752,-1.48266549029643,-0.59497304457569
-0.559401557404645,-1.37576176986132,-0.348285555863767,-0.331027593885373,-0.141537953866496,0.232610596483799,0.855864425787353,-0.689095891053926
0.621155831176715,0.645731877228461,-0.634702826654945,1.39274425194838,0.424165770255159,-1.02863316193161,1.69860748208588,0.523349802867677
-0.272913563762228,-3.44732094235407,0.876670108290329,1.20885427181659,-2.59806514414186,1.24363077151588,-2.32489433210237,-2.41064695023255
-1.62740237597128,-0.359019003999671,-0.733889691200386,0.865804072991564,-1.17578142070023,-0.0158295914819517,-0.675264040876969,-0.781709231344321
2.59989981166773,-0.32675945401039,-0.299463296111371,-0.35672827601324,0.588579864742804,-1.21645101977124,1.50634059169721,1.3061104547297
0.746870254811454,-2.20830564396295,0.155436326759432,1.63843353961631,-4.05801748923657,0.140966654243912,-3.46503187532497,-2.82399362292742
-1.67050732662976,-0.701267750320507,0.739888133908417,-0.521132912774011,-0.889109699996039,0.0435377043053576,-0.707390856009164,-1.21506055320616
0.701097463593978,-0.6918205591972,-0.135775848704131,-1.25539092889363,-0.585108562421053,-0.0074463276423865,-0.525996127255904,0.655641408719653
0.665710673012345,0.137078787476107,0.203927535341481,-3.23345943008941,5.39916761907458,0.698565072506519,3.11062838805807,3.53791182330876
0.913915694611298,-0.148012767862942,-0.442179311636273,-1.01767607557705,-1.10167405650491,-0.760810619237843,1.4798515325591,-1.63760641798512
1.00021831789216,-1.56282075699183,-0.258165523924707,1.04866391229499,-0.296491786216778,-1.09709478640733,0.0371172247692342,0.283363023521348
-0.363990216806886,-0.350430873305457,-0.382754438152302,0.653864319503119,0.553141313815562,0.558557495444797,-0.0519257275477892,0.129290423954234
0.360852712930127,-0.897732180233071,-0.180627307593882,0.144366608114459,-1.51055815655935,-0.714978777033105,-0.312184026866437,-1.39439209415888
0.083056810687411,0.63253739640008,0.595221713018695,0.350548215070044,2.84084551946835,0.0720273018260675,1.0111048227594,1.10764119478505
0.710062540633785,-0.726718603606172,-0.650907147265381,2.09329970414395,-2.22640712895989,-0.785217853546469,-0.3664059973597,-1.78650159588799
-0.205331200467888,-0.0143620281419316,-0.128529524797508,-1.33643389315681,0.552615880056501,0.891530946396578,0.21722331845898,0.569090938391965
-1.99402526852269,0.393263892250584,0.348166847874053,-0.469439609720379,0.39981178418809,1.01382508402741,-2.00253580138725,0.516900866743598
-1.01086196720237,-0.637580007208625,-0.023415593557064,-0.521787396306494,-0.554923372187764,-0.261440521481848,-0.649739905678985,0.483648440778212
0.880246150941069,1.14876288563383,-0.354001504190206,-0.395244957621567,3.75463494820278,-0.0638338363995481,2.31002792386272,1.9864556612484
-1.27568061314574,0.180163271460367,-1.04983134793587,2.19725436889397,-1.58210347148823,-0.168231278767858,-1.12293622162689,-0.521828431571988
1.33161845825056,1.87545439403836,0.238268805015559,-1.16182900859175,1.83595894759903,-0.756418218797049,2.54352704267046,2.2641059529084
-1.11619180929597,0.436013624043418,-0.161588242582201,0.00576510291330965,-2.24680379619534,0.281521144112105,-1.39468559277864,-1.20108442781355
0.0873245541861952,-1.10909944963645,0.0656111424818376,-2.59068561151547,1.20012402081002,0.13645301744205,1.29805517569258,0.307729985128984
0.163777443710466,-1.31925530351322,-0.628646117852741,0.621520904324633,0.192092357090138,-0.627024863712724,-0.631071267144879,0.236228851838061
0.196706123270453,0.277574933438499,0.146148928306978,-3.51634266453826,3.22736605120308,0.318693031234001,0.269423765722324,0.712263808081964
-0.966261638330967,1.31263149757077,-1.99523358953086,1.76947523085749,-2.25513405987962,-2.06542777369114,0.172030433438963,-1.34801400244519
-0.16307742880993,-1.98224581508031,-0.661064919319346,-0.955633783569107,0.494294444854934,-0.430426568723372,-0.258443872658392,0.958343059949873
1.4908267784159,-1.14130901996751,0.158574997101915,0.0186083716316931,-3.13324690581612,-1.05119202772243,-2.63106145264451,-2.09361609304856
0.607518391072795,0.932962343778458,0.607219377928475,-0.743358736189237,1.17648996281205,0.207715377643775,-0.605218902051071,0.88657636734599
2.1591480523324,-2.34853724179123,0.0510765514754155,-0.100403760742727,-1.4979521580786,-0.525408697942027,-0.871299689878234,-0.802875986804722
-0.192807373093746,2.30509100210805,-1.42877141540284,0.016794208985476,1.91430088750847,-0.909620605338828,1.95730984034206,0.81747237690699
-1.15113549346106,-0.164957396367376,-0.350430255943547,-0.160763480989728,1.28070114005017,-0.0535136901993004,-0.340946105361616,0.356392775197309
0.69875216516379,1.79936051885911,-0.618653978685295,1.50639433691348,0.918828758964819,-0.0288385885830467,0.904222161026792,-0.893794241819473
-0.19221715079413,0.296735392315012,-1.18961231999539,-0.108146466428316,-1.1386696643884,-1.27465505376176,0.595064254563008,-1.85359996204098
0.551441977418015,0.245521818794584,0.355531749801565,-0.0315246444595274,0.568882380155666,-0.188555053281319,-0.972886719442225,0.826480229659931
1.4616629347846,-0.95708075049204,0.384254259558598,0.414082533016685,-2.90765977300813,0.209069017028986,-2.42580316808288,-2.08265199666017
-0.0855280548502608,-1.71516775901974,-0.121616317780657,-0.660090320510682,0.161705386080291,-1.59481877202374,0.718561995410671,-0.187270590907867
0.236964398037558,-0.555483127633876,0.538247558681035,-0.50015820218925,-0.317129628647662,0.969060383699138,-0.931496412243098,-1.05292264760677
1.60306285166487,0.788747689179627,-1.63403182925538,-0.466145479426595,0.360053589182249,-0.755613967174262,0.695134082817927,0.0604467278728433
0.628282894882949,0.492542116798439,0.612891973339332,0.815952445587351,0.32906017099571,0.150775060021311,0.978730462319021,-0.370613425690278
-1.37057298620733,0.403098903378963,1.11869110858802,-3.43589563163475,1.58807664006803,0.324357761667325,-0.681742490826475,0.700812867662547
-1.17589386222886,1.33554219500474,-1.44984305722814,-0.398291598968018,0.941046322591244,-0.889674128870098,1.18778706727382,0.81074475381417
-1.38599562475917,1.06451669478643,-0.804298899661218,1.03879638303235,0.0993892979314358,-0.0966254547143165,-0.373721728876197,-0.28933586344054
-0.551972289352738,0.888528141971915,-1.46696358394502,1.02814234261925,-0.251078663096727,-0.906258583898323,0.29268522245592,0.26961535853725
-0.385923364774587,-1.1271685625295,-0.591404627877319,1.83743955521018,-1.84284246316444,-0.775994726158362,-1.02475901571548,-2.24800770516861
0.466105526652819,-0.256545550891059,-0.848052922888195,1.47399749519774,-1.03735118445122,-0.512707978816668,-0.0711065443373858,-0.494795940286516
-0.203346232282708,0.602310935989609,-1.00258124968997,1.62541153064771,-2.24278218090718,-1.36768097562763,-0.862989194786175,-0.368503089156531
-0.528920829188878,0.25450359748944,0.32135135816365,0.516628173385703,1.79516007835891,0.397894572573162,0.839065692946185,1.07226368017797
0.757889634201706,0.0915370498209026,1.40651700933514,-0.00524430553946627,0.863586279186544,0.796790237260482,0.739690119356549,1.36189099718644
-1.37511934710983,-1.32583210130406,0.470905351450328,1.36086617736852,-3.15667672844793,0.524192518064729,-1.62537644228616,-2.31332946593388
0.876153158829311,0.100265538787245,0.561704572253829,1.09537261925379,-0.688768811101887,0.529358422404338,-0.935330705132799,-0.846641901771871
1.91741060169758,-0.917599659391647,-0.362765889466742,-0.971778170121617,-2.41612454434858,-0.64098558919665,-1.01923597349566,-2.09694677248372
-1.2993618732199,-1.09554972026921,-0.406471021691182,-0.421917612739977,-0.305965752707342,0.995171337486588,-0.600618059976407,0.364055179784147
1.45311034992228,-1.78817279024573,0.0242576686283729,-1.87661441649825,-0.634041890243164,-0.322162191735361,1.33940839130207,-0.170985913946682
0.729140642333849,1.08887138863034,0.202706087885929,-0.643030507463993,1.1125381394243,0.194353150157752,-0.932265217327389,1.03087656359116
-0.845398880240479,0.798620072171582,-1.4374436589439,1.3309299646994,-0.0302935702675892,-1.03118361748405,1.13850735536271,-0.935230998246962
0.947489204754516,-0.214683130691125,-1.16991399213572,1.10436719409171,-1.95908858773626,-0.94169286596714,-1.67640657974893,-1.03763348580536
-0.66990081372673,1.07841558286753,-0.333398134079791,2.53292281862199,-3.56346285052726,-0.236747197550514,-2.57080354610407,-1.12509480948959
0.360145621836404,-1.96795788731606,1.05364548720758,-2.32963540736113,0.779565771078853,1.62853929113463,-0.0474198808588246,0.883093228211268
-0.371578803096361,-0.92670493940913,-1.37621677308452,-0.251303808713025,-0.0193442826399667,-3.14435369717214,0.62393306777826,-0.244151942572268
1.13455808114425,2.77919699302969,-0.325183803877765,-0.794911823738155,1.122289793746,1.3515895214441,0.150209372593214,1.1342754458891
-1.11958072699386,0.680059688839294,0.247226147648368,-0.27648951189833,2.47643375688751,-0.0324938628354419,2.13463355723696,0.657671792570211
1.34078500254229,-1.02253786607811,-0.342832237581142,-1.21973945820896,0.556065659362826,-1.14219964353823,0.877773990600698,0.672747510747493
0.537317308602094,-1.03961228520814,-0.447298702861151,0.937519208063254,-1.35887792505602,-1.57928312275825,0.551056293292945,0.286889523552405
-0.372467925549497,-0.981070304143218,-1.56597108404028,0.896882420697203,-1.56782550239709,-2.00738252952226,1.42247678598077,-1.16303709471509
-0.353470114315902,-0.000897590130639391,0.696551346327838,-1.97575638845752,1.0912510603485,-1.04510107795761,1.50976765086018,0.569246503023959
-1.21835472391548,-2.33415125901954,0.883821020129804,0.687521698876871,-2.39516085695589,-0.236769820662987,-1.1968775387523,-1.42916745171526
-0.874634990135997,0.0447597815131481,0.55482102542806,-0.0242181993199677,-0.332942555495565,0.368537514485326,-0.633475813639527,-0.456516956718897
0.0170471958261072,-1.39838815084369,1.46473377486396,-2.30050772951908,1.5360571650434,0.872531709533149,0.893911045292362,1.10112244798667
2.29447388097527,1.42391766857387,0.145140509716846,2.23338593178789,-0.651606261203418,0.834079001997675,-3.06298923485214,-1.47339412119254
-0.777179952213532,0.0787041746183148,-0.811635289866312,1.64531016692853,-4.04903867028573,-0.279423038537213,-3.0504213085802,-2.6014428804842
-0.817151557202773,0.545340601366685,0.679624999709141,-1.91629793474529,3.5850388710262,-0.0282582398641844,0.895790107401952,1.88173545260023
-1.8218162920153,1.4302334465249,0.0682996905289976,0.472189612208343,-2.12056705298636,-1.75592666698692,1.02601019321265,-0.45696226741567
0.678226360296244,1.53943982018999,-0.487587582165427,0.232392488534357,-0.683799714625811,-0.762580266124503,0.039693510295081,0.853151791397972
0.483060399515899,-1.05073572760182,0.766087457458314,2.31310864576466,-1.3174678578012,0.793416131343807,-1.22292059655748,0.0947806202754232
0.477214244918907,-0.565439631117298,0.983028299663113,-1.76805988282582,2.88526877164521,0.474417040634982,0.813397951093506,3.42558863717898
0.771017354514614,1.07379559398455,-0.00860422978445265,0.225280961566757,-1.19568264480072,-0.0169211793878192,-1.18692572152062,-0.710505938186354
-0.0708105636680084,0.54082900965202,-0.189387705742433,0.55544233690228,-0.657695851931278,1.66732960101123,-1.33458804868238,0.655109589074329
1.38728414043058,-0.509600181209657,-0.338570778056957,1.46985513804586,-1.32072307049379,-0.986897912809087,0.0292114144620096,-0.248024474392757
0.618077543919438,0.539854404683907,1.13362097335919,-1.28170372099318,-0.223710900597821,1.13789680490941,-1.23671309560889,0.107881396810559
-0.970637095215721,-1.73256397061834,0.315974318252873,2.05789639635435,-3.20535048453906,-0.0468857795463169,-2.96218889641225,-0.513845642411426
1.56936042270755,-1.24187546198448,0.517199420046843,-0.765105848847032,0.927859033872562,1.01679376292605,-1.34954320758722,1.08947855237315
0.579884874208075,0.357417488273214,0.290153967795191,-1.86164760295925,2.38547480178317,0.711619340480922,-0.0226732173259667,1.42692431148041
-0.214482373544658,-1.55993585143896,0.687819887121212,0.275879514922884,-0.55692576225969,0.69946346809568,-0.221299018739026,-0.450223801968985
0.0247202149546198,-2.30712898004591,-0.0817712641505633,0.832113020421064,-2.23038754881333,-0.282575054366907,-1.25890560899469,-1.68087052080886
-1.66075209816471,1.48256721474093,-0.697110005213999,0.401594629693555,-0.478246524110322,-0.246648548405976,-1.17317755806235,-1.05148416894858
0.0836611620746849,-0.50269834219713,-0.0652309755722614,1.48025144913173,-2.34100586285196,-0.887345825795613,-1.81253502552424,-2.40047416558636
-0.885414997060432,-1.20614944058551,0.8600073567417,-1.41179538733691,1.69917308712067,0.74003204117044,0.200401686773178,1.35419454212819
0.0762244483899589,-0.830867559760522,-0.290271648651969,0.458438646307662,0.531381762064235,-0.108374823266591,0.924009751942977,1.46891624156342
0.895124159368071,-0.712409163061359,-0.0599662119306441,-2.06913920088447,3.06410983181226,-0.0681027108010385,1.71349688183064,1.9612798172403
1.07135369262822,1.08347709627452,-0.541440961179106,1.03993716109492,0.677427639641041,-1.65359733392437,1.34011056317628,0.0161054494370399
-0.485321974077076,0.0591562281239783,0.886748728174482,-0.0965306099714879,-0.704096468577393,1.69832419715252,-1.59042861297317,0.0719811582902598
0.353572070590398,-2.37674724906527,0.457126483532224,-0.0980182542134796,-0.752352205386711,1.25474549016007,-0.966618086603953,-0.45999501263726
0.32009081409853,0.381971177718358,-0.311619249207191,-0.618218647747922,0.140554111835384,-0.85989059022747,-0.602788721432427,-0.014670726137536
-0.589033821197797,-1.33458565417548,0.968480879403328,-1.38654199936162,0.632302994722657,1.01393288796541,-0.771449068951398,1.55600916235779
-0.958691985499365,0.24514074480461,0.0504729266899668,-0.481263669764138,-0.689077633153589,-0.15993461577026,-0.591521069015689,-0.57599075591011
0.307253069985222,-1.49301072586889,0.142358963432814,1.0634138330486,-2.00851848840368,-0.33824557909388,0.742190484044682,-2.28034196877626
1.21469452545604,-1.08468155950456,-0.329516338092497,-1.48499051795877,-0.267514000248849,-0.887955321563371,-0.467719476645247,-0.288140302172163
-1.30734667991116,0.924759087269545,-0.540960858991041,1.3698456442026,-2.75386009559141,-1.27884782637183,0.0181903748356704,-0.569586805245148
2.02642152576638,0.184219801183987,-0.749517241871551,0.814457107804715,-1.16300559603151,-1.88823857019412,0.85856432011861,-1.62196998796253
-1.05099556454772,0.832301892005636,-0.251029325356849,-0.522006836219209,1.67657164276912,0.614393417093683,1.09543449641115,1.35002135402798
0.190326168470781,-0.219491961116703,0.058876243293121,-0.582195697087821,0.0206311300096921,0.0724440476543384,-1.04832894379158,-0.49983093736925
-2.29518715115201,0.276487373047087,-0.379802915700621,0.750319394911771,-0.09474172939524,0.192348988102515,-1.82204533533175,-0.219702831596647
-1.44798485920663,1.06432717792756,0.108488292199108,0.531109564739427,0.168614442341246,-0.187730871085916,0.798686176690843,-0.683512331748265
-0.680717828818852,-0.144307530497727,-1.05707188504594,0.0930985782166298,-0.285860605520586,-0.249103398232499,-0.412348403665731,-0.110313777856629
-0.79463958379577,1.94063556279633,0.346672833505275,-1.21110809456614,1.98567239610204,0.874852278391607,0.471785244554234,0.651776089888286
-0.0869526724217078,1.11714921450774,-0.845489232145684,-0.886007425975944,1.42923799528246,-0.964658532191719,2.44465913039268,0.790955767336246
-0.206944654087205,-0.687174585383501,1.15413050497247,-0.778135566653419,-2.73076685430183,2.11878275521514,-3.81078497523239,-2.55458563367118
0.414138492584147,1.74000249103688,-1.78203800110096,0.698883792324898,0.958912805061706,-2.33027729548396,3.4780853588035,-0.950448395482987
-0.574279226171008,-0.324344336115942,0.472915026736189,0.5916412496079,-0.0479700330718255,1.57823948884102,1.28325373415168,-0.147445515722521
-0.512692242919456,0.493465847346191,-0.2726941321696,0.818267531787509,-1.07632091825002,-0.477163228340711,0.540985690369198,-2.17383170356013
-0.126276033820753,0.403794020990358,-0.564377755072929,0.791695817621457,-2.33265978537374,-0.518684896133836,-0.809243570105714,-1.76934139663819
-0.318497142574809,-1.22580245128021,-0.295709597102832,0.229284269401111,-1.98329954317487,-1.44632927088381,1.01010550750488,-0.452157671171754
-0.177547384046592,-2.27164268901888,-0.486357913189297,0.683662430704886,-2.8127618786765,0.551506854818347,-2.19418650931705,-0.804602794575223
-0.633021254495277,0.848601134730718,0.572725950462011,1.15247428934832,-3.09047009995939,0.62295289080437,-1.86820077458832,-1.44138057606718
0.0302636395739293,1.89426785119377,0.853546760722186,-0.175722965011146,0.552481731111588,-0.14955008019106,0.983252329358059,0.567464203219972
-0.514443013863385,1.14203888460852,-0.4902578225359,0.926753107514582,-0.282372755041565,-0.101654218308653,1.40148139382137,0.297606044422302
0.0121032519244024,1.24807257763891,-1.00240993760917,1.54459005982981,-1.3999626429658,-1.2793222301418,0.414081219291763,-0.104909841536735
0.850756369266783,1.85595950477073,0.423782600870779,-1.17457677723977,0.879374621482422,0.119098149172173,0.300455215208587,0.685234623414133
0.662449234482575,0.115632343795771,-0.285837563964676,1.4987170735225,-2.90645160542341,-0.890723850155798,-1.07232876698573,-1.98439555392675
-0.936552853276241,1.13526781573128,-0.0775658131699022,-1.70047820159296,1.84818331808112,-0.621233909566117,1.04144741658184,1.10930448825624
-0.146847173618503,0.0620549538585962,0.511715583759617,-1.1236284904376,-1.51815991322854,0.0255737904891391,-1.79749617312306,-1.95533377975361
1.61598073077936,2.51541619436051,0.0169858466538613,0.713342535768277,0.436298797754065,-1.00705037835241,2.35450189028329,0.136886959228563
-0.372222785517346,-2.30333542097974,0.442580563755238,-3.08968441389585,0.312920281759886,1.34881179312419,-0.876043341773743,-0.180809687997169
0.646519833534759,-0.116696646103882,0.238514073331621,-0.646912524211861,1.36481532647123,0.441836580770724,-0.0245893617413755,0.316826976386449
0.987676960036395,-0.589544639382451,-0.336308467470002,0.757630837547177,-1.74388455229429,-0.649406631904126,0.489403195302643,-1.69581318286959
0.15137615608818,-0.276979444158238,-1.07819759943178,3.87221861012585,-2.54150457280696,-1.48128776866911,-1.61759014522518,-1.83806650199774
-1.06676511643125,1.84335226299567,-0.768861147286534,-0.67066393164891,2.81266877946409,-1.53678808217213,1.03990600740701,1.48138195465832
-0.333683799264875,0.842960993022842,0.531705425916672,-1.67283365009017,3.77283474070664,-0.0561259573663568,3.29566459417504,1.31693182067342
0.804492148304803,0.619900833591469,0.191199396873506,-0.59758365411734,1.06976135995043,0.883893062965214,-0.851634667831607,1.0476982621359
-0.781856036933393,1.96302687047932,-0.377638938370322,-1.84775185458535,2.42536291110606,-0.666901612177858,1.82667401199633,2.28482322961576
0.951724396855304,-2.3997724889352,-0.985687904617707,2.40329529750254,-3.79296695508983,-1.23489176881619,-1.36948024607932,-1.99718396579999
0.890546715834533,-1.36443027972174,-0.752102007461715,-1.89859829896461,0.194890286941936,-0.158021385726613,-1.11162525741707,0.151237778483084
0.198710897000512,-0.744463150092277,-0.465476173301507,-0.518209379957705,-0.544458897411726,-0.873279778562358,0.154642779394863,-0.968974796130813
-0.626699658348254,2.50518385583604,0.0156238611585688,0.75813201047589,1.22499240335337,-0.159121142903088,0.319271306858635,1.79838854045119
-0.021827495636178,-2.34020338636573,0.216100756690046,0.298993620038014,0.239451273288974,0.512094322650681,-1.87017927878981,0.299745073514194
0.389486206998146,-0.701847813873747,0.362629383132362,0.363787224063347,1.28841104561081,2.25131885684423,-1.5803548723676,2.35292894800476
-0.0487495289955422,0.634163217658889,0.438128699941476,0.787054177074913,-2.15233587002151,0.837289822953673,-2.07634624282611,-1.42011930471569
2.17065463298059,0.657232806198918,0.142175449840611,1.84759500906288,-2.69734425230964,1.44680942522337,-2.46795400916327,-1.47406175815688
0.934403477606052,2.55368204041379,-0.168590246010645,1.67430353380174,0.714893567058161,0.771301550257427,-1.58039902049154,0.848564882584098
-0.3159072052834,-0.907776951833476,-0.52215892660973,1.87304652438899,-2.56295696425154,0.741857821195233,-2.04362784723849,-1.83959383625444
0.45342074296742,0.0655166754578627,-0.298246147548938,-2.09203209157373,2.74707003469112,-0.699924003056966,1.31444770769404,1.71903694338868
-0.273037838554888,1.01728752930672,1.65066077607438,0.460816942068459,-1.65162937136817,1.27931342912688,-3.46069408224188,-1.12412029418279
-1.17267038380306,-1.54788010331358,-0.31626351722868,0.892209882482084,0.0936991763814626,-1.138955337982,0.623627450097489,0.223485929930961
-0.226500419943606,0.501362435651665,0.278837868123443,0.545704867187542,0.347249332652337,-0.938373051996517,-0.0912863215646756,-0.135663292979234
1.82872316698938,-1.3493308241072,0.339683805951808,0.482164005209756,0.462843469955989,0.379479310532946,-0.459613526859893,0.0907512609560588
-0.324028533644206,-0.807697680107532,0.684781153888704,-1.20923802256891,2.73275328455383,0.924861916485938,1.48991668774804,2.27815517403186
-0.2316607087315,0.646469852525817,-0.905547840156188,-1.02847341927161,1.27674876542388,-1.04035176775459,1.15165359412083,0.838166326578714
0.89499947060703,-0.295162417432521,0.632526247429508,-1.58998897512333,-0.282536399253233,0.152748499880706,0.174304653894738,0.0047834818925956
0.42904868589256,1.99361235139166,-0.952193308168126,-0.674807419504606,3.63662728981673,-1.89182477313064,4.28955175091362,2.6556036182168
0.00293590555463747,0.0261786614451849,0.480433324564228,-0.440310868339569,-0.493827824207896,0.201734442158813,-1.14462032630525,1.11500874756052
-0.262517256903145,0.0877400454710302,-0.236763223891052,0.356924158355093,0.394786363537433,-1.58204176148662,2.73059229212264,1.34913625811345
0.442934761121207,0.152017797418879,0.370753748811767,0.116781238029211,-1.24281271242539,-0.15523713235536,-1.32228287235645,-0.945941150233111
-0.0302854746174145,0.293498501080614,0.350286257645642,-0.406272582064128,-1.15991866454929,0.0136934361272456,-0.355040504951273,0.1133360564655
0.652530514210215,1.08037530775348,-0.380074110719385,-0.105846708079045,1.1076663460597,-1.26377543078633,1.56177929317309,-0.33364216050477
1.14678997385231,-0.841781624859153,-0.972194500212017,0.742933553754259,-2.23850817153424,-1.57582269743654,-1.70914645407758,-0.157061036977505
-1.12142812176621,0.284452424232752,0.0643738344314582,-1.33300793150761,0.351676611280376,0.388003564859025,-0.0854484951526595,-0.330804839446624
0.0277045612082115,1.73816442323487,-0.937658905432947,-0.718280903000846,-0.152096178756777,-2.11844987801863,1.8550191249856,1.06790416853398
0.947736103055425,1.68791257973818,1.41969609280237,0.247388272308411,0.543043282650608,1.97414776820663,-0.831950257929836,-0.47426598943995
-0.800734021304078,-0.81811831537533,0.312302010885108,-2.09985821513598,0.622314220664491,0.571568645675424,-0.602248547535951,-0.156174726514602
0.852734578665792,-1.4675433282429,0.765390100047233,-0.430352185878665,-0.97779700410648,0.673428094587662,0.153930511622705,-0.395254879332375
1.33414846764693,0.387991820940951,-0.357222605704032,-0.0326266131937815,-0.578685223696096,0.919182557397539,-1.58828234015477,-1.17596790442739
-0.902401915069322,-1.84882741541691,-0.673981664244822,-1.3589451547217,-0.530341442225298,-0.158127001770134,-0.798463460649673,0.0922390399147963
0.466129154357599,-2.65187484533894,-2.03997992784976,1.44965219450742,-4.02705254164707,-0.804184092995396,-1.99890743413042,-3.18281621933268
-0.383272385182848,0.171603258018896,-0.161811308749534,2.34473664731096,-3.08495659969706,0.147787145650732,-2.256866297164,-0.416976003983057
0.608991971058897,0.834699334316966,-0.580654184403885,1.05119088519147,0.834862177342336,-0.060705103700707,0.657730360401567,-0.256414728496262
1.05306914529573,0.667984571820018,0.325515857912492,-0.103770560413317,1.21248771646823,-0.0308606408155806,1.50286821700949,0.0553606059576052
-0.859579906145127,2.98169553857784,1.06767186538632,-0.748047515609042,3.66788525898083,0.778100610060234,1.0891572722683,2.14146239352593
-0.0031083553120761,2.59108467034893,0.668022379886341,-0.261797232523983,1.5402253850381,0.453411811511117,0.566815065326523,1.4310702112032
0.736557339552537,-0.656023272825278,-0.808928000572554,-0.333149232679846,-0.909962625173224,-0.981579827402114,0.499646427950766,-0.502506684912056
1.5939184440574,-1.99268184898266,-0.934955845863825,-0.549564743478059,-0.227919965639661,-0.770746449600623,-0.65469970564039,-0.506115343395
-0.169074148501014,-2.66961240758814,-0.579770045362154,-1.7142265183842,-0.553662414596706,-0.624644765812921,-1.28980993349662,-0.373454958552533
-0.758931282013667,-2.71537159574964,-0.288441126801388,0.818450075355534,-4.54793611209838,-0.0453721033722253,-1.93368491985718,-3.57898262013028
0.362999681038436,1.0641361708902,-0.84202847622273,0.439488563765379,1.03459245727809,0.197276101362846,-0.212430643653595,0.376759716211445
-0.408146081727233,1.22057137072248,-0.932118127318168,0.816498880460557,-0.9628632978298,0.033808385970615,-0.405849259195502,-0.806480343150759
-0.278922620413518,-0.120316773759153,1.15390716787996,-1.87745660785938,-1.17078659225929,1.13376672164029,-2.30319303051202,-0.940742566947531
0.323612325430315,-1.1276387338881,-0.0150384567514704,0.238917040530307,-0.7876286872043,0.558794258693319,-1.37739241798763,-0.456850481512177
0.868129470703529,-1.57222451403233,-0.478188743703798,-0.525020647944957,0.877112438598665,0.205654504410299,-0.0890340518056797,0.857128606123239
1.63392317482991,-0.715404956519075,0.33201068639141,1.53743652506336,-1.06451430980329,0.664244729798907,-0.86553575472686,-1.59833420131221
0.396944016537745,-1.00437392068671,0.654828245883191,-0.689998405513143,-0.66135705472271,0.97752702862291,-0.868546566054998,-1.07464351423273
-0.386781526195782,1.46507215518013,0.138575230347796,-2.33346675966564,2.82852631541585,0.390128874042027,1.31200925889579,3.03466275720399
-0.094305824825844,-0.752008142966036,-0.161544506316851,1.82139624779641,-2.48151833025188,-0.237603282870437,-1.1630370153356,-1.86327021412224
0.0396223329295492,1.65604312944634,-1.65001771148888,1.27828014637708,1.17627693555603,-1.0370553532306,1.93189544947013,0.269899212537651
-1.1400833872009,0.163426774638899,0.683434237929869,-0.40662361000964,2.03149267047991,1.09751466113196,0.377455048039147,1.43844804775498
-0.183882469946273,1.63225173582178,1.11529008401691,-1.85706978744879,2.63794960417645,1.19029379319067,1.48321159776429,1.34862244605652
0.608459663008544,-0.457651177694996,0.436060346157539,0.364622093800976,-1.12896529129904,0.712001196364995,-2.17713219723414,0.55329200326421
1.53660419190461,0.554552591598739,1.86753246257265,-1.77760617843818,1.51722934602551,2.32286703399639,0.720525830012923,-0.12819626127177
-0.561008101016451,1.11877047337533,1.08418253608127,-0.617923140420554,-0.611729693653157,1.18528366357863,-1.13027035023847,-0.0436211583432224
-1.65419352163839,1.64646974365354,0.137665976019189,-1.42830473994192,4.22527696667247,0.519603005376003,2.02320305626891,2.88993154406943
-0.370032611400198,-1.70894792850796,-0.946500445022483,-0.370852716597641,-0.151659660492474,-2.14671663560968,1.9870078031137,0.377026087119207
-0.488354561555363,2.01882829721295,1.27614957732353,-1.87928706843482,2.45190439208703,1.12104280371284,-0.502563819218274,2.8200861322147
0.207832050875394,-0.417150394183935,-1.14471552637397,-0.901394868223393,0.431815195934271,-0.905067473488923,0.567556751579615,0.777300516541184
-0.280195316658888,-1.70245013657663,0.665851122940218,0.0481031467978696,1.01882673842746,0.356621942299097,-0.445699239601849,0.59437472429059
-1.39882934149443,-0.536653229814348,-0.96468269836574,-2.05568986699249,2.76105962169156,-0.0742696682303003,0.971655931493704,1.55026233988813
-0.885725049925461,0.0268514250122789,-0.433258492900604,0.958227122260618,-1.7293433057342,0.989153778225025,-1.17744369486522,-0.223565534385476
-0.798052329219093,-1.45196887217251,-0.162540664275995,0.434464356204151,1.40699391130921,-0.486656551364612,1.74508846605124,1.67253976155972
0.534446816842667,-0.277993042342927,0.613208988144766,-0.365343785419188,1.83757292883637,-0.319186050004108,1.38037554356573,1.21627648827593
1.18526930237689,2.58931640327548,1.69239404744773,0.282505076980981,-0.962622866290113,2.01961908444944,-2.60304612607856,-1.01025872195108
0.566241133364578,-0.93780974103834,-0.215029869548499,-1.29770086304978,0.947152271663852,-0.366962974726959,1.18743155741508,1.04914079317639
2.46059461130628,-1.27733048530366,-0.312878515858274,-1.26023187317226,0.541831473440617,-0.633900198989486,0.143921905501123,-0.438151634782559
0.460636724154876,0.685663764034618,0.637439367745414,-1.04049115233923,-0.212522921978734,-0.158391210502048,0.0869110942089185,0.492382059610449
0.558172748024254,0.474351634492043,0.390939816160875,-1.12913745429362,1.74515833700306,0.419626785443874,-0.214917141924426,1.85216477749181
-1.97324772008425,-1.11591945465917,-0.189377630087249,1.06947000652468,-2.08908466083461,-0.197134973937881,-0.75453538107986,-1.7813418538093
-0.847284456499879,0.952561220961123,0.33217380040345,0.366416995504033,-0.788574732195054,1.88907919189887,-2.15505333241032,-0.840620776937729
0.244071978740495,-1.09415687897929,0.622022411374737,0.310890995618084,-2.93367486269347,-0.305394709024568,-1.17793986389065,-2.26150011177371
0.0869099914589954,-2.05907734819305,0.357031446294378,-0.961508252623604,-0.847432455638875,-0.495130807355562,-0.553047100330988,-0.820456422474401
0.911383691307566,0.275436648304175,-0.318416725944952,-2.48929852855331,4.03897541430068,0.425177627882436,2.26233622238666,2.16414868023502
1.3953521523861,1.25204605004017,0.1574279244815,-0.18777113063045,0.720874023325286,-0.420851586784901,0.226059830359366,-0.578964813839588
-1.34409975821418,0.676900764194079,-0.0998355641437177,0.249318585442443,1.2096590526577,0.372776539501201,2.19469112575045,0.639939704204883
-0.834388986275141,-1.20978848647003,-0.317967740731369,-0.389835880377785,-1.16916515407403,-0.322423650054794,-0.244332148602998,-0.208467454835217
-0.436319857816127,1.21457372898571,-0.400482203773248,0.636213146668671,2.76978711176627,-0.246562767668612,1.24741982599124,1.83163046221032
-1.39574868759277,-1.35268679884198,0.251737718587624,-3.17730983204261,2.1962770323451,0.900697742716001,0.159746529436819,0.901647034946318
-0.962840078649299,-0.38481633950944,0.345538135387853,0.36237152611442,-0.407239679781928,1.56211933671415,-1.8932932662145,0.975164664353724
0.344701670995202,-0.686514676472989,-0.545054071942515,-1.47169976199434,-1.15367066026827,-1.90234070275413,1.22890098935169,-1.68889957746743
0.879029682972961,1.46219524839974,-0.477759597639493,2.47745811359391,-2.56627982681363,-0.67008878733607,-1.55298352329688,-0.435519248645233
0.0361670332549457,-1.95627540894501,0.274581286139039,0.333920425327557,0.278442045540102,0.871416142853855,0.683470568884228,0.0726132308406614
-1.61594952519607,-0.942636325369746,-0.742336085940292,0.630077926700236,-1.82505961054002,-0.265605169738514,-1.12301670512575,-1.19533653259386
-0.134275582209148,-1.90566260915583,0.0765765574523754,-2.83992491601013,1.44127363311551,0.799921112465016,-0.291242611090714,0.707747857561943
1.51292462720438,-0.44700639628434,0.39928873816604,1.37485952482985,-1.01025843034805,-0.546657070979614,-1.07713400939472,-0.309430065626415
-1.38888652342141,-2.6836105841163,2.00731405800412,-1.85250786862055,1.16107587543326,1.14785657130799,-0.122108065171337,1.82056290634239
1.14234242842231,0.27686373329746,0.319703758147138,-0.36500749178699,0.686038110136695,0.193936719952525,0.945395898718248,0.79019787350965
-0.0671477613854335,1.79672260085745,0.0336174031342411,-0.176063036803901,-0.0399083393490253,1.27549972152648,-2.14371858465267,0.675806722214816
0.0041329288733287,-0.563975135515267,-0.343222189427158,1.5058326765551,-1.58631495837692,-1.1197519414735,0.0862946711798774,-1.47763155699422
-1.69849062972254,-1.0254636074558,0.41985092806977,-0.803170497985366,1.02823377914911,-0.470910052973792,1.63031348018687,2.00550689788121
0.883613996091555,0.892932609212027,-0.0832349517305117,-1.40651807789556,-0.0878278686842545,-0.71594898605219,-0.25689121755804,-0.24044033152941
0.403646430186337,0.932456261447293,-0.890484341686546,2.07288125156813,-0.888411946332282,-0.864964235385339,-0.318406094347616,0.051554072453354
-0.205389929881638,-1.98226041664712,1.22104785638795,-2.77104806895525,1.27538522768978,1.54230412429319,-0.325260321585553,0.798036940840964
0.171858289115613,-0.408721851658997,0.153445085136885,0.428898316958506,1.00907695621867,0.954669865588582,-0.486341929858497,-0.462322794344147
0.0106580467115054,-0.293131111557697,-1.06996546187432,1.3340346709339,0.3454176704117,-1.88944732510445,1.5064473371108,-0.488299282028275
-0.389904960587438,-0.995090848680227,-0.0266563961281927,-0.309109765497519,1.45641018709232,-0.416984436015471,-0.0885386623308201,1.16248448716396
1.94743709054087,0.871719461953993,-0.397239621396639,-0.237094688072786,0.14830859265348,-0.254795091202384,1.08864749168421,1.04357773743085
-1.96651904993008,-0.688464602826602,-0.817910541967808,1.36082348099494,-3.12244700131606,-0.717665745401456,-0.990666248841204,-1.2983478035418
-0.65388005222668,-2.40766206540871,0.0759318302247055,0.238617551275816,-1.39053382168921,1.32083562770995,-1.57601066806126,-0.540111950438235
0.819999859097785,0.600136156999155,0.0497768889524041,-0.741370816499906,-0.364035364907484,0.0640152476026668,-0.541686937792362,-0.509261198065002
-0.463829514227359,-1.51261224681503,-1.13266798073865,0.96380774888426,0.162715335365637,-2.06767726111801,1.70289739237851,0.857215432150391
-1.43835267913855,0.697923640611289,-0.826240749235054,0.564101520977984,0.263524453953388,-2.10962770280379,1.75852176799389,0.301955876409983
-1.66183477940359,-0.522216947530503,-0.460914505262506,0.802335431280965,-1.36707737967647,1.17137410343769,-1.09951550450889,-0.746960526509391
-1.5370388602555,0.259601889747767,-0.70907193261185,0.478093160855946,1.41015520080136,1.01984018470782,-0.264148231695219,0.152388302661177
-0.940298561213503,-0.00982405434199579,-0.528544295482802,-0.0592749637893112,0.550050434580388,0.264904452543983,-0.034227910184432,0.477919236236099
-0.335508155926268,0.090179913925824,-0.120864355481207,-0.179175817590311,0.330825596587002,-0.801185561878273,0.658296871038746,0.148385595824786
-0.437119063820851,-0.0664235790731646,0.703170026020548,-0.130039325913677,-0.718879555697243,2.15065757190014,-0.478254628300685,-1.28602617647446
-1.88590105236228,0.912422436178883,0.182122764093639,-1.53378424676334,3.06205021835289,-0.338744294058867,1.24180466027016,1.32568284022773
-0.700253331290708,1.14769978710785,-0.784241660008713,-0.807283241897129,1.28407657773319,-1.89257723930887,1.54584120827916,0.397516130021068
-1.54490606253242,1.10369811794668,0.102937926970366,0.712068379634566,1.5612729885033,1.24350759661528,0.958569153940742,1.37165365793131
-1.79708403639616,0.295907347113392,0.0840784381136707,-0.548991910950218,0.26493158749989,0.0680819186813971,-0.473453348282652,-0.478179796811807
0.0697704681741738,0.941867077460761,-0.0314169285527831,0.928248571132375,1.86759116374847,-0.423969706176769,1.05040761223593,0.925001622844688
-0.168486901439672,-0.983430626665099,0.501030666146595,0.0593805532573755,-0.145643882870925,0.689615309640725,0.227133203841564,-0.940086976209033
-1.85134226202281,0.856388555949584,0.129772007576868,-0.0522572006845038,0.58499099329159,1.18770311269553,-0.102975748749507,1.40642623855315
0.159810908992077,-0.383362939915019,-0.164401661537555,-0.907900795297047,-2.02929889073025,-1.54668089219127,0.46235998739707,-1.0013407565921
-0.269646513381413,0.72949554884656,0.0368990743990343,-2.38998167068704,4.35026912868139,-0.623197877359294,4.18076159519041,3.41066614690277
-2.2704864950835,-0.11541859388734,-0.758504848841717,-0.7368013584256,-1.20931330671439,-1.44070331296157,0.673873411462042,-0.654606303919105
1.10868119511001,1.69941852623845,-0.268089175843056,1.5858712737864,-0.300975589710753,0.0532021057952342,-0.305492830925621,-0.0256101131335226
1.40386680819614,0.65895904537212,0.424530208666195,1.62423908449015,-2.8706406627186,0.511601470227185,-2.10910602236581,-2.12930049904846
0.0353086721796302,0.0676598455387996,-0.276855581159772,-0.468923943008688,-0.890355660767022,-0.257385636300091,0.176247952643792,-0.691543795408023
0.381413831285857,-1.44566148869615,0.100911688704489,-0.148144661058534,-0.0758341042769966,0.0242081542785906,-1.25647072418694,-0.821665659131731
-0.836289991972255,0.513285939602503,0.665433078735749,2.06411556084923,-1.60159084338299,0.426788485943808,-0.885835268276772,-0.428646749614049
-0.0762884350294196,0.717066049165441,0.731930497222662,-0.608126701647356,0.724738546235423,2.22535677114617,-1.4307461146336,-1.3466135308957
0.203655374527302,-2.1218178564651,0.333702881937795,-1.73019982305239,-1.63122816784573,0.360146919557762,-1.37655657683496,-1.43227261895
0.633427969021597,-1.19803100266209,-1.0348637292377,0.066554193342548,-2.32326046580182,-1.25185871239514,-1.10978094751645,-1.53145877692103
-0.121185342280581,0.522720132786319,1.56026593452576,-2.31442614000317,2.23766696548139,0.98843204847354,-0.624809401001752,2.33517103611015
-1.8399112396286,1.54433949395995,-0.325684330273307,2.87040264543468,-1.6202088132994,-0.584315990291899,-0.0390716592418954,-1.35544610673642
0.658528972875076,0.274583461399238,0.385929382429617,0.543430974245712,0.565360728176119,0.318816789120394,-0.411629454620432,-0.312860063494066
1.12063833378033,1.00439463253816,0.0506024869403851,0.71862955319332,-1.25335337625117,-0.110396345154627,-0.475761966481058,-1.67897786280713
1.05644494855837,0.31103650507807,-0.00672864772612819,1.57211280519441,-0.426636903166684,-0.257102422925984,0.215310308357662,0.115352530939951
-0.118674005787894,0.118526871783223,-1.59077435658603,1.45606940497144,-0.93023092480758,-0.907871282688797,-0.0194762203689087,-0.936766857611499
0.515011503092596,-2.00866149834748,0.741636609601596,1.51712429349876,-2.33758570905609,-1.0632940840386,0.567237115736917,-1.21024598200337
-0.0848886745292287,-1.59631813646993,1.04764307577437,-1.04032738724759,0.752967283791222,0.533111583014139,-1.3054619981729,-0.530706949648143
0.304809940575362,0.761083832294638,-0.474537533222972,-0.658479025311237,1.65402175201702,0.372919364774972,1.46460811605773,0.998008940055902
0.260391366635871,-1.19381607606847,-0.735287216355798,-1.55636200828745,0.0319177468229369,0.987803257490573,-0.795906929260788,-1.5894122474854
1.06768800647013,1.64307522173006,-0.013909456918164,-1.20615657778777,2.28157054621386,-0.615113290776849,1.16559526377069,0.00118593250765222
0.450114717072035,1.34812919723518,-0.369047665328022,0.707987603502088,0.863705874002962,-2.10340395869281,3.44310018682696,-0.114753740998641
0.751506851102447,-0.447176840641208,-0.466057793011052,-3.43099999149777,4.33025798632074,0.591298910795137,2.57614257894841,2.03904201215702
0.817200474237972,1.53259718111345,-1.63509975480244,-1.51533416481897,1.12110503298035,-0.901144500168216,1.77488510569058,0.956262958014739
0.146564293761543,1.10431261230099,-0.087680653156476,1.09443126330484,0.0213984391679655,-1.42577815294082,0.0879677462776741,-1.03282068740186
0.791216198010382,-0.624916204763764,-0.17702548868988,0.538248029556061,-1.50077481333856,-0.637306620943086,-0.520760951819094,-1.32053041503499
-1.58057563970428,1.38240077290648,-0.246068917148052,-1.82004638828775,1.65055577255245,-1.06000139443558,2.31143487679578,1.69889590396815
-0.439043230510715,-1.57976940276317,-0.461244321648782,-0.698882589649541,1.32950446626366,0.964329673923406,-0.751426403064955,0.825190123672741
1.05175653274254,1.2993026480804,-0.593243343135939,0.621480949445633,-0.0273734088848134,-0.139823332871896,0.780951904101938,-1.24183676575348
0.631184306411866,-1.15929964611925,0.144432090097391,-0.383416563367683,0.00657052845344587,0.515955048834135,-0.644837382766993,0.181073115381278
-1.69266803157447,0.0813540098167424,0.563389518460435,1.69697228253143,-0.863335454111394,1.15975914212428,-0.779783846431732,-0.972331580913563
-0.980959990413009,-2.72917748249542,0.508862714558533,-0.876470986565686,-0.494446533337182,0.846988781675412,-2.15976607946778,-1.24415155322349
2.0212222603769,-1.30696932083661,0.0982753513999446,-1.68289709167805,0.153817612763313,-0.322786116199021,0.56064668607086,-0.140121396356217
1.0964751960136,-0.462530197536558,1.79591078278731,-3.14652553038519,2.7063683234179,1.70670327700648,-0.0058113490506333,1.98103171064025
1.41276974918878,-0.741749840486875,-0.375616373887233,-0.506499234109635,0.452371418172285,-0.0767336912450881,-0.1794804673444,0.71819374732621
-0.930839622443262,-0.0728515980327472,0.381996297559724,-1.0090844154844,1.2991900568626,0.675388114690969,1.19096609326713,0.570994152025566
0.660601549872419,0.510122173841957,1.16417572044651,-0.278638927733086,0.0722714584620063,0.782025609899343,0.862026507506235,-1.01289260658778
-0.567239374776121,1.18977418507405,0.811471811808147,-0.887897516046787,0.857437211121837,-0.103449946674759,1.18910778510311,0.151981460572924
0.528250558033443,-0.030195441117501,-0.850017348229927,0.858059208025553,1.75157464090281,-1.39189770587655,2.54732546703381,0.539937156996674
-0.766363993152794,2.40805442024125,-1.09439963551991,0.254648364828321,2.08240441170125,-0.739765642310893,0.805684036972482,1.35334994880721
-0.50150050085962,-0.189332823879032,-0.273328412439855,0.154225651404882,-0.69710587480311,-0.357972753435466,-0.329537999184344,-0.255714190863038
-0.920592325736703,0.639191405593138,1.25808646194945,-1.26487148909975,0.731487921112224,0.784131445436856,-0.232960673628087,1.26949858594448
-0.461445134672749,1.71626821802301,0.842708962778883,-1.22006818803869,1.33967124282164,1.50920755269008,-0.263230843435874,0.944720676934212
-0.867870622582067,1.29287887341433,0.0438684302930189,-0.302470141606045,0.999858511868948,0.698810536424672,-0.957212131537014,0.945925477504932
0.465556680089394,0.00329709475538955,0.294684804179812,1.05761701704796,1.52585876386741,0.337238185354518,1.91146237448723,0.548166219152347
0.089633623222771,-0.605227759082339,-0.1119141521123,-1.13921865812536,0.192715808300775,-0.145505581469983,-0.593036241966125,0.415194690118632
-0.509104094854136,-0.210009696903585,-1.57977101633787,1.34016367431867,0.12342231773249,-1.30447260211883,1.86771029591533,0.394982088059909
-0.36457691765273,-0.825493920031215,0.457685905802611,0.52289582182248,-3.68520161930184,0.961312081128231,-2.1572175593694,-2.82242257943752
-0.897231343254026,-2.369810093749,0.31165000002566,-0.165426012977303,-1.58067051008169,0.70167465664044,-1.82573245853567,-0.0462214755736164
0.501732216936475,-0.880833154975336,-0.158784412071482,1.77421226767213,-4.47071181194203,0.504280948535966,-3.43735637318781,-2.98248487487931
-1.49480213051904,2.89822781834639,-1.47075279880416,0.41309366481431,4.49664376223451,-0.828905775122814,3.10678056725816,2.62672879008414
-0.374244723010622,1.22549594773399,0.581481582564038,-0.349481479984239,1.90671175450448,0.380478960242684,2.14188521540118,1.24040413432193
-0.288706914082413,-0.386926857929468,0.0392915911669653,-0.01036242437744,-0.7791401931702,0.405994810624691,-0.266591991944107,0.0835164455625964
0.710032837826955,-1.40729619684816,-1.33657091054724,0.974408928847704,-3.23436542024956,-0.899382181736659,-2.81176677152882,-2.25262037381562
0.177301398246618,-1.95458320545306,-0.353614938926317,1.01702110329476,-3.88855368332443,0.202122742683076,-2.29193210215325,-3.53029363678122
0.406941456332996,1.10392229857949,-1.19695220619702,-0.141002107782168,-0.207831364355748,-0.975165353008623,0.00242487210080648,-0.277630333848361
0.679916383438162,-0.692186251399993,-0.0614628289506517,-1.68111270231579,1.00371821468432,-0.247334721740538,-0.616796764571494,0.363906665794345
0.910123843868504,0.879190639747417,-0.156833882770531,0.196878378667337,1.82445150677176,1.07047390479148,0.492747390107909,0.487107647039253
1.30088767281509,-0.132295418486366,0.531211938085248,-1.03263921019255,-0.848522715333386,0.647506791355439,-2.44560012145278,-1.27546734681503
-1.40947255179023,-1.5516022883934,-0.872500236878212,1.69884070475103,-1.62369997919424,-1.71794939745729,1.26177747515059,-1.04859406426168
-2.48674692438452,-0.588409791558297,0.564992348077745,-1.38459332758952,-0.655178751661906,1.51582499692389,-2.50090243039091,0.508541211703134
-1.20483925109764,-0.881666245862893,0.135140732840718,0.751263853061618,0.22363999767677,0.103152195348974,-0.112146841023801,-0.433439513861062
-1.53444776271894,-2.53227553034051,-0.0443193013663643,-0.428352647870587,-0.434521491687972,0.33769027542995,0.351079841161899,-1.47594947330876
2.03758821252348,0.520355458824418,0.322622075614464,-0.221819749104791,2.64492171751507,0.0681896735859429,2.83166733691106,1.27279416354856
-1.54755290216774,-1.74912717934566,-0.0951250909577299,-0.28879299294975,-2.17630979427884,-0.449369755626021,0.236100736021518,-1.72452270875096
0.288522011454919,0.251025668129548,0.230605343505503,-0.965925096102938,1.58432113117621,0.452188828863131,-0.577394601637496,1.00551306288309
-0.0370167939020136,0.174040991829395,0.95188963530822,-0.135244645307861,0.23006999754328,-0.20632399033807,-0.684664124701012,0.681452686915029
-0.287227355380354,1.49419627839947,-0.648727891256818,1.61125861781528,-0.265246898038116,-0.0622064772718682,-0.617141914541476,0.143614280896329
-0.426845026604146,0.326605671723773,-0.0837145993351806,0.792269206377162,-1.4115621291123,-1.41413056885378,-0.0938052452710029,-1.08319347241208
0.291728505064684,0.357487762683974,0.595215186369606,0.0871985200853801,1.24586630558851,0.0478687720538253,0.0561197981534958,2.29871419964656
0.0609028694140564,0.64144080433279,1.04701701141455,0.181823567046107,-1.09937799914426,0.461471006758762,-0.693378283822834,-1.19501034783029
-0.697504314522475,-0.446874745232407,-0.41312446989876,1.126426639788,-1.17899363938768,0.761727118489762,-0.786036193540634,-0.187909950732201
0.488370372025293,-1.02067367115976,-1.01999042410448,1.17525092783926,-1.36111377094866,-0.270975250932769,-0.704777701936392,-1.21641036396095
0.264693682826294,0.368519887509812,0.588882253306053,-1.46387293312825,1.53329896148675,0.994748506745482,0.00852837048588363,1.28958149888372
-0.173162840311745,0.460470537850172,0.779347946113614,-1.74823848342774,0.857704393908506,1.14074825413942,-0.233397554054455,-0.104561549146255
0.90095521674049,-0.422339096389243,0.239131688602872,-0.612579956874908,0.381116681459676,0.311652439908806,-1.21075601200023,-0.886839780667976
0.791030387147385,0.556119562070807,-0.17198911873915,0.122021721527673,-0.824485108962463,0.148952911896826,0.648354901989431,0.269723954283879
0.945276679679775,-2.20220947015352,0.827804459618418,-0.469997975165062,-2.05614298098683,0.558895003519,-1.34430772175097,-1.65876915151017
1.46096427113409,-1.3513531453723,0.061082258545845,-0.441643972978592,-1.58344129366804,1.33694861902069,-1.13737946693946,-0.777612162024957
-0.10701417320475,-1.76177343103314,-0.749257170696172,1.14626993988751,-0.392334676436919,-1.06633234436667,0.0417800982869233,-0.767891569718437
1.01918808258844,-0.717242054800685,0.273731432918705,-0.0438619310029868,-0.341515993539171,-1.3898125610695,1.54106359865732,-1.52780832351803
0.90696994236272,0.361597880705148,-1.12940116043887,1.26246715925759,-0.787181979935092,-1.43175182874436,1.16829081100739,-1.05766026610159
0.327812015951361,-1.58344049344727,0.299243910796731,-2.06333218404527,1.62933150733476,0.0925021322503456,0.273279297052191,0.00118973538192578
-0.72078092200558,-0.0638869362310931,0.187875950422697,-1.81303169674029,3.39043853984572,-0.814235420062306,2.11295935873954,2.29788044118059
0.318279705931686,-0.973251214455998,-0.598844794356161,-1.60462003774933,2.52369636467122,0.606734398539752,0.684362946738841,1.74105817209806
1.20415270384523,-2.83262082355407,0.479847270861987,0.309818300331156,-1.6537602283993,-0.589529776390858,-0.239163189838086,-0.00676714010487634
0.161602155490807,1.29141764162849,0.01148723177474,2.34698286946644,-1.27105540611469,0.897726961196628,-3.0618641035945,-0.849804700087565
1.19360828086198,-0.795869608203933,0.281089454027682,-0.907123392402379,-0.78308893419484,-0.830521359915945,0.676613398380712,-0.795275750145606
0.596612677209402,0.399654871530777,-0.439929744900587,-0.762129112406176,0.978806805112999,0.715572513958554,0.514421396686083,0.632348034062183
-0.502131388088631,-3.64325966296912,1.04398973062287,-1.03773089048716,-0.52169259201783,1.26811798895684,-0.957848881821946,-0.801065932699788
0.370808124940237,-0.211077231075555,-1.79236584596269,0.97595967584143,0.814684021237665,-0.71713364176981,1.06806459048687,0.0970548799777974
