-0.294586812369708,-0.932685828528362,0.923358816058008,-0.130368610069574,1.14049664713064,1.32241069900946,-0.477001833186027,0.999196573740743,4.24995211046194,0.0138769044888297
0.90952172027946,2.28645874406652,2.64097359074016,0.365352664531988,0.40611793975951,1.10758895277008,3.21862361479972,-3.99167236740698,-2.09030571968648,-0.728322505019027
-0.592351241644702,-1.75573431454838,1.16450453484565,2.86200286403213,-0.804701993061414,-24.300379170445,-1.14611053076032,-1.42397826021381,-1.38418117820115,0.673817994202938
-1.15742862502671,-1.13728810539743,-3.10750370181255,-1.40325511321506,-0.0145003772980676,3.74321855294953,-1.75887923879787,9.02979529933596,1.05624694664051,-0.0614355315596642
1.39355187371474,0.988797753913665,0.0382556343382596,12.9350728369985,1.46243349210948,-8.63070012034216,1.55466150920415,-1.96594677875336,-3.00629714542573,-1.08199196540426
0.213355506490028,1.82225781139604,6.52436426524773,-2.44566574223009,1.01777057197675,3.97698043329138,-0.53555780004928,-7.96553611831991,-3.17691485467866,-0.166158942331891
-0.870014666106315,-0.350083847353302,1.15270631292095,-2.10153824253334,-0.916514173632645,5.99688462829168,-0.327767540203148,0.121391242701273,-0.846896137422191,-0.697585974456994
0.84070796132227,0.028454822839643,-2.04931669002855,-4.83561264859887,-1.13176425955559,5.10096951989503,-5.33781871594418,4.23867702108035,3.1671608909015,2.71613422886031
-1.07495187953481,-0.67210092923849,1.87427821253432,0.98970187394317,1.20797371076624,3.15716720015975,-5.27624984597633,-0.981634918845815,3.08625187713325,3.10527844751397
1.21818664428162,1.2396602403493,-0.724455587378742,0.971268761975367,0.135256338487788,-1.32769566528297,-2.62676421477169,6.0682387630485,1.64446766688831,1.02144661258009
-0.513902497875116,-5.5945260299798,0.345321280799593,1.18504444784078,-0.624593831838452,-0.0179441288631476,-1.75431315668551,1.63968778600099,1.23173798579327,0.985696777143812
1.00485337405908,1.10851242427167,6.87676570500302,0.733913397799302,-1.94178776734878,-0.128761118642808,0.677455779578635,-7.40418291633677,12.3912996696235,-0.0429554277491176
-0.621058802942197,2.63422761095304,1.52885112147401,-2.24784226934067,-4.05895851791331,1.49586687668266,1.30622905042969,9.71575689121674,-0.759641291230796,-0.514418635608825
-8.87296272124518,-5.8211735620787,0.192037867775376,3.67124591185866,5.50311381543905,-35.3904146292356,-2.16300431542575,3.8113097913457,-12.1530754163109,1.04541366350143
1.00698222161451,-5.19820048040254,-0.541175234387594,0.0822216973825292,0.198077477036263,-0.914137529348028,0.100079821264889,0.721365647311899,1.83011693330174,-0.52248122852231
-1.25676522361315,-3.33489324037415,0.522694645038648,1.3643170620976,1.36580528063083,1.09238231139508,-3.34879144977604,3.71508074913379,2.814398150548,2.94373456273555
1.55620727847813,2.43132041441858,0.60198554352635,-3.10597028956172,-2.02492836782278,2.49118539904935,6.56259719754184,-7.1317395679596,-3.0712433488483,-4.81448070998571
0.8994361829916,0.817991348127426,0.178176869640426,-0.968919892060551,-0.682671898422559,-7.72404350363026,-0.808538985988767,0.758296795331295,-1.82346072470371,0.241411947192201
-0.330640710439288,-8.25682143838862,-1.67945608346631,6.52258243765261,1.64283673943208,-5.0299534424173,2.22633560074616,2.74167453869237,-4.53370501697682,-0.572407238584443
0.00475637649054707,-5.0664534605168,0.121918553580208,4.09037155311429,2.44603164182284,-4.72724718615627,-0.599001117389081,-2.14854403717551,1.17296043301479,1.60975120036288
0.195595858525117,0.738141507777018,1.18131562291767,4.93200122449549,1.5538691093712,-5.06411588311256,2.05228615992749,-1.91070866526255,-2.07312468716452,-2.05363611503592
-1.3320605714372,-0.414716379484187,0.00945481463525442,-2.30930997822917,0.704201941077365,1.18000933840933,-0.109734929813953,2.26724119265695,-1.14111783114672,-0.669178247471335
-1.38934949409432,-2.51593457608641,-0.305923679005706,-5.6174188203184,0.882663185105248,2.48458194180488,-1.06164686128275,0.366257648455713,2.22009655296262,0.491549885347093
0.99323494929753,1.56423000533356,6.21776933681337,4.58031073961573,-1.50692180617736,-2.4397954547474,0.112194366501942,-5.74462746971438,-16.5498472626187,-0.450909312078736
2.56319843706133,4.32710724050294,-0.621923248293755,-10.533649964774,-2.18446867988522,9.28285553929526,2.84903378679554,1.02059754103415,-1.69709376906266,-2.05413195726581
-1.10613328526534,0.070547190717339,0.324777825684936,2.90901940022194,-0.209749565000073,-4.48760801062815,-5.12165626661212,8.9734803075691,1.34253592465323,2.78089663814938
1.9149205572364,0.354678522679186,-0.328329649633828,-2.94625294781334,-3.14222848131442,4.80934944551256,-2.33971465589487,0.551357709767043,5.50131304655442,2.41080765794206
-1.0671099173065,-0.907138422997502,4.3127265726112,7.760312716773,0.638010828344459,-28.9242140766767,3.32710593163588,-4.96076652504858,-7.37265826484189,-2.09431241115317
0.0548651828971075,0.257109534275876,-2.03090865392987,-0.706110821150574,0.508422776299599,1.98077768192877,1.28921142536155,-6.35745787761021,6.65143582369185,-1.80113816920826
1.59232374423686,-0.625966410407094,-1.6534843822837,-1.71257941111007,-0.64554468529439,-0.533785331196353,-3.62301376158463,9.23716496318866,3.46784367457613,2.96619925825132
-0.590606236178916,6.42101116120443,-0.94952104971692,-7.05778517553231,-0.30514939670085,5.60450420599222,11.2627136053527,-7.50512269057995,-8.15604374665713,-5.98516789716996
-0.0723795901067296,0.0456694621201852,-2.52655404237122,-1.16166099293337,0.880210639653409,11.4295504510461,1.9550280936512,-2.31020857158998,-3.1080887325302,-1.1267283069426
0.419015837871975,-0.919122297596139,5.45647278336187,1.5005848674059,0.60374963775832,0.285629166629071,-6.00902483613151,-0.0322745740647477,1.83037890106353,2.29992932370838
-1.039757152462,0.0200699513283176,-0.958396129177367,0.855617939916806,1.28188061092892,-3.04291713802329,-1.55948396984959,2.52285407578541,-1.18962413976325,0.841079786914857
-1.82121440394544,-2.90492239000942,16.8842316247207,-22.0634645006495,2.7453948079114,27.5823129603706,9.11351575340094,-31.7662133321537,-12.4891880922038,-5.01104770496735
1.16721311662889,1.9855157236393,-1.49814679408323,-5.8027657512735,-0.394766867574798,0.174238924925354,1.09757407851781,2.49961865347156,-0.657675871097315,-1.90093509764436
1.5300065004494,5.45391515322419,2.6476046154219,-2.36761627232139,-1.61420996509466,-0.0808879846005928,1.59005392306164,-2.01662649581177,1.54117717197225,-0.53792015932424
-0.593754498241431,-0.473659736498103,-0.37418955205242,2.69649785397186,-3.05703012570414,0.411971869901926,-2.93678567665533,3.69270805103546,0.744331754418459,1.41112228684895
2.46645022567862,1.17093553931065,-1.98036478765736,-0.429076837362158,-1.58470256939607,1.12886776988971,-0.332486955175269,3.5874603552061,-3.42856050399635,0.544273108988711
-0.846125484066908,7.25727901647922,0.0238055097628034,-5.26156982439918,0.202814545629673,5.60864402828887,1.42308537331589,17.3430094482208,0.388214168000278,-1.53168793986441
-1.1055388641297,-0.201777437317952,-1.23519399218373,1.06769226043134,-0.520572654015088,-2.15493797215595,0.99888536389844,1.69906833348047,2.48545843182498,-0.488722247077357
1.4510165291551,1.86047563228756,1.68064013007467,3.91589201159332,-3.41656657374396,-3.99629707729852,-2.7416613551324,0.909636193529053,8.62448312110645,2.66194870405575
-0.918004461678183,0.755148478612045,-1.68768889111738,1.57012189652151,-0.309395037253823,0.181893761462309,0.48638577880085,1.46211889333322,-1.62917143001199,-0.0518185746846869
0.0209913602918135,-3.46091968130661,1.04475814962403,-25.2683548364465,1.15724224543375,21.9438982138732,-0.589123833933948,-1.11622536004736,1.40410204580838,0.335887140125389
0.26693451845547,2.22777925645986,15.4492900156954,0.979443473214286,-0.861448912505749,-2.22397897508333,1.33024815122456,-16.9626803141083,0.808438025634334,-1.09242379830163
-0.142272619963476,-2.99956958751612,-1.46857736189241,1.72600421380863,-1.1006486873457,-2.81287894816918,-2.4053400630439,0.503783198937877,-0.318655225181268,2.55108738263276
-1.47750796239516,-0.262311626503,0.612860055067951,-7.20834253088088,0.280892562249176,5.23834931260901,-1.58563164924014,1.1726829389256,3.55709449876856,0.219834756425739
0.622222130375004,-1.92041735360757,-0.0350360941633007,2.57174568555741,-0.109543396332124,-1.17762284511311,0.692693088992189,-3.21551871057131,-2.08337120714412,0.398453934824412
-3.07116736052568,-0.747980639877952,-3.83967898253578,0.48808701154429,2.39939747103458,-1.36580540912781,0.627269102928343,4.78872003835633,-1.10354914935562,-0.831838015583199
0.122483682066917,1.99043676989921,1.34277771777778,-2.47793457090202,0.264181614921164,4.44685729800067,-2.91334470468218,1.9938964710642,2.55157820953226,2.02927216892074
-0.0942587800783996,-1.32706132930843,-1.42431400631932,0.0608368915619906,1.66585308073934,-1.78702719554385,7.32965929782456,-4.3905331219915,6.54880158105541,-4.14043142738647
0.736151205548601,1.80807043187833,1.41284229965141,3.03433640752289,-2.10075787278611,-13.2825792153892,-1.00642891850191,-0.0190957697028034,3.17601993731769,0.337395526252117
1.79404946137934,2.03280681557551,-0.865089324945451,-1.32750743872422,-6.08659084148143,1.90928086275919,2.47785199600621,-6.67663658456837,-3.2234486308012,-1.52124641822855
1.39389889095052,2.36879925445209,2.19809502560507,0.59748759395433,-0.930067634225297,-10.3830963209216,-0.110946655369356,-2.68017836070573,0.0647310652768431,-0.88044068262416
-0.677374504476363,-0.692620985175229,0.445893326651235,-5.9166284132885,1.31128510530106,4.99019944455701,1.72091837554291,3.87556788697875,-2.60677388904969,-1.40648877205611
0.871493091050169,2.65957571452182,-1.88239205265993,-42.8184178400304,-0.920767943505001,34.961244806844,1.42129057386149,-0.876710385377145,1.13907047899308,-2.01331570516996
-0.401939361570234,-1.60416812701017,0.953511153709865,1.75794526621403,-0.997849232137244,-10.6033004694782,-2.97024459924763,3.26334237575571,0.997422431452153,1.69254617148558
-0.15161008737182,-0.727629660971764,-0.361064766314359,-0.523988843361527,2.16455572667432,1.39493394715613,-2.42566226615342,3.71358392558341,-0.466914817798972,0.158548213701071
-0.90847252457612,-2.99225501587169,6.0066387062269,3.30048059393547,0.991542663672962,-7.54093032210346,-2.41395763349942,-0.569024271052578,1.3124296527545,0.959509094711185
-1.14902136432332,-1.36011141448575,-0.0519276112557456,1.69203205457906,1.80224641564378,-2.9114848382829,3.71932486126355,-1.27874427881187,2.89558205616039,-3.06731818342331
1.56820703407504,1.27936892908191,0.7833041702279,2.70805622025469,-0.784610357390896,-10.0003315275879,1.31980883511225,-1.13819379194873,0.161092499154949,-0.810212410120434
2.75916291433999,1.41174821249496,0.279437197427269,-1.67721008166383,-0.631942587376091,-1.235444880601,0.488848516411867,-3.14003899649174,1.03707012415664,1.08193066163344
-0.0792089415126764,-1.79138040867572,5.18078294927675,-0.818494017835499,-1.1505715718489,7.69840693609989,-2.49434794612563,-1.71255184981093,13.592026116322,1.14063801388281
-0.0539260971129425,-2.38608181561106,-0.405210076407724,4.72384954427464,0.291401011369184,-4.80299967959901,-4.16151303276278,1.5536239302196,-2.03374015862705,3.2167444309995
0.212253797851447,1.34402161895971,-0.506504022455923,-1.59605015440619,-2.60210637612893,-6.10262273928518,-0.84118258314437,1.422218572263,1.11233847674285,0.898591450912867
-0.873307983069686,1.99928467575606,-1.64699922277434,-2.79041965412269,0.536892212239199,3.90993285949347,-1.79603229127441,4.87325361041503,-0.541369355103099,-0.429126807846372
1.48306818575374,2.70920600515764,-1.18947902138749,2.06481438458871,-0.118794259950437,-2.02437838328448,-1.2305702404824,1.40850241548289,1.58269395614721,0.502166671393562
0.751727019660825,1.44390249197997,-2.03270572706978,0.728174357442807,-1.59282730076467,14.341122940153,16.1548703974754,-12.1281685372232,-9.92051309368682,-8.85601686561884
-2.44974349365932,-2.57227260925108,-1.14749919375418,10.1139522388418,1.40350159691885,-11.7592505175099,1.0523186702985,-0.849064051045161,0.250065297266124,0.270354941477104
2.29755120373474,2.58164301018553,1.09837869982453,-4.52562981625174,-1.46793981141475,14.2753908440379,-2.28451878344694,3.36792751389384,3.16986068740731,0.600767200747515
0.141654427848335,1.41315697520237,-1.96055052907421,-2.82807296931499,-1.44822903691382,3.76670141097292,-10.1809954344359,8.65458578786867,4.24510039584169,4.81189323914955
0.901143519439506,2.52551784417205,-6.0084134821071,-6.12104698078028,-1.58562561999932,6.38727230709006,5.97082163341178,25.1115331806483,-8.00042890689491,-2.87982891874142
-2.12561311293748,-7.96026112064789,6.49067974652151,7.96174757281031,5.13230909872722,-9.44766422640319,3.46119026921767,-3.31349466470672,0.122283596187832,-2.99202560247776
0.946258467919155,1.49543558106018,-1.515855101191,-2.24584820731643,6.39806094085802,1.75282345666672,-1.23966249442583,2.0170486016893,-15.7362607288609,1.82249172703924
-1.05412892145489,-1.89590410941604,-1.43859141364101,2.40221408703125,0.757195694363197,-1.92297931878794,0.143554385126335,5.92281686879977,-0.870707821457505,0.468706956278218
0.774255487178867,-1.55543136304313,-0.435063738769152,1.6692980995008,-0.451736861674818,4.59899036762572,2.18894464599884,-2.83604961567851,-0.0567174369458059,-1.27794636494084
-0.909125476519687,-3.08595243664942,1.39611416082137,2.58658341550811,0.995453586917802,-2.08872077350946,-54.1198770039895,41.8721339835438,31.5212455169482,34.6666900891036
1.02677333429459,-3.86561868551921,7.91611264994263,6.11186300486981,-1.50414095474679,-4.74669368451779,1.45055261437137,-7.72456322455381,0.683500207327062,-0.854738120608588
0.748134583429409,-0.722604992036865,1.06271470346648,1.00062721445526,-1.01828574702069,-1.27981160411169,2.9593392702579,-9.08545535009515,-1.02968308427027,-1.36495916797133
-2.42613305684916,-3.97612344180752,-2.07213013814776,1.9592252803567,1.04077750078172,-2.48146577092712,-1.34158423035104,3.10028011957016,-0.870152684790762,0.363483145274991
0.446865521537958,-1.31139705094589,5.60568531796439,2.98444535254679,0.152012713164309,-3.44615145983016,0.770279401885513,-13.9185946708165,-1.66536492030727,-0.450193673833025
2.78080236301682,0.906487824124526,-0.0290558646419573,-4.73803813431639,-2.35774884573253,-5.28870007430233,-2.76879705141923,1.07105220738747,-6.66898064269651,1.31260684634783
-1.39142378776389,-2.07141569001863,-0.715749058839823,-4.12563329810838,1.62723261773124,4.46651212287098,-2.32511479834672,2.36054710246077,-0.585974260385118,1.39350941955008
-0.751184005721518,1.18229026778447,2.36885060033271,0.165010495853103,1.55145890914656,1.02493142750076,23.4644314593457,-20.5783957415402,-16.0336573007397,-12.7352825077624
1.17745053185511,4.49055707344079,-2.05520679436243,-2.03720532378164,-1.70756638413432,2.37031005263671,-8.60218422903094,10.4420129034738,6.93757786031414,7.10960179913419
0.00679897884272701,1.61004063193741,1.81568439146588,-3.72243128732977,3.5171102496076,4.00282499909411,10.8798714236062,-9.12087266937229,-7.3267919952968,-6.49767936517396
-0.518858138912757,2.67769072441359,2.32891003908493,12.6402790203974,-1.61529584962479,-7.42921498198525,-0.07331444260016,-2.86939433327408,-0.218536103670749,-0.0138849779303465
0.61861730180068,2.24645256244558,2.36903722335871,1.91336291100056,-0.866814049560303,-2.74712814003781,-4.38542723537736,0.0941086560237476,1.29572803319018,2.63472871773282
-1.57282278243162,-2.12612079301983,6.06398463511016,0.416817079737384,2.05721018619977,-1.60642701412264,2.0650888956255,-5.67615714354956,-3.54917870829578,-2.96447661511176
-1.4319628146059,-0.236576498794809,-3.61868242937105,-3.82484173236142,1.73281692933716,-3.4559503001025,-4.76799237668353,8.72652362510641,4.11414129172738,0.887031657697032
0.0806778476942998,0.17475180534088,1.69546886278775,-2.55435266218778,1.65096284279835,4.81914814361093,4.42019737074491,-2.79028478345354,-3.15324951014399,-3.13330107900621
0.792308475863699,0.371598887932413,-3.00657079695677,-1.48914106097959,-1.50745329689534,4.13913570072215,8.7508632820722,-3.28679712742434,-3.85705662038785,-5.15719015765277
1.2541039084278,-1.17201508958661,0.0426207805197042,0.325838507298625,0.561482146168999,-1.63552866004979,-1.21291186941469,-1.78051143698384,-0.981420658883826,0.325672664536958
0.960587156108561,-0.00144597746519859,0.960985885766456,4.01007172152792,-0.0479400089831094,-5.51994050590649,-1.31884740142611,-1.57329219888288,0.630058371947307,-0.600421457373858
-0.413994928416111,-0.734109726135903,2.86667730141572,1.75800807152084,2.55885949316508,8.75183482703276,-8.83736060927939,3.11176176160632,-3.2683862084413,4.55588955184069
-0.535708821309535,-2.06584389831763,0.303425445878601,0.0216977824253495,-7.48677373132513,1.6946173497149,3.95663466162305,-3.65841534591327,-2.49004119839864,-2.37480850189064
-0.964150042878143,-2.19119518678328,0.816834985284632,2.11254697346485,1.83269174369671,-5.63440676663012,0.929689495681831,-0.353269384037262,1.37074275692034,-0.515437643218748
0.189819472504851,0.0539976369284904,-0.0251594819181286,-1.35422493028648,0.11168507943414,-2.26115988415783,-0.0148167392569704,1.81427411266234,-1.34841770017987,-0.120598736132425
1.81029735463776,-4.30937826775111,1.54992129730408,4.37531542472615,-1.9122875799477,-1.66063157046108,-1.42541928152233,0.184722642877618,-0.73474284426802,2.75287490078256
-0.00140107759265334,-0.395154106419065,-1.71418085514629,-4.2692475122273,0.855771836186974,1.92639909496485,-0.048677599893761,2.00975891101629,-0.446296721502949,0.70573431219822
-1.1125017826361,-1.4484155693699,3.6442935197881,-0.170121378651206,2.30641930359026,1.89002247988625,0.86829209949815,-5.3333668875296,6.86268584865115,-0.858360507371454
0.0998981590468359,1.41894132872983,-2.282510734434,-0.960101125353451,0.00572098306803901,-0.531868996048796,-2.43985490466569,5.61972832645285,2.13537785348412,1.87333907338744
0.908029558244245,0.28075515032409,1.74343925768277,0.573920907848066,-2.60645917835078,-11.8645349166346,-15.2894122933987,9.78831976808345,10.8049086024338,8.31990881813833
-0.450510563817079,1.82402818511775,-13.1946882691566,-3.95256971452706,-1.9117941266961,4.9819228658066,-3.47268067800216,15.0435518450079,-4.47337330526031,1.62741609797332
-2.6127521903624,-1.25178418192809,-5.61726887503948,-1.21090905191481,0.476426935996381,0.405678345720861,0.261224885697289,6.38926102860897,-1.77946307514257,-0.255859235947931
1.02758526143776,0.955967215711333,1.45694967556894,-2.9431742488515,0.395036872225166,4.69572636148208,-1.74329638141402,-1.12686949612168,4.09527220035181,1.39319960252466
-0.168190161179299,-0.467449109484654,-0.126092227266402,-5.55536310696235,0.899565639866269,1.54924926578483,1.37001756639844,29.5987311304499,-2.11813560674715,-0.855776331508344
-0.711544405854329,-1.2478009143537,0.724939654009547,-1.82738335827299,1.7423459918866,4.75227351409841,-1.0029497729088,0.630694508693714,-0.652448188791869,1.31074451092281
-2.17733935060948,5.10529061861189,1.27094056099435,28.1874286104125,-0.189245403247955,-20.9405434252168,0.26479292959985,1.48582527912246,-2.30215669225733,0.215043595942103
-0.813045683157191,0.469990405488682,-7.29296108590069,-3.65152689524407,-1.52602268333993,4.99403346661863,1.37431379319149,1.07010051616558,1.73831785041346,-0.810299319679932
-0.201571942319807,-0.960169994350057,7.22455915717924,2.41923530572456,-0.203987243537638,-0.577819060651046,-0.558310275609624,-2.08749824179363,2.56296193299681,1.30046541693105
-0.321249707340856,0.985505095978049,0.478063321182567,-7.3482284061496,-2.80719511817922,5.80787014838861,-3.94481172353723,3.77547715943621,4.67785046898706,2.46378946008906
0.32035208025366,-0.481192335991925,1.2587582884177,-1.87698526241985,-1.01933656151361,3.52518289544229,1.37691311866888,-3.08880007418938,-0.973403188387556,-0.909500452723046
-2.29862298553361,-3.01111592395282,-0.956304800002996,2.08845114618571,2.44993320096203,-1.83406284803283,-2.04773967618954,1.79536124201237,-0.602347708036743,-1.20753081461886
-0.336095555619865,-0.353796230973357,-0.705066595199559,9.72212655255968,5.50233342256344,-15.7914359682901,6.472089106124,-5.78465333352504,-5.52878252646122,-3.42506457860299
0.542386841765678,2.51064694248063,-0.111235170837219,0.0178925623997763,-2.69208175521456,-1.82582220464394,2.57048941515472,4.02513293861158,0.829245780682871,-1.87963985496245
3.18910885355844,3.01818163625601,-29.6414597096592,-4.79811557634287,-4.34229516220846,3.83783045829659,0.617614098890105,23.4333782448877,-0.0539584959542671,0.551475623433128
-0.733659883795872,2.74941144722333,0.0981584408932785,-1.23469361614948,-1.72594432585808,4.89840388763719,13.0715536591867,-9.20039457606271,-9.08254465245817,-6.94209948881448
1.27636739687146,1.6792604098638,10.8636905455542,-3.90786864643272,-0.258502055139717,1.79740410711551,-9.16522452600714,-2.35138545407603,4.52023380175128,6.28254033938989
0.384352862976714,1.46716641600977,-1.09656470136789,9.53798376069475,-1.8427831777206,-5.26796545220493,-0.779680124833556,1.80018713655158,-2.39716201277717,0.695496823029497
-1.41544144509201,-1.9833653849296,2.1905098235396,3.69589281478815,-0.555167611136725,-4.25932638795641,-8.86198682445032,5.83117223940236,6.40411606573413,4.56157403897334
-1.7120799250984,-0.423663722353576,0.913797548317457,0.384460717402932,1.05324168432968,-0.590141559608132,-7.95032500985711,6.51820331985614,7.39404069495601,5.87799253490364
0.544079786291391,-0.984981307537496,1.45923033654809,1.67542162881614,-2.07223630608508,-1.77601860096198,-1.02315894420705,-3.19892213637775,0.100879081678876,1.34822927070429
-0.125957840657069,3.0635436963943,-1.48612044149432,-3.74753820143819,1.16482356356324,0.121802976261525,8.56553781064378,-6.93587205167886,-3.61729403458473,-4.11540618648749
-1.50416653020447,-2.58180508384861,-0.647674081526657,3.05164468509695,1.99621975895764,-1.22910971263931,1.23423395545226,-8.02093943567691,-1.39419199191991,-0.223020943938002
0.216605682931644,-0.59655960837196,-1.41001591785535,1.72924330715547,0.0535279016923234,-0.0910803394158661,0.497050388692542,-2.90936400759924,-8.51288774773098,-1.25527597297402
2.44640562443533,2.36721516300025,-0.740069364722632,-7.53465913574468,-2.22865044935487,4.65773967616214,-17.5979247242625,15.7242776604249,13.6474336913777,9.60066796873331
-0.949958426948873,0.894721231758227,0.418228355289973,-0.34749939533913,1.82872839931542,-1.81950894039369,0.647714098974225,-1.07739815821877,-0.446476684730374,-0.80844922296613
-0.134770823166348,-1.11986559597776,2.68545615252941,1.75372115643077,0.372952041022646,-1.02497351014236,-2.13771073144806,-0.653858235466905,0.741970811543561,0.470489432347174
1.12319046020669,2.74457626942534,0.624180397802285,-7.16014813426622,-3.57971291015209,9.77438691801368,1.6570303224356,-1.18652653210554,4.63770425255052,-0.299758780616848
0.819919766933816,1.75148830770026,0.903988498631635,-0.0237607447788168,-1.12465940249234,-1.2724241099512,11.3303785409748,-10.6514115657135,-7.85243483794601,-7.12132189905151
0.548592671013214,0.239629348197878,0.446319602178636,2.16388219643313,-2.45311687497279,-1.5075095301358,0.579060715629046,-2.22827100270814,2.52235716647524,0.729169959680604
1.06743343190228,-0.509602058815238,-8.9338027859897,2.00883748883592,0.223526559577307,-4.33833217919071,-2.34869641976154,10.0744085082485,7.67354435220674,2.49313780465696
-0.741615602913291,-0.539466984182088,-1.48277734387885,-18.6216752884403,1.2879503898079,15.6876989101523,-5.40359934980564,0.137902223792778,3.58115564655025,3.55693012872325
0.00188222076256536,-0.293196800325108,-3.5254788167483,7.15103313149148,-0.867458441464014,-4.29394416080313,-21.3348690177085,22.123197242484,9.11952600778311,11.6787690182271
0.329039478949403,-2.57839163496326,-0.634691462931977,-1.33274877280818,-0.17252865494463,1.56528934754644,1.55304328229457,3.53271435707223,-0.983147607307098,-1.73437965933901
-1.66005310198672,-1.20773454030128,-0.265686877354561,2.03683356325098,2.1225983362276,-1.72864284455114,1.17041408240037,-1.68372031259911,0.826956737580375,-0.596113975866578
1.13525376302525,2.48126993662127,-1.52064803834292,1.37493020141381,-1.88100391233118,-0.709030882540165,1.49102342152911,7.91099296857423,-2.39818361991267,-1.0111575026569
1.57473592010759,8.81442533123988,-2.46286463785363,-9.32679474527928,-0.314544445662412,7.03125091968453,6.03390898813305,-0.938757785784966,-4.98254428902527,-3.3031384120087
-0.953569805900322,-6.03868835470386,-1.52043506876402,6.99627121292526,1.26136909870162,-7.37404477883676,-21.6262820494872,18.8405953285038,14.0906747726199,15.5820081000851
2.38959205333518,4.28497231076096,9.80740687571338,-2.24011344582805,-1.42305138667005,-24.7346813992709,2.7192575505318,-11.9277301539093,-1.77373250500236,-1.68980943684072
0.329916657033486,-2.2962400939223,3.8350627233217,2.46222612123882,-0.675526513407123,-3.57223557593046,13.9537793707507,-16.6214308386149,-7.06130042074495,-8.89876801401465
1.15351648605737,0.718343000200571,-0.872974517434203,-3.05104164543607,-1.63310296204832,2.66557216300685,1.53505522009479,0.558576664873153,-2.60520314649423,-0.842144274863801
-0.611953263041926,-2.5281341839732,0.236992024546384,3.3004513671083,-0.262552263011643,0.0168053452060559,-8.31284256681626,8.68464436443019,-3.01124993934334,5.28391453530036
0.349934804446262,-3.6009044183981,0.736375005703552,3.73936716198509,1.14410215584195,-2.49668158116162,0.406652221920985,0.492251956471034,-1.27820377630914,0.287857029672085
-0.494550375309136,0.425852397001399,-4.73135676668949,-2.73635949998967,1.22826311102154,2.24236504571128,-1.47331272767517,1.79038554306287,0.874655995244404,0.200890715018984
-0.452754804885624,-0.594895658929576,-0.993264013259605,2.83474891427318,1.657933524701,1.08124720670327,1.34062752482822,-1.28422693499975,-8.0664871255316,-1.66261758362516
-0.684058521635302,-1.70034993923686,5.11780350727507,-11.8463889782569,0.563701231250917,-0.406128874288658,4.30675997188839,-7.61241959108287,-1.33946671197531,-1.76976905312953
-1.24022795645211,3.66941182041903,-11.2683588075799,3.73401109975112,0.948445661971584,-1.55629231045827,-6.4795729178553,20.7035874519806,6.64152799888831,4.20878099416464
1.21607593084601,1.0508774727765,-0.199587773829437,-3.10617570007958,-1.41737246728548,24.3816859771098,-1.11528216851723,7.55638330580153,0.398072793163061,1.09529675005918
-1.59868321760645,-2.56917819643126,-1.29811643626445,-0.996908492973814,0.557926922541659,1.63157077577068,0.201746683036064,-9.7618799810326,1.15711130224029,0.825680697489553
-1.54455676451512,0.532683442324611,-2.81471083950648,3.70753891819505,3.19492866723334,-4.29072494676376,-1.26861508570323,3.40604200551613,-0.369297142424822,-0.133346973753932
-0.072784473697754,-2.08372333836243,-1.65196911288572,-0.771039142662124,2.87147864504228,-10.1964098287994,0.471513827717496,2.94380158352556,-1.73629242427148,-0.370848792398512
-1.20849220727737,-3.52951272911374,0.506182450326968,2.87217229748685,0.362033547157235,-4.34555352317398,0.632813330637717,-4.28116670662657,-2.77980083815817,-1.26633475543065
-0.491237349469166,-0.484883958293936,1.47494777198502,0.349258017619416,0.774716547057763,-1.05905938589255,-0.955469321444566,-1.79668858017998,-1.5369208303215,0.183925267194932
-1.33577593271985,-2.5950724364622,4.77958609607718,1.24488055469313,1.40299324077801,-2.99533628456624,0.891321747030569,-7.31490299545631,-2.19027223270623,-1.40227610817321
0.0225473352778463,0.876461065270628,0.276167529761808,-0.76110262356305,-1.5697405479864,-8.15642619901212,3.90524589382718,-9.08782342345459,2.62494849864716,-3.19529126362636
-0.906393551479068,2.69674566388275,-1.41399546670056,-4.33731542690102,-1.09248364542123,6.47738350020872,-3.04747920115174,-1.74728101596144,-7.31588946037075,2.54495757708057
0.905671104195516,0.754532370327169,2.61661080107295,-8.53084262030615,-1.5783937694693,7.10817397372675,2.94557525964381,-1.96289421562747,-13.0056267705483,-0.728215406562728
0.020880657812172,-1.31492892293424,1.10202326490655,0.677569772238318,1.31949330695044,12.0720836450798,22.399767435314,-20.1587043079244,-13.0547224859877,-13.366833095049
-1.84964840383173,-0.522096345973182,6.62657028288048,-6.12367267041165,-0.177474447132034,7.20880796629683,0.931465156775436,-4.52717430884605,-4.29870066972376,-1.13493854327807
-0.00664987829562207,-0.829897419033361,-13.8093128028697,3.53858330105083,0.662297712670184,-1.80179419564999,1.3486449523115,3.9044787612298,10.181299882833,-0.940106663091473
0.241098342863837,1.78893487849555,1.18460825097385,-0.876603067839023,-1.83205349579808,0.223664431170685,-10.2461337328745,7.25088523392948,10.1348159041234,6.75918721847098
3.45749621090841,0.23286799254215,1.33633725854121,2.01612092259666,0.283684195811894,-3.02046105072005,-2.09436724712993,9.6708261776605,3.45250958372208,1.86162727436337
-0.700818113287136,-5.07613780321389,-1.29792541943399,3.85066501834581,-0.678999851714838,-6.05475640189104,2.46809023216445,-0.0309901577923343,-4.52837771269816,-1.71374263352547
1.73565609298287,1.09369228825932,1.50832016776424,-4.10587602255019,-1.87742923270609,7.02872166755285,0.35666328772456,-4.48858529860773,-0.70579006817569,-1.37640286608725
1.9448298271147,1.30450131363443,-1.94428476666761,0.736678873387503,5.0213082209144,2.01011543453295,-1.10506675357871,12.7050857846642,-0.422813438365606,0.154730146256537
0.92359385062716,-4.49856485218795,-0.890742014580958,4.68218842908091,0.461862994597923,-3.71884618239406,5.92419282320468,-3.58458873419416,-3.5874393768897,-3.73993312714406
1.56327036285257,1.9887079041759,-5.8034019651069,-4.41981864577603,-1.62063864207211,2.79844939382776,-1.06667833255864,10.1418791809487,0.65787105952293,0.360760989290196
0.421041187178215,1.7555661424323,1.98099013833948,0.884940138356233,1.3853971642786,21.8779263049285,1.77053444981704,-2.37457485785115,0.274620318025014,-0.92641460421105
-2.54327542632216,-3.76631501630054,-1.40560553660235,-0.898682887837299,0.538553822125648,1.83850438400064,-4.66538890929491,2.67354077538085,3.55683779970981,4.94103256603142
-0.50266833584439,0.0453114610757312,0.343961444663172,-1.72529380247136,4.52842949085035,5.15665024364065,0.591704289390871,-0.0368533855419835,0.284530914149867,0.164356211823869
-0.798386051677874,2.73945780610006,2.55939956807793,-19.5912767169871,-0.664050587469942,12.8213282580951,-0.988755440351224,9.24633780717269,0.74840797147058,-0.521989824693043
1.29242221406612,0.0126842535203542,-5.02875420446527,0.976197891538079,-3.39824909901578,-3.82201027920006,5.59646459580653,-1.9371483984474,-7.52145139461767,-4.4792139996488
-1.2387604316524,-1.43885592786798,-0.685324923498216,0.42480945725294,7.00124311026184,7.39093097843627,-0.818031352798697,-4.36532323069911,-3.16370946769574,0.190796360503304
0.438880416039869,2.60278361189717,4.23042850944704,-3.69026259324702,-1.59525189761842,1.16508818687144,1.43871218280849,-5.26873161209276,1.76260625928137,-1.64073801148418
0.601847251110195,1.05222455126136,-4.76916739934644,-2.10983385755364,-0.29187607727835,-0.360047336797341,4.10311009302462,1.63479113200649,-11.7254460444328,-2.85252738510756
-1.18711862886636,-0.190003951086864,2.51324225588718,0.713930916742674,1.85429857210526,1.54667816172753,5.33813081635267,-4.54991724353753,-4.9284317398059,-2.55741262530143
-0.49279736738782,-1.80155602619143,19.2869147339421,-0.528203684478564,0.207230193808109,1.68549939021115,-2.12060564598049,-16.2430350952526,-1.51699789694186,1.49622196292051
-0.121989152587362,0.21391108631297,1.49897919530374,-3.20536770460362,-0.357381826096051,5.79879632962699,2.13585570528246,-3.23498471485262,0.00135222189663931,-1.04604615539732
1.43826106954172,1.36775024383624,0.757540007874205,0.0490460585875869,4.20419502633044,0.887484268989863,-5.44407911980161,5.79380193198803,2.87335706804577,3.84605771452746
-1.18206497689703,-1.30995319626885,-1.22466742550208,-6.9501294277195,0.731348553494033,5.56504101531085,-1.0856714448755,2.47653210594735,0.664306426394759,1.23077031503276
-0.309789505137872,-2.2059437832161,-2.24431703881294,2.37095659198358,-1.47122635717337,14.7614541638653,0.427872820559532,4.83047571549112,0.091075457185626,-0.412266256006987
-2.03785496487495,-1.35470612559309,0.749537355111064,2.56254879612843,2.46106417545827,0.469655065429646,-0.454546065733772,1.66127457797775,0.689883786772392,0.284988581460233
0.631293632023307,-0.840507560438349,-1.28681510049273,-1.62032408889793,-1.59441576314158,3.08708282585501,3.51053351818917,5.3027231667767,-2.95140218037044,-2.2180430646166
1.11616102173818,0.234678430497662,-2.56259312034159,-2.11989044608694,-2.67560394468364,2.67120016104373,0.0855885984675432,4.75444795098033,-0.0343971085146021,0.613369353267427
3.36360756561387,1.85779415369058,1.2842942349015,-1.97216511094858,-1.39580063046404,0.216650821992356,21.1031240281957,-19.9686490250128,-14.8437541653966,-11.8039447741593
-1.48614087104249,0.451368649435655,1.13890959590433,5.27209694831541,-0.524713221335202,-5.62558039169609,2.05872425606032,-2.42361117582988,-1.09913788197131,-1.76351401226364
-0.81815830671509,-2.09696533738898,-0.833220926901738,-7.77474395153289,-0.336750000156559,4.50905382447496,-0.338338143531504,3.71679530462823,0.140060482597784,1.16643210138077
6.10270773224611,6.90877310004116,0.595264003273999,-7.35000180708931,-3.88947068106094,4.15140326397762,-5.11204032069191,3.1298848207954,3.59585429087463,2.69389403058085
-1.62530117616237,2.95857272151577,-0.430405172133263,-9.69951592451826,0.95974375926173,-0.588204408837059,-0.291887592405236,0.395666930355168,0.179074160502958,0.841858430008467
-0.93652786551126,-2.83067742192734,1.23475568865384,3.29374700266529,-1.60670034733937,-2.49227957380009,-1.28479238778382,0.838241549532284,0.874018383738052,0.745695718312719
0.919663067754945,0.704441994079692,-1.16389088593339,-1.50271210459837,-0.265825936096968,2.91878236080711,-1.72458215997153,6.99088051551989,-0.542409910007462,1.95994601041397
-0.862531979635927,-2.9189139707291,0.0442546327731611,2.3682064564125,-0.817553471628297,0.363362480811564,-1.73775575759119,1.35569473075757,2.88696651732769,-0.168248562830527
0.290013556279854,-0.312847933973605,-1.89319295465814,-3.23962849054258,-3.30815543580523,4.71451524847462,5.95046444805816,1.89193477962453,-0.580556856861497,-2.91962801311322
7.56725956033897,6.52259628759484,1.5357361850057,-4.25594993121242,-4.53465230400441,-0.478212783793537,4.94675320492226,-5.01675198856115,-2.35245078627878,-1.68451313472089
1.46628667190135,-2.37736385908474,0.496291506099557,4.48814406599303,1.10706819571206,-4.49051720712355,1.24078623079851,16.2907875737031,0.0607810555686875,1.25926818897414
1.41064949326144,-0.104890691130762,1.77232784799247,0.880886420228729,-1.27692611896901,0.128548951058055,-2.71841136762378,2.31375187202281,-0.824115589651615,0.275165843240578
0.561869394222139,1.53444677157795,-5.92074877649182,-1.51605846687908,0.840831532070954,0.121404454082687,-7.38704967386004,9.51867784331538,4.88963533591044,3.72335757518398
-0.319045460674906,0.659809184902617,-4.36275761517448,1.11871628761498,-1.74440726372332,-2.74421327116222,0.143135868871118,2.22966066323404,0.132260301693478,0.608318290573691
-5.08817725235884,-3.90583546067733,-1.2009296830885,6.10788175614741,3.05296870451948,-2.74457163747049,-1.39350169432829,2.9037107323664,3.19503499669873,0.736681552000389
0.36152977111736,7.58356633746074,-4.57587008038731,-5.34798368666147,0.861548654590557,-4.90960559380842,-0.775847121924077,5.99521351551741,2.81896604661525,-1.01169370241795
-3.1512362218969,-3.96011936279837,-1.79611502621223,3.97674141864311,1.40618338099462,-3.29303376899726,4.46626259382253,-1.4121173196246,-2.06411163813591,-3.38564282355444
-0.207698089989865,-3.16598717377539,3.41354854780096,-0.766612172742036,0.348018260451578,-1.25240596242979,-9.84361135074091,3.64505275316964,4.28592162613735,6.34829246150938
0.524909827347251,20.1379456004013,-2.32793121384205,-18.0923526683641,0.91360890155186,16.4877648375554,-0.210923057660215,7.11162450429682,-2.62409860480753,-0.160584070095209
-1.49775522326222,0.236674112536534,-2.87600793608246,-1.08340795386735,0.928885129439022,-3.85515553829808,4.02316579521375,0.415633921303412,-4.54574312345189,-3.35704218345756
-1.56656129073612,-7.01034571406436,-1.97880536532536,3.39412910952647,1.06929561163711,-1.92789520134844,-0.234399893356216,0.80535110521457,0.0667139877003749,-0.411332866171858
0.112122454146379,6.05390965158598,0.99633983958407,-2.14070561375267,-0.0940562780192874,-0.450796358866683,-1.84129615732309,-4.65055441429515,16.8585681366824,1.97823714737119
0.595360180741725,1.60822310950987,-2.18001616805683,10.5169028623384,-1.73984763829813,-8.15555005845837,2.82022052742967,-0.378952030456653,5.98579786724049,-1.71333247935634
0.31528915678628,-1.53385925582692,-1.61998521028838,3.61493706998417,2.03244662419291,1.23354136729327,-2.09243216047626,2.5295254415388,1.78287214623581,1.36554616924443
2.47478598912446,0.374890697398125,4.31858596768641,-2.79712302542222,-1.47550687483433,0.32109572371336,1.73591602662652,-2.04321951797307,5.7579568715804,-1.82064908954464
-0.456944484276032,-2.15542975334787,-0.424246967785547,31.6599213641928,-0.745988067420525,-26.0650773770425,6.24628705198547,4.48214395031279,-5.18291497662187,-3.79030405281239
-1.79187891321961,0.753357072495155,-0.358807588812362,-2.13181989968841,3.19324024241928,2.05918193776984,0.927166327519995,0.428800059740663,-4.03786698062436,0.615096110496433
-0.280107590811376,-0.240730776563769,1.16442826869685,-0.755584658926864,-2.53750707784495,7.03211572792994,-2.34470739596879,0.216890394302706,1.3156659574816,1.58509853775648
1.27830706330776,1.35236984357519,1.58764205052235,0.53133220114434,1.17145450699163,0.345710499304757,1.48190968695733,-4.62766851394654,-2.07001329380464,-1.26066677114746
-1.73987215906766,-1.63551196761958,-1.66037423752253,-1.26530365478131,4.44766907415184,3.21433686868534,-0.929507792431557,3.40290232172095,-0.860096392788047,-0.766106476080982
-5.31992877487439,-1.97033968139299,-0.651840402826377,2.60502906665883,2.59979403125762,-1.88607742268738,-0.988630237426144,2.3355124440244,-8.63962685202596,1.21202198526375
-4.438016152356,-4.1982775521494,0.0140311717412569,3.26901575611411,3.06689867855335,-4.39861272232556,0.632111840780377,-0.493241322584155,-2.06478865852395,-0.470729069858302
0.604339585964312,-1.50136667006487,0.777714442441893,3.48500029963051,8.40985576361541,-2.23013507535187,-2.39621602795643,3.69427695718396,2.79300913002459,1.50876761284498
3.85101999447215,2.82328792207111,0.99792133876555,-0.679787590433619,-2.25260481759955,15.1096656913827,2.48425504989622,-3.95332699643326,-3.87300261740267,-1.44137353213462
-0.849424997054304,-6.20277297594348,0.851075345228075,6.35256250643892,0.811203342002886,-7.0824601632711,-1.59843417723675,-0.243882696860261,-0.383255532102247,0.732222476857881
2.81541319553959,1.06271382070972,-0.325678464684605,-3.37884619958687,-1.46841193001777,0.394067878593642,-7.71934106009584,4.88732302363944,-3.72979789057189,4.78787196980269
-0.633972526338592,6.36582224832946,0.252694704998551,9.04387117712401,1.14329729924132,-7.05145078375954,1.98562958967355,-1.57031137468859,-2.3141123211776,-1.85901037628186
-1.5976800305493,-1.92599443501382,1.77995982784671,25.6595599046057,0.950322169400867,-19.0618406996537,-3.05299676062344,-6.96829579080658,2.38508291615798,0.823398008033695
-0.535588415170526,0.0452727639069079,0.758477539300321,1.88467890473535,0.420307509598594,-1.15158103319567,-1.31066807836111,2.63262297547434,-0.894982415055697,3.86057155040578
-0.901898974574013,-11.9353828524577,-1.39735203751964,8.5581605371445,-0.0788677323705228,-5.12159599260234,-0.0372744261387013,-0.209116942860147,1.7536169586031,1.01677850982511
1.19066145395531,2.91141843985269,1.65137915602554,-2.27718747253703,-1.59227381117322,6.23541980151482,0.493748775232193,-3.13906542790852,-1.46217032914362,-1.05064219085873
0.196006965193041,0.80521533464639,0.62897278969446,-1.98522906568738,1.36279156133094,2.56693943994552,0.38909642486646,-0.426035511880454,2.78108266832636,0.373688841402831
0.517360326854733,-3.28917188997978,0.649931271442354,2.93489027218316,-0.34092546120167,-1.22223090443016,0.347374490384173,-1.84808857931917,0.445013487273199,-0.882310376774276
1.36745459195127,1.52479480303333,-0.620092716485374,21.3141220843984,-4.97491752281502,-13.5341696054651,8.02950546716716,-10.0132975867109,-3.28288940239723,-4.84764791129936
1.16264030127572,3.62560298402208,3.90689388579955,-1.3885851209127,0.556742473095119,0.270209958007503,-16.1010472794927,11.6523000738837,7.49938537189976,9.02576333126241
-0.923346780284936,-1.70403982542309,1.80349874171333,-2.49743454301497,-1.02358488036439,3.90587725252392,7.62511106809329,-10.0689364066683,-1.12985001391322,-4.42347862488854
0.00254157067105939,-3.25359786340395,-0.0256373769916157,3.8033140267726,0.123972384461531,-7.94534216050776,-0.752304799781647,2.21640234607346,-0.78395891954919,-0.014529918725923
-0.179022540197798,-1.15311157649793,-2.12139492347441,-0.173365292282148,0.066114996345073,-1.49323141626726,-0.31174705276901,3.02504312023403,4.52801863033516,-0.0648308184695323
0.7813120535559,2.0492725428509,0.27722025135783,-0.688822090342223,-0.0218074215079205,2.12684023961674,1.72477145776967,-0.990013564411501,1.04715908474688,-2.21913088150394
2.10981585041765,0.594424749059652,-0.650346856111071,-0.898182470535643,-1.7545569011679,-0.357748403221449,-3.22576942770651,4.07583096291385,3.32574155288412,2.05221109907733
0.0792426119069988,-0.717201628340923,-1.15506154413372,2.18211273386697,-1.19267635768901,2.98930477295186,-1.03446170779285,0.578832299042272,2.26417967719996,-0.519078632363535
3.86967916947897,3.03753946080186,-0.996710483046087,-1.41537478000328,-3.27581713637276,19.8258896680062,-1.4112781607875,2.90893291784421,-14.6595196932169,0.339729060359803
3.48177605343066,3.92782811704832,-1.76811095167515,-2.11785407566651,-0.81054069601309,1.84180932857794,-4.57516847131368,3.90393604365471,3.15341155617931,3.22427857881545
-5.69224079034925,-6.83801762807178,-4.48142852478446,6.69353916457361,3.29282628031313,-1.21946887702045,2.38873199671624,2.81269667052573,-0.707437869708993,-0.199569100390152
2.31839330707046,6.45450582408463,1.32919707067834,-2.72847698420738,-1.05013778248284,4.95486522856707,-1.89110574752511,15.2503963127346,-2.31107792800056,1.38018612088723
0.981394869447432,0.213954097323935,-0.355929290387383,-2.90879473726324,-2.10537143955082,1.78788549880616,0.00519535906662494,-2.07360576530077,-9.76648317137586,-0.188670760081853
6.91021710329802,6.03934582709101,1.10144673154534,-6.84278740291745,-2.92767989623294,6.94983352012878,4.35291433027827,-2.24489773205201,-2.55496157720463,-2.06993684378862
-2.69215858889525,-3.36165005110017,-2.98692435641919,1.13906092272379,2.35310539678875,-14.1755442318832,1.41498381637487,2.80634495164322,-3.80656280509225,-0.852323349734703
-1.54336253843125,-0.862068204743011,0.964509984039759,8.6276703352152,-0.107366403160067,-4.6528608485705,-1.55800268085392,0.332174617329178,0.945863678065094,0.214563959816204
1.88929697244847,6.83470118328335,3.7364348556683,-2.4100921355721,-1.74917664573839,8.58022769212884,5.20138199666277,-8.66886818540909,-3.49364654696882,-3.56586082718991
0.788447240091274,-4.65672264665545,3.00349255236875,1.90541681989823,-1.8131677501745,-0.891760282485248,-1.32300779645377,-3.68147277900306,-6.27346482811381,1.59297377471392
1.44242993114637,1.9495688702393,4.53841806222576,-5.21723879191864,-2.48686093412787,7.78638409911659,0.0608343190322679,-3.96771454892059,1.70807234818094,-0.630721642385592
-1.26838299010345,0.810602654891312,4.74826492488194,-0.649599590740623,1.92269974435039,0.252482175417712,-0.0223168622761001,-2.7928119878377,-2.30301202409365,0.62855003730789
0.859660213514838,1.93244428513337,-0.936669374717311,-3.50249781070254,-0.173009033028304,0.918222938166234,0.841900569646009,-0.180425398496811,-1.58746822773608,-0.577149761657755
-1.27386051628409,-2.28718288770769,-0.714381438596771,-0.423269984500374,-1.10274409787068,-0.736191917053201,6.16334772118481,-5.51785977426535,4.6080332051185,-3.82804805448792
3.49840316629057,0.339364748519473,0.590478784725978,-4.00695415821988,-2.12777534593224,10.7331380795133,-1.36175160380257,3.45481794591182,1.76080567094484,-0.322009803960132
0.335834272705709,0.490167207312645,-0.00200925932255007,-0.332206091312964,-0.817188230216387,-1.55001969822555,-2.10879414215261,1.98167541713036,3.75150393478659,1.61324897188088
-1.34465036871226,-0.0722579425874579,-0.279930959320291,11.3636470916532,5.16695591076658,-8.68607750776125,-0.228315681610776,1.66469127986551,1.5560365669488,0.445449003828369
2.31863195236237,6.7655426352185,0.33647240449737,-4.78834035304266,-3.58943464134544,0.915996435394012,-0.47831677749021,-0.625570280042888,-2.61180449745602,0.487509995404666
-1.82597702016754,-0.298521321433556,0.22784618476456,-1.20885228735564,0.59230422857034,7.24979764864066,1.36203497015577,-2.4823391151191,-0.744394531434271,-0.149247296234877
-1.23761388071155,-0.992004166822761,-0.389076867621222,1.31859772112611,-0.410424566725996,4.08923963494102,2.34419090536488,-3.08999551905383,-1.80553299926549,-1.18073326918518
-0.0384424097732137,3.12897814111021,7.03580158691887,-1.15957008193317,-1.38094217564333,2.7141907817934,-1.65934429638537,-5.78551071386986,2.2837501380816,0.753462853823467
1.17476255768728,-0.282227008365629,0.265036369329713,1.54026898883221,-0.834774969665667,3.83547511087549,-1.50397399337986,1.16862883458433,1.41247008372401,0.156517315408138
0.870631011008098,0.153437202467602,1.80281834370988,-0.579841777388626,0.386840402069166,-0.244975815233514,-0.190477002340225,-0.645102842744207,-1.26174313457754,0.953124700468698
0.91807195014326,-1.22318488158941,3.93039223119706,0.97883165758412,2.42672750952336,0.800432275180427,-0.966124310153456,4.02183554328835,0.880206954397027,-0.334087759294055
0.632402263956806,-0.0491494102520514,0.520164395092801,-1.22430773380327,-0.315457997950502,9.61119292421737,1.24155435225352,-1.36707514316464,0.743383648967735,-1.54080032411699
1.07661537222276,3.28031188851594,7.03690919801304,-3.87702878746982,1.1882291362258,2.14843921266068,-1.25098930194119,-9.05034860098307,-0.704966461415302,0.889745050355407
-0.247956731361213,-1.20361012968088,6.85117783979874,1.91492909925614,-2.25434682721207,-0.525145714439404,-23.8185425187031,14.9716617812006,14.2587218360962,14.6276057987202
-2.07998675428053,0.657264682918016,-3.38318807851868,-1.60922650447213,1.22718634995592,0.357757739042334,2.09957768630445,-0.203400323956305,-3.57068196359869,-2.33272817588058
1.25981776726238,2.55033916574303,-0.632033040037925,-2.97083547550697,-7.1317183745693,4.43734657682367,1.3268366574367,-2.48654364494043,0.89480245195035,-0.795043639800465
0.48421377274082,1.80608867460501,2.32156977585019,-6.37137469458483,1.03203006804462,8.47647704739708,-1.57859281314374,-2.77008003449382,2.46138866863601,0.956669459978739
-0.65433100639187,1.24074935114672,3.77458420291978,-2.05894937610534,0.0239056699302614,-0.576771951367692,0.744861552227641,-2.17825050873586,-1.2564353651889,-1.33844668411871
0.29801052826877,18.0512589142188,-6.4990395357896,-13.4199472849813,0.945211619202729,11.0515933033101,-1.30717121364218,6.78409511779388,2.37492767956151,0.825092122423726
1.5954378147973,-1.13856015143205,-1.36786767457204,-0.438293954946361,-1.13512013345464,-0.0900949300061074,-2.05319341549682,6.18517949932245,-0.280463827434829,1.55147232779095
1.97199363633674,0.859091032468145,1.02330390968245,7.11105024509597,-4.31012832613945,-6.79953009238455,-1.20432448119437,1.33355110837026,-5.03548244963216,1.24098355257012
-6.36953594654875,-4.38918231164728,-3.09891281021824,0.385004209936622,2.25836440644813,0.372424170584489,2.3634454464337,1.66609678076716,11.1373348738033,-2.38135556238917
-2.489523049071,2.26501856434392,-0.950543873465805,-4.41315749446988,2.78117451417296,-0.913276868756073,1.87421483538716,-1.00085967611721,0.980019807295539,-0.956858775935642
0.813609865209167,-1.22126330496899,-3.00439252357241,-1.66944283861985,-1.98509245483576,17.6016739634366,-1.53343026198389,4.30122501110897,1.22964056311322,1.23540222976535
1.19871501519811,2.62856751249527,-1.6299455140888,-8.17509957762497,-3.29165752620504,5.42813240644456,1.41502147573361,-0.409187686197493,4.64034656392389,-0.586713953834247
-0.787992895629025,-1.88869057831644,-2.40944570312764,-12.122653637103,2.45183428558496,8.25919713835041,-1.75553558706122,1.51906484869828,-5.47040800880228,2.49966366766437
-0.997117245715447,-0.163717426938551,-0.654550413239323,-1.03304833896105,0.35709600286649,3.81801926578132,-14.9398455161562,13.9322458072029,8.26520971263778,7.65782603909723
0.903191812057125,2.16844437693472,13.8048599129829,-0.586349838456772,-1.09821996608282,-2.1440555083138,-0.724226763339999,-19.3466314368963,-0.0857780683717466,-0.336882598575722
-0.0991462854604924,-0.973379544043292,-0.477259631889642,0.556895970677427,0.618949544549506,-2.38875482546981,-1.52584568986109,1.72240119630251,-0.000872132680263649,0.336249124654413
1.5371751861882,3.94563949247873,0.759760119037313,5.64854515394785,-0.318082962502166,-2.81425845655557,0.841527800709278,-3.3196064927551,-0.98779965676954,-1.28353073604119
-1.69655282877538,0.0842563946321289,0.933899562241122,1.11525451511369,1.62985636733829,-0.181633118145607,-35.8971516349283,26.7985415492545,22.2816772067764,22.9872426941471
-2.16989206279192,0.338381860592399,-1.54326187227683,-1.58542768983364,2.40081162491827,1.43732613951424,1.33793920660025,8.05195811298207,-3.01674816696728,-1.67330480252988
1.00426510111234,-1.10773235947714,3.0771724506194,0.496591257476787,0.852819054967465,4.58773323826897,-1.01112633527358,-3.66881666868399,2.43010524584649,0.630270996157794
-0.508871019040238,2.04062583457165,-0.644940902192085,0.359738267019997,2.70647577801708,-1.0325550231546,-0.537352422620412,2.67286253656674,-1.33200471930161,0.399530436755096
0.299705323553613,-1.33725153537812,-4.05887359178579,-1.33091571280728,1.41091194429785,0.447347249380842,-6.21796127716244,9.05394816086151,4.97650614683078,3.28992749010945
-1.2062914891874,-0.964674531487256,1.19026326494971,1.15091458745252,4.57130411885374,-3.52386920773088,0.710938798990479,-0.429973583908098,-0.296165511030458,-0.73864247721183
-0.432169859711668,0.878541280293497,-0.770869319727785,-2.95608870107292,1.49090970539837,2.70018034848596,-3.18265452901195,27.6926356035429,5.45260478862144,1.79804504501185
0.808967672793518,0.686385876619224,-6.13391947804464,-5.91280037456728,-0.351426889894328,-0.355924194825331,-0.243999151002722,1.01916903732468,-2.80403558585062,0.534459660173599
1.07379098799839,-3.78168366905007,3.52425494818409,15.6079910996505,1.34881625539983,-12.5437662776573,0.0943683531373236,-2.18353276977457,2.68980065820494,-0.811019990662892
5.2326164455388,0.0895431159370998,-2.35250532385068,-1.3789776315258,-3.56106470142309,3.77710510994143,1.21966166647537,0.12601328932336,-1.30820909872492,-0.967881601615395
-1.49089327363891,0.0992106055002386,0.532229933257432,-1.84406440657913,0.0810463082878469,0.321832074633446,-0.552156585116702,0.928911621352853,-7.15224611057929,0.943607506201612
0.017519947957514,-0.0222165346386496,-1.18957613940818,-2.99199982780603,-1.35020828196967,5.42603072107912,-1.76483967718706,0.698995295087914,2.91816952132337,1.72311289333847
0.375708049258156,1.3499675736499,1.82591165955085,1.48301090120711,-1.21185766062617,-3.89459491864565,1.89214415998508,-4.52313035300532,-3.98068404453686,-0.456566344519305
-1.73722002019796,-2.11961214181561,-4.1715506347533,1.22974183817216,0.943094164185428,-11.9510585938976,5.54945283679076,-0.964765192724214,-4.10792738561445,-2.04903513196101
-2.13480488012992,-2.28086079551493,1.01410692432508,2.43907958083485,1.36087220015708,-4.06273641442732,-14.4918274493716,6.21423147694785,9.64953409414704,8.04497885950965
-1.64545192957947,-3.51079887227613,0.491052020486393,4.94986102774359,2.56162249467009,-2.36139232524963,-1.10673834681696,-0.261803181371963,4.13597776406362,2.22276946990986
-1.84358967452383,-2.5457636253775,5.31306949758085,4.38465581286737,-1.2633800687254,-5.09766842147467,0.692007029575392,-4.99223998598637,-1.01825847364472,0.437678798164333
-0.745013790080558,-0.369633987640041,1.97896664250938,4.67466676533958,0.370475489366658,-3.48229297334678,-1.18468209345926,-1.69798475831121,-1.90399887814002,1.43703160294835
0.0119947227228872,-6.38079116562548,-0.210785407177222,7.52820283335939,0.39360515992039,-8.82268773246208,0.282595209446723,-1.7948560076985,-0.801900344607159,0.878275596716196
2.05300484272962,3.65481428896592,13.0953752266923,-3.70099845592902,1.35173487539423,2.84813953487098,-7.04807419046168,-3.00651854455477,12.6678611731074,4.96716112669073
2.83991062996904,2.27171696946723,-0.710866738042546,3.86472529793981,-2.29200364962166,9.08002761319496,-2.10779057341451,0.419451188377312,2.50750424393803,1.46057965329334
0.853191190137983,0.354250436760909,-1.72695459733976,-0.328226286837218,0.360610658621369,0.775187305519169,-2.4995930623452,1.87112629038064,3.27761548659013,1.27184993485539
3.79432529802478,3.02175012304931,1.33706875859272,1.80969073697321,3.58815154574708,-1.72973855204219,-1.90840151074087,-8.28451017295198,3.67238637795693,1.40120588665017
-0.0493017927478313,1.50840704630492,0.886427612605085,0.100165393164995,0.525597700856106,-1.70129559481328,-0.622327703055856,3.02727584123573,-1.20499917585765,0.521736025474905
0.802341301605524,0.666576918966646,1.7887952748271,-6.76665255096012,-2.11214675365719,5.96781366023968,-2.96488736409957,-0.977119310362263,1.2095779795114,1.63981911285939
-0.0880317752788825,0.768949990394506,4.15615294971187,-2.46865384599495,0.119688037158689,2.62841683061028,0.760692111815668,-6.58156060298147,-2.8653267597465,-0.456619862154081
1.6601031740918,3.44715466953313,2.46636960784345,-3.097014149398,-1.62500172849906,9.64054535914897,1.21677095222825,-2.99050782202186,6.45175186569624,-1.0689421398421
-1.07124160777795,-1.58708470440796,-0.58481264008705,16.8185153475639,3.13685337636774,-11.5324952101471,0.0531834933836736,8.007588739364,3.18595358130195,-0.103338880151765
0.00063015502605321,0.0322939483016958,0.324282542791872,1.77792853306864,-2.31559094789791,0.951820285600583,0.880636940987049,-6.84678150486848,0.118747457575771,-0.493569374129625
0.667869273978363,0.753882661327724,1.08390117461585,-0.190605152308497,1.16230221850715,-1.49934051419716,5.24457081213712,-3.60900948783289,-3.58494076658553,-2.3307418918619
-0.0494611662039122,0.463775080386444,-12.9303666764633,-0.312487494749842,0.783220380409317,1.68092997494533,-0.721413098071342,13.0546853821972,-3.64764988273604,1.59578453262781
-1.34016396489479,0.411039895432091,-15.170322859219,-1.5908404485464,0.560739003945887,-0.864065336770672,-0.0824933118483018,15.3664878573158,1.48566823283283,1.09624343633034
1.01579819071815,0.935283801587312,-1.5600861734518,-0.565434891186447,1.31391696134447,-1.21159514573303,4.00756027605364,-3.61595641958871,-0.748585189359152,-2.0821424096885
-0.149422316793534,0.441785087710898,-2.81402724438467,0.940537334911476,-0.234520615391595,1.0323215069528,-5.60771642524936,14.6449137628802,-3.70948433805499,4.0918192019751
-0.454604013658173,0.878409367554503,-2.21043075879105,-4.07984312283773,0.648655085668745,4.23332595043637,1.42626854937027,-1.36912548859805,6.48110724626395,-2.48104378639765
-0.245167405820962,-4.68910961069288,0.945779513009209,11.4666512144768,-0.740326873611836,-10.1812899696722,0.926657920238448,1.64523852554097,-1.44412739003915,0.48402108042354
-0.258157192293081,1.22259948664331,-0.231612968820284,-1.21539329181809,0.175086899978447,-4.94062112654734,-2.80369472938903,1.48149486237765,2.91059199271996,1.72772213269637
-0.0114486754868106,-3.15235792213564,-3.01888905514174,2.19955069624302,1.41633327517353,-2.9859143585116,-1.07801878310964,2.66590638885613,3.30572738630594,0.633163484075267
0.0439944269771658,-1.65515701279453,1.15131783040077,3.39690962192663,-0.021667526017171,-2.30120704237817,1.84834274929539,-0.818221052085885,-2.51201260323352,-0.0842252565983859
1.40210450706203,1.92341060885603,0.686463779107548,-0.47681270710842,-1.9166612557824,-0.651619925295359,1.87499811744083,-3.79034239324636,-2.21925131586752,-0.40362406682808
0.496396223005378,-0.206073068898899,-2.29753942758612,19.134857150415,0.423446091966922,-17.805355945463,-1.97998817188685,4.27149294432136,1.82086192763907,2.30963768414767
2.98505758730995,4.20491943713998,2.04178136940484,-5.4295734596542,-1.55490767098263,2.02251457608801,-4.94944550495426,-0.311152618505908,3.37638746992753,3.53953659189381
0.73764738355731,1.1963582716087,16.2952368744939,-16.0004393391867,-0.319985624754197,14.6537747765086,-1.47958837670938,-9.74024411600647,-0.592057799319916,0.173251796333545
-0.418414201126983,-5.97767923310504,-0.403848966512042,6.54801858653608,1.09755201854911,-3.08074678856887,-0.258441010298416,2.7092410686717,0.201642816831372,0.386574160058393
1.78112269360581,2.39163169577051,1.12808402194874,-5.6810450440388,-3.0721361244083,8.91347707821722,0.865705688795862,-0.848546200299272,1.5513711282945,0.16795905822105
-0.476145367348055,10.7120121918714,-2.66310404738321,-1.00336349914618,0.275353359015373,-0.266014918701339,1.50855808005947,-0.189063785401408,-3.46590154439835,-1.04386213358041
0.908386388982227,-0.169005352024745,-1.7962662585255,3.69522375629131,0.15653929179293,-5.02986607676094,-2.03033774461762,2.74437741436478,4.08583039424057,1.024907925697
-5.02604139085092,-2.37927648586951,-3.56486507726676,-0.906328948667785,2.74837317839835,1.7613709014885,2.34394415230997,-7.24926302640266,-2.67566132948262,-1.46864639562914
-1.36756750332703,-2.99919359366957,3.10614417509273,2.71514503907128,1.56388414304223,-3.97436254413871,-0.472162603021732,1.04603894276149,1.83293210654592,0.326756449121762
0.0766287704624809,0.349074150788762,0.0918133632207111,0.910083515564927,0.703914633317452,-0.949926495887045,-0.119165709973951,-0.891528915585165,-2.1659667661677,1.03357415108178
0.997261094159131,2.53665364623793,-1.20187303946866,-15.8540014258499,-1.5415778690535,13.0610708656688,0.1611071718727,1.30039967598555,1.51073099522285,-0.843516444610132
-0.327139390703301,0.8607601378931,-0.467722682745707,-0.259418059563307,-0.328473460973334,4.17783970300826,0.391021079292024,0.52928698471749,-2.00399967399889,0.921817719229625
1.35693549243256,2.0390217686239,-0.505191112074451,-2.04744181557884,-0.297494236492705,-8.58999562441021,2.23606403820844,-12.3774761716005,-1.54978596133082,-2.16627759553623
-0.732038999805296,0.338180203374581,0.873853969138545,-0.383282433288484,1.21634903101822,3.52811657448713,-2.69030353478482,2.65367876565936,-8.02431615054685,2.33047163399972
-0.238439080023986,0.0884914260975504,0.78812912435971,-1.53016384298242,0.0886165972281782,-0.562345408719224,30.1036466195155,-22.3784942404021,-14.8372981279112,-17.9760763336636
-0.56440645487118,1.1017796891189,-2.07020679862961,14.316984478851,-5.15134265397293,-11.433607521323,4.02243261286373,-0.918278091078426,-3.4321663931916,-2.38477769494819
-0.720475302741634,-0.245801359890147,1.3880065455314,2.27821483464556,0.466176671717378,-3.2768393637019,2.44414669351685,-5.0157677950227,-1.46325659545604,-0.943443338363197
-1.1289521098306,-1.36671056831117,-5.64753654060259,5.16550245160871,0.996416334652574,-5.24152322466604,-0.327985768767326,6.1291180401372,-1.48444513488965,1.50515387449201
-1.03757045480103,-0.296843900781481,1.09286851082324,1.90292546939075,0.836665946926577,-0.924996070264233,-7.79787900158359,1.59392951178677,4.94402014162818,3.61605986631525
-1.51310532156572,-0.29925399174567,-1.23645290001835,1.9159818221448,1.47088081700676,0.565339041793057,2.7428596371743,1.51230570365076,-6.33384318699302,-1.75653815505259
-1.98896238425361,-1.05354267140959,0.286529196248592,-1.08153788414324,1.25000060748542,3.87158357858014,2.06691454443606,0.778083730027736,-0.512189612771212,-0.0139803380473433
-0.881057430338215,-1.65913108344742,-2.32463897455152,8.84291047559156,-0.280952389341959,-5.43081779773152,-0.584380027160815,4.1270627258942,-2.96901710620131,0.339287661515447
0.0343711107887026,1.20297252207238,0.522079521661361,-2.31445331853764,0.382440511865635,4.29039242379394,-2.14438754117754,0.60057105781407,1.49021486576976,2.24454432648527
-1.23723523740519,-1.49616364356764,-1.33597138604112,2.41891330808494,0.338796759381208,1.4585779296951,-3.28590912724902,1.86045154561668,0.812366464802527,1.16095679684757
1.09035404519575e-05,1.3922308069919,7.57086636157271,1.17732930301598,5.50785480034471,-5.61120311243211,3.37513242882392,-7.72460184374663,0.207752252497439,-1.6458722579934
0.607058762194373,0.141727333182753,-0.476984857764505,-0.409557684865415,-0.722059921759381,-7.9209416450416,-2.21749800963717,2.98203543047519,-0.103573092488605,2.68030132902659
-1.26385514789618,-0.31240070797231,0.895321638402214,2.54359737244646,-1.76563438657552,0.402329929676108,14.3193864994184,-10.3795208195538,7.79185266279947,-7.24574356950473
0.712572075683684,4.91229314453317,-3.13064901728195,-4.38100526201813,-0.728977051574353,4.8710587850401,-2.19634874055232,6.01120729137708,-16.5292781610684,1.46563809690193
-1.60650911004315,-0.273762213240336,2.76358363883255,-1.56370250157546,4.63094380135805,2.03492181825129,-1.917962685218,0.947461031437674,0.027551553139991,0.550794999279091
2.35053086704956,0.765616993632759,-1.41037508435896,1.40193361351865,0.571546160831138,0.189228110535169,-1.69870482258092,-5.38598562254156,-15.9953252730867,1.15291729493367
1.46037455788516,2.22579168463822,-1.41604115301468,0.195938974989145,0.343366028812455,1.44043502230994,-7.38414798180953,9.09828622973869,6.1808601673652,3.87523449281027
0.643281699312834,0.809217630631371,-0.831516911073382,0.844283118837561,-2.09779105029492,0.555721935736048,-1.86165605844329,2.20318505350047,0.842146096985807,1.96282921402343
0.573907303038195,-2.14120140727375,3.22580946426311,1.45312482235302,0.737425797472555,-1.18464290758906,-1.02514575928753,0.584824917686643,-0.798182800104503,0.608308322000143
0.641979409513316,-0.579128393893225,-1.15024729971686,5.54892453724897,0.467795275586833,-2.7603848900265,6.89650752725521,1.47151817512067,-2.87551883964398,-3.78849433589765
-2.91910736210265,-1.34097930832585,2.54022404231856,-2.74428341547625,2.06840839240759,0.838043049266465,-1.66337247334244,-0.346005156104822,2.75201296394057,0.93442461429828
0.0900398235442208,2.60054187590239,0.957770025458659,-3.78508204118899,-0.0418005705277873,3.14793786620161,1.42668043075902,-0.66954455451812,-11.5113149637223,-0.693463048514798
1.77985147399232,1.01750257208291,-0.826897938625885,-1.62661835283645,-3.51193464681484,-2.56200461222515,6.09878216604295,-4.31748245617031,-3.6486308410324,-2.72369118252625
1.79359602656283,0.974237804842195,-0.711247819055011,5.05084415390763,0.031735441439128,-2.6686598258062,0.773591138058502,-1.24818657421228,0.751949107611584,-0.13234207387385
0.230609027278724,-12.1464321458724,0.25814612067482,6.17362365040898,0.769876566308972,-3.76767807374244,-0.833736794156314,-5.70772825985173,4.33742082481699,0.5146350772807
0.0756859066925725,-2.66851796360515,0.765895905609898,-13.4074799256945,1.35349334265424,9.56407379024884,4.05319146348872,-5.35663283698258,-3.336880367741,-2.02148700620767
-0.948244287925486,-2.5521679237656,-1.17344734822531,1.12835554290425,-1.64727124489636,1.0801660539078,0.261160509518696,1.81943983444199,-1.19271831504996,-0.664428032788323
1.90297888452272,1.45855095532678,2.9055384631254,-19.3415131703231,-1.54457260968964,14.5114130251588,0.759487101723708,-1.5118441846627,-2.39588161564943,-1.12768895496525
-1.13308851791049,-1.43845043798038,0.672334676670409,2.18574222874836,0.0278068347078613,1.26826705863412,2.52604256988678,-3.11942404532169,-1.83501529361407,-1.01379026388858
-1.94819776092956,-3.3032480625547,0.537950197732842,0.20725085946015,1.95656766110638,5.82234160265087,-1.75581211324225,1.00180462523807,0.753107146156548,2.21603432944092
1.64576896207963,0.485236074584854,1.38438868082637,-2.05221182333,0.472180120915452,0.17374913039973,0.000525695959324775,4.06731213745851,-1.3277549907788,0.649098285804591
-0.0179055161199837,4.74735036693517,-6.51128915093074,-2.98989329312354,1.14591421243904,2.79660922078144,0.97787172912828,6.23293815159707,0.0698361707794616,-0.441102638360744
0.677311818042368,2.7050807764242,-1.30262633072311,-8.30850887880692,0.0941929720426743,8.28106672689921,8.49617339436834,-6.23021486092995,-5.82008106260603,-4.87856468264992
-4.79201929917735,-0.646518901921877,-2.92496036383372,4.103007718917,2.9058286401433,-4.66877154458769,-9.55920102141071,9.47388899389105,19.8455604684467,5.0452284608433
-0.215381693324501,1.18337225235432,-1.54930003883127,-2.767815622884,-2.39480424364755,4.51552756890706,1.9084681637907,0.31927713994069,-2.99789106898241,-0.366167303619394
3.01620581414134,2.34730409180335,-2.04256988027751,-0.476164121765987,0.072288295218792,-1.57016998725141,1.57782385027525,-3.62319517079967,-3.89812655889155,-0.677492297438405
-0.0378354831622582,0.374574872624619,-0.448748700972676,-1.6652063604022,0.349007811671434,-12.9880993505882,-0.461315367395982,2.65134516599646,0.422980928746925,0.696736180609245
-1.16066940598944,-2.6870201375063,-0.859169581281057,8.14121221128591,1.63707030950867,-6.17094868350355,0.101300772152916,-1.63188626236403,2.58032934057282,0.723834349911127
0.175853334244625,1.18009312719978,3.80918427693808,-4.18922866087802,-1.10489281893796,-9.07111903766532,-8.72276166193435,5.24931902216995,3.58101579867689,4.56619436067923
-0.860356176374983,-1.94287837543905,1.13005756631438,-0.304430124685885,3.44684819699169,-0.465201656512788,-12.5247262835175,7.11098617367119,6.79092566943358,8.44034229716736
1.91119706333457,0.34380886889182,1.05338588932445,1.69290474870566,0.0541005120521705,-3.34693581165121,0.0462932569883751,2.34240329537467,-1.52272306593808,-0.341419950146247
-2.33899445908086,0.22809261038083,1.45907296330497,2.87327100724819,2.17500524349249,-6.94229897591801,-6.96307138014543,5.43949238324872,3.58404530669491,2.92492172111398
-1.26231144448835,-1.51105135816988,1.93450029668781,4.56720353044631,1.6108132398065,1.10845360451827,6.53637173577763,-22.3599888746042,3.98908031602235,-3.36182452975821
1.53218585045369,0.575239699855183,8.35658027169616,-1.62030038503572,-0.462428901830093,-1.15358331431176,-0.380091985397348,-7.7721126871558,-1.06398939627724,-0.711894797844681
1.03394045647758,0.34331005453099,-0.309167105469876,3.7389598405234,-1.40113826913764,-2.049816648903,1.06685457619942,-1.23773461381611,-1.12694380578476,-0.126650428792034
0.72677009416575,-0.810146101665853,0.28657813734348,-1.84609583416114,0.282608264276142,2.40184222264927,-0.968973760906472,2.14990943191107,1.32941470747954,-0.195510382447765
-0.732106752293137,-0.910838364842298,2.4470049736383,2.35731341488746,-0.0953550293843913,-0.690436217120373,2.51555701196555,-2.16731565390317,-3.41800317867076,-1.46483034401673
-0.360459153958158,-0.531299540905689,1.84604429829052,1.92198484016664,2.01006295573809,-3.44991823161883,-7.98190419386118,3.76699892192904,3.89451110537173,4.3951404314673
-1.15418370643826,-0.733544576044998,1.7690287924123,1.26092320700244,-2.47214639451254,-2.3325507089545,-4.04299756383226,-0.189267722902594,2.59210398583843,2.89339299053622
2.01047204342707,-0.652577953771961,0.0235273079896379,1.37797424400886,-0.611725514038749,-1.13721965285351,-2.62478796662037,0.839696538412466,2.89554612404555,1.35283884385087
0.84835353780543,0.660866170695397,0.0150547931161278,-1.43729224326893,-2.23083739751153,2.92431274263734,-2.21294920416462,2.34892330602704,2.1644179216197,0.0646147424655417
0.965938058915272,1.25768058725216,0.165725882201714,-11.3498836064907,-1.57679067565751,9.50485726620983,-3.30000417082073,1.72929121938739,2.79369699576309,2.77485774279619
-0.688403247101501,-0.301225428081415,-3.00202222644001,49.2078289993037,-1.17180979658393,-39.5697709208114,-0.777904204974153,5.11882037531997,-3.58566271263607,-0.345829763612251
-1.88508091635905,-1.61659082045192,3.20302237389117,-0.806611609053334,2.36564460796572,-0.391236212825273,-1.77688182764145,-2.70727778953353,1.82445385608247,2.12709869602152
-1.33860271442726,-0.99894043755359,6.59402548839829,-0.995255444953266,2.05384455884583,1.64604711704752,0.404097160536949,-6.79519756541674,-0.380428114934893,-0.318932768963438
-0.323489315880299,0.911549924558122,1.36411165642851,0.538515431777734,-0.970874159272508,-4.3356360255906,-0.11058160583983,1.39822257045427,6.84675685410814,1.42001435349237
-1.32036014793578,-1.71968256052962,0.946110554816028,2.87032450175982,-0.0746449230198657,-2.48228341111781,-1.07886614792771,-0.798309191778328,1.86340943508605,-0.00762439024648065
-0.186333363692886,3.88942649974748,1.26920669170406,-2.90207785588984,2.09538136242637,0.804340639557746,2.26499045490115,-3.18431840293196,-0.559602092863497,-1.18096942939754
-0.00388091567390646,0.94003365108918,-0.763788452498028,1.75282237619068,-0.242077710750302,-0.281445897166737,1.22685064826214,-1.22255944399639,-3.44578629345681,-0.145810473985728
-7.54053757214146,-6.93698255648326,0.0341115594295607,4.65933452325074,4.01624724458471,-3.45449028373845,4.89878720125453,-3.97500049790097,-4.33159536544061,-2.13339755612644
-0.617312612307798,6.37408427346925,2.62809907356959,-5.68401382076879,-0.222088755403807,1.52074325507013,-11.3937694518167,8.73434008654895,7.54737094667062,7.15512551303797
0.731728408129733,2.35455721382906,2.1042190256297,-0.788661869912395,-0.0946282766070027,-0.775018701544607,0.0159447562775442,-3.419563289263,0.417794102132802,0.329315386198921
0.765177823754134,-1.76346555690031,8.95979298391001,-7.36614619936806,-2.60268051414305,23.109245465157,-0.685275522644958,-4.94657697168599,2.07630886583789,2.15331783149803
1.44857861007041,-0.788278832530347,2.00399084869659,2.38438538816774,3.03715990810613,-2.49667658233274,1.41023394870085,-0.0946576682479812,-1.59709480248007,-1.66656363325422
-5.58171510903211,-4.42615900833014,1.45689196517465,0.490165592164248,3.22581316530035,-0.387327797366586,2.36773883808628,-1.77017356366989,-3.49024426674749,-1.42648452447036
0.83197888135307,-1.07124386802706,0.413459735918946,7.06444274027697,0.342954647881234,-7.22700232304468,-0.0248258320229865,1.17519870031572,-11.6558084402823,1.17919628799219
